ts_utc,ghi,ghi_clr
2025-07-01 00:30:00+00:00,7.47,26.98
2025-07-01 01:30:00+00:00,34.35,128.02
2025-07-01 02:30:00+00:00,67.22,283.98
2025-07-01 03:30:00+00:00,143.35,468.02
2025-07-01 04:30:00+00:00,353.42,637.42
2025-07-01 05:30:00+00:00,460.02,759.55
2025-07-01 06:30:00+00:00,603.55,861.92
2025-07-01 07:30:00+00:00,621.25,844.65
2025-07-01 08:30:00+00:00,638.47,773.53
2025-07-01 09:30:00+00:00,512.67,646.12
2025-07-01 10:30:00+00:00,379.0,480.08
2025-07-01 11:30:00+00:00,254.55,307.45
2025-07-01 12:30:00+00:00,111.72,132.12
2025-07-01 13:30:00+00:00,17.88,19.1
2025-07-01 14:30:00+00:00,0.0,0.0
2025-07-01 15:30:00+00:00,0.0,0.0
2025-07-01 16:30:00+00:00,0.0,0.0
2025-07-01 17:30:00+00:00,0.0,0.0
2025-07-01 18:30:00+00:00,0.0,0.0
2025-07-01 19:30:00+00:00,0.0,0.0
2025-07-01 20:30:00+00:00,0.0,0.0
2025-07-01 21:30:00+00:00,0.0,0.0
2025-07-01 22:30:00+00:00,0.0,0.0
2025-07-01 23:30:00+00:00,0.0,0.0
2025-07-02 00:30:00+00:00,33.53,34.3
2025-07-02 01:30:00+00:00,160.07,167.43
2025-07-02 02:30:00+00:00,333.42,346.1
2025-07-02 03:30:00+00:00,487.73,527.08
2025-07-02 04:30:00+00:00,602.0,693.5
2025-07-02 05:30:00+00:00,699.55,805.6
2025-07-02 06:30:00+00:00,806.08,888.03
2025-07-02 07:30:00+00:00,769.3,877.03
2025-07-02 08:30:00+00:00,715.55,805.03
2025-07-02 09:30:00+00:00,571.53,676.55
2025-07-02 10:30:00+00:00,437.85,506.25
2025-07-02 11:30:00+00:00,293.02,324.73
2025-07-02 12:30:00+00:00,125.78,139.0
2025-07-02 13:30:00+00:00,18.02,19.4
2025-07-02 14:30:00+00:00,0.0,0.0
2025-07-02 15:30:00+00:00,0.0,0.0
2025-07-02 16:30:00+00:00,0.0,0.0
2025-07-02 17:30:00+00:00,0.0,0.0
2025-07-02 18:30:00+00:00,0.0,0.0
2025-07-02 19:30:00+00:00,0.0,0.0
2025-07-02 20:30:00+00:00,0.0,0.0
2025-07-02 21:30:00+00:00,0.0,0.0
2025-07-02 22:30:00+00:00,0.0,0.0
2025-07-02 23:30:00+00:00,0.0,0.0
2025-07-03 00:30:00+00:00,31.9,34.45
2025-07-03 01:30:00+00:00,146.35,172.07
2025-07-03 02:30:00+00:00,304.45,362.45
2025-07-03 03:30:00+00:00,452.92,565.85
2025-07-03 04:30:00+00:00,594.28,725.7
2025-07-03 05:30:00+00:00,693.72,821.78
2025-07-03 06:30:00+00:00,786.15,881.17
2025-07-03 07:30:00+00:00,693.05,862.03
2025-07-03 08:30:00+00:00,681.58,798.58
2025-07-03 09:30:00+00:00,553.72,665.7
2025-07-03 10:30:00+00:00,362.8,484.9
2025-07-03 11:30:00+00:00,253.95,316.75
2025-07-03 12:30:00+00:00,112.25,136.62
2025-07-03 13:30:00+00:00,18.3,19.52
2025-07-03 14:30:00+00:00,0.0,0.0
2025-07-03 15:30:00+00:00,0.0,0.0
2025-07-03 16:30:00+00:00,0.0,0.0
2025-07-03 17:30:00+00:00,0.0,0.0
2025-07-03 18:30:00+00:00,0.0,0.0
2025-07-03 19:30:00+00:00,0.0,0.0
2025-07-03 20:30:00+00:00,0.0,0.0
2025-07-03 21:30:00+00:00,0.0,0.0
2025-07-03 22:30:00+00:00,0.0,0.0
2025-07-03 23:30:00+00:00,0.0,0.0
2025-07-04 00:30:00+00:00,30.7,36.22
2025-07-04 01:30:00+00:00,143.25,180.75
2025-07-04 02:30:00+00:00,265.4,363.35
2025-07-04 03:30:00+00:00,528.55,563.12
2025-07-04 04:30:00+00:00,674.12,719.35
2025-07-04 05:30:00+00:00,715.33,825.53
2025-07-04 06:30:00+00:00,642.3,891.0
2025-07-04 07:30:00+00:00,594.75,884.92
2025-07-04 08:30:00+00:00,520.2,816.2
2025-07-04 09:30:00+00:00,427.88,690.05
2025-07-04 10:30:00+00:00,317.55,523.95
2025-07-04 11:30:00+00:00,204.2,340.0
2025-07-04 12:30:00+00:00,104.72,153.95
2025-07-04 13:30:00+00:00,15.07,21.42
2025-07-04 14:30:00+00:00,0.0,0.0
2025-07-04 15:30:00+00:00,0.0,0.0
2025-07-04 16:30:00+00:00,0.0,0.0
2025-07-04 17:30:00+00:00,0.0,0.0
2025-07-04 18:30:00+00:00,0.0,0.0
2025-07-04 19:30:00+00:00,0.0,0.0
2025-07-04 20:30:00+00:00,0.0,0.0
2025-07-04 21:30:00+00:00,0.0,0.0
2025-07-04 22:30:00+00:00,0.0,0.0
2025-07-04 23:30:00+00:00,0.0,0.0
2025-07-05 00:30:00+00:00,26.65,33.65
2025-07-05 01:30:00+00:00,117.1,167.75
2025-07-05 02:30:00+00:00,212.77,350.77
2025-07-05 03:30:00+00:00,360.1,539.95
2025-07-05 04:30:00+00:00,537.83,692.42
2025-07-05 05:30:00+00:00,582.5,801.35
2025-07-05 06:30:00+00:00,468.05,853.22
2025-07-05 07:30:00+00:00,543.8,845.72
2025-07-05 08:30:00+00:00,608.2,778.0
2025-07-05 09:30:00+00:00,499.12,649.8
2025-07-05 10:30:00+00:00,339.17,480.48
2025-07-05 11:30:00+00:00,211.68,305.2
2025-07-05 12:30:00+00:00,91.7,130.43
2025-07-05 13:30:00+00:00,13.1,18.25
2025-07-05 14:30:00+00:00,0.0,0.0
2025-07-05 15:30:00+00:00,0.0,0.0
2025-07-05 16:30:00+00:00,0.0,0.0
2025-07-05 17:30:00+00:00,0.0,0.0
2025-07-05 18:30:00+00:00,0.0,0.0
2025-07-05 19:30:00+00:00,0.0,0.0
2025-07-05 20:30:00+00:00,0.0,0.0
2025-07-05 21:30:00+00:00,0.0,0.0
2025-07-05 22:30:00+00:00,0.0,0.0
2025-07-05 23:30:00+00:00,0.0,0.0
2025-07-06 00:30:00+00:00,17.23,29.1
2025-07-06 01:30:00+00:00,74.5,149.85
2025-07-06 02:30:00+00:00,145.3,324.02
2025-07-06 03:30:00+00:00,265.73,508.17
2025-07-06 04:30:00+00:00,429.73,655.8
2025-07-06 05:30:00+00:00,489.33,770.92
2025-07-06 06:30:00+00:00,534.55,837.7
2025-07-06 07:30:00+00:00,505.23,852.45
2025-07-06 08:30:00+00:00,291.05,778.92
2025-07-06 09:30:00+00:00,115.28,657.72
2025-07-06 10:30:00+00:00,216.45,491.85
2025-07-06 11:30:00+00:00,182.57,304.4
2025-07-06 12:30:00+00:00,85.5,129.7
2025-07-06 13:30:00+00:00,14.35,18.62
2025-07-06 14:30:00+00:00,0.0,0.0
2025-07-06 15:30:00+00:00,0.0,0.0
2025-07-06 16:30:00+00:00,0.0,0.0
2025-07-06 17:30:00+00:00,0.0,0.0
2025-07-06 18:30:00+00:00,0.0,0.0
2025-07-06 19:30:00+00:00,0.0,0.0
2025-07-06 20:30:00+00:00,0.0,0.0
2025-07-06 21:30:00+00:00,0.0,0.0
2025-07-06 22:30:00+00:00,0.0,0.0
2025-07-06 23:30:00+00:00,0.0,0.0
2025-07-07 00:30:00+00:00,4.88,30.4
2025-07-07 01:30:00+00:00,22.17,154.7
2025-07-07 02:30:00+00:00,33.7,327.7
2025-07-07 03:30:00+00:00,130.35,519.1
2025-07-07 04:30:00+00:00,256.7,684.62
2025-07-07 05:30:00+00:00,381.27,812.92
2025-07-07 06:30:00+00:00,537.9,900.0
2025-07-07 07:30:00+00:00,574.5,895.38
2025-07-07 08:30:00+00:00,594.97,823.67
2025-07-07 09:30:00+00:00,534.22,681.38
2025-07-07 10:30:00+00:00,405.48,500.45
2025-07-07 11:30:00+00:00,272.95,310.3
2025-07-07 12:30:00+00:00,127.62,134.6
2025-07-07 13:30:00+00:00,22.2,20.08
2025-07-07 14:30:00+00:00,0.0,0.0
2025-07-07 15:30:00+00:00,0.0,0.0
2025-07-07 16:30:00+00:00,0.0,0.0
2025-07-07 17:30:00+00:00,0.0,0.0
2025-07-07 18:30:00+00:00,0.0,0.0
2025-07-07 19:30:00+00:00,0.0,0.0
2025-07-07 20:30:00+00:00,0.0,0.0
2025-07-07 21:30:00+00:00,0.0,0.0
2025-07-07 22:30:00+00:00,0.0,0.0
2025-07-07 23:30:00+00:00,0.0,0.0
2025-07-08 00:30:00+00:00,29.88,32.62
2025-07-08 01:30:00+00:00,132.3,174.82
2025-07-08 02:30:00+00:00,248.48,363.35
2025-07-08 03:30:00+00:00,454.9,556.65
2025-07-08 04:30:00+00:00,622.88,718.55
2025-07-08 05:30:00+00:00,639.62,842.08
2025-07-08 06:30:00+00:00,737.45,878.2
2025-07-08 07:30:00+00:00,652.35,868.03
2025-07-08 08:30:00+00:00,639.67,795.03
2025-07-08 09:30:00+00:00,546.42,665.35
2025-07-08 10:30:00+00:00,386.62,497.8
2025-07-08 11:30:00+00:00,249.6,315.9
2025-07-08 12:30:00+00:00,103.25,133.95
2025-07-08 13:30:00+00:00,14.85,18.0
2025-07-08 14:30:00+00:00,0.0,0.0
2025-07-08 15:30:00+00:00,0.0,0.0
2025-07-08 16:30:00+00:00,0.0,0.0
2025-07-08 17:30:00+00:00,0.0,0.0
2025-07-08 18:30:00+00:00,0.0,0.0
2025-07-08 19:30:00+00:00,0.0,0.0
2025-07-08 20:30:00+00:00,0.0,0.0
2025-07-08 21:30:00+00:00,0.0,0.0
2025-07-08 22:30:00+00:00,0.0,0.0
2025-07-08 23:30:00+00:00,0.0,0.0
2025-07-09 00:30:00+00:00,21.25,31.77
2025-07-09 01:30:00+00:00,105.85,167.23
2025-07-09 02:30:00+00:00,199.02,352.6
2025-07-09 03:30:00+00:00,310.17,537.65
2025-07-09 04:30:00+00:00,480.92,702.05
2025-07-09 05:30:00+00:00,589.28,827.03
2025-07-09 06:30:00+00:00,637.7,883.5
2025-07-09 07:30:00+00:00,558.8,875.92
2025-07-09 08:30:00+00:00,624.4,803.53
2025-07-09 09:30:00+00:00,467.33,673.22
2025-07-09 10:30:00+00:00,317.8,499.98
2025-07-09 11:30:00+00:00,145.35,312.23
2025-07-09 12:30:00+00:00,44.3,133.07
2025-07-09 13:30:00+00:00,4.07,18.9
2025-07-09 14:30:00+00:00,0.0,0.0
2025-07-09 15:30:00+00:00,0.0,0.0
2025-07-09 16:30:00+00:00,0.0,0.0
2025-07-09 17:30:00+00:00,0.0,0.0
2025-07-09 18:30:00+00:00,0.0,0.0
2025-07-09 19:30:00+00:00,0.0,0.0
2025-07-09 20:30:00+00:00,0.0,0.0
2025-07-09 21:30:00+00:00,0.0,0.0
2025-07-09 22:30:00+00:00,0.0,0.0
2025-07-09 23:30:00+00:00,0.0,0.0
2025-07-10 00:30:00+00:00,13.8,28.27
2025-07-10 01:30:00+00:00,61.12,143.32
2025-07-10 02:30:00+00:00,123.82,303.15
2025-07-10 03:30:00+00:00,169.75,492.88
2025-07-10 04:30:00+00:00,264.1,673.15
2025-07-10 05:30:00+00:00,399.95,802.7
2025-07-10 06:30:00+00:00,364.42,725.95
2025-07-10 07:30:00+00:00,384.5,740.75
2025-07-10 08:30:00+00:00,473.73,645.92
2025-07-10 09:30:00+00:00,294.65,516.42
2025-07-10 10:30:00+00:00,287.95,358.12
2025-07-10 11:30:00+00:00,170.65,210.75
2025-07-10 12:30:00+00:00,80.32,89.43
2025-07-10 13:30:00+00:00,13.18,13.8
2025-07-10 14:30:00+00:00,0.0,0.0
2025-07-10 15:30:00+00:00,0.0,0.0
2025-07-10 16:30:00+00:00,0.0,0.0
2025-07-10 17:30:00+00:00,0.0,0.0
2025-07-10 18:30:00+00:00,0.0,0.0
2025-07-10 19:30:00+00:00,0.0,0.0
2025-07-10 20:30:00+00:00,0.0,0.0
2025-07-10 21:30:00+00:00,0.0,0.0
2025-07-10 22:30:00+00:00,0.0,0.0
2025-07-10 23:30:00+00:00,0.0,0.0
2025-07-11 00:30:00+00:00,24.08,25.6
2025-07-11 01:30:00+00:00,118.82,131.62
2025-07-11 02:30:00+00:00,245.48,277.75
2025-07-11 03:30:00+00:00,389.42,471.55
2025-07-11 04:30:00+00:00,468.77,635.0
2025-07-11 05:30:00+00:00,502.95,751.35
2025-07-11 06:30:00+00:00,594.85,929.4
2025-07-11 07:30:00+00:00,521.17,927.05
2025-07-11 08:30:00+00:00,405.12,851.55
2025-07-11 09:30:00+00:00,438.38,717.12
2025-07-11 10:30:00+00:00,390.48,528.12
2025-07-11 11:30:00+00:00,277.48,341.3
2025-07-11 12:30:00+00:00,127.6,149.1
2025-07-11 13:30:00+00:00,19.02,20.02
2025-07-11 14:30:00+00:00,0.0,0.0
2025-07-11 15:30:00+00:00,0.0,0.0
2025-07-11 16:30:00+00:00,0.0,0.0
2025-07-11 17:30:00+00:00,0.0,0.0
2025-07-11 18:30:00+00:00,0.0,0.0
2025-07-11 19:30:00+00:00,0.0,0.0
2025-07-11 20:30:00+00:00,0.0,0.0
2025-07-11 21:30:00+00:00,0.0,0.0
2025-07-11 22:30:00+00:00,0.0,0.0
2025-07-11 23:30:00+00:00,0.0,0.0
2025-07-12 00:30:00+00:00,29.88,32.5
2025-07-12 01:30:00+00:00,155.15,177.6
2025-07-12 02:30:00+00:00,323.65,362.95
2025-07-12 03:30:00+00:00,468.48,551.95
2025-07-12 04:30:00+00:00,565.58,715.85
2025-07-12 05:30:00+00:00,705.53,832.4
2025-07-12 06:30:00+00:00,739.42,882.95
2025-07-12 07:30:00+00:00,725.5,889.12
2025-07-12 08:30:00+00:00,598.53,831.08
2025-07-12 09:30:00+00:00,423.75,711.62
2025-07-12 10:30:00+00:00,124.38,553.45
2025-07-12 11:30:00+00:00,75.5,357.3
2025-07-12 12:30:00+00:00,33.33,158.62
2025-07-12 13:30:00+00:00,6.15,20.7
2025-07-12 14:30:00+00:00,0.0,0.0
2025-07-12 15:30:00+00:00,0.0,0.0
2025-07-12 16:30:00+00:00,0.0,0.0
2025-07-12 17:30:00+00:00,0.0,0.0
2025-07-12 18:30:00+00:00,0.0,0.0
2025-07-12 19:30:00+00:00,0.0,0.0
2025-07-12 20:30:00+00:00,0.0,0.0
2025-07-12 21:30:00+00:00,0.0,0.0
2025-07-12 22:30:00+00:00,0.0,0.0
2025-07-12 23:30:00+00:00,0.0,0.0
2025-07-13 00:30:00+00:00,22.02,28.55
2025-07-13 01:30:00+00:00,108.93,158.4
2025-07-13 02:30:00+00:00,238.23,334.1
2025-07-13 03:30:00+00:00,366.73,518.78
2025-07-13 04:30:00+00:00,457.5,691.42
2025-07-13 05:30:00+00:00,573.9,792.03
2025-07-13 06:30:00+00:00,662.62,817.5
2025-07-13 07:30:00+00:00,684.8,828.62
2025-07-13 08:30:00+00:00,568.42,767.38
2025-07-13 09:30:00+00:00,482.98,644.72
2025-07-13 10:30:00+00:00,409.02,480.52
2025-07-13 11:30:00+00:00,245.73,307.6
2025-07-13 12:30:00+00:00,109.12,131.88
2025-07-13 13:30:00+00:00,12.27,17.62
2025-07-13 14:30:00+00:00,0.0,0.0
2025-07-13 15:30:00+00:00,0.0,0.0
2025-07-13 16:30:00+00:00,0.0,0.0
2025-07-13 17:30:00+00:00,0.0,0.0
2025-07-13 18:30:00+00:00,0.0,0.0
2025-07-13 19:30:00+00:00,0.0,0.0
2025-07-13 20:30:00+00:00,0.0,0.0
2025-07-13 21:30:00+00:00,0.0,0.0
2025-07-13 22:30:00+00:00,0.0,0.0
2025-07-13 23:30:00+00:00,0.0,0.0
2025-07-14 00:30:00+00:00,15.88,26.58
2025-07-14 01:30:00+00:00,54.67,151.77
2025-07-14 02:30:00+00:00,137.95,340.67
2025-07-14 03:30:00+00:00,276.3,527.5
2025-07-14 04:30:00+00:00,411.17,680.78
2025-07-14 05:30:00+00:00,469.85,805.1
2025-07-14 06:30:00+00:00,591.72,861.88
2025-07-14 07:30:00+00:00,663.67,861.75
2025-07-14 08:30:00+00:00,612.92,779.35
2025-07-14 09:30:00+00:00,513.35,655.53
2025-07-14 10:30:00+00:00,369.4,479.98
2025-07-14 11:30:00+00:00,237.73,304.9
2025-07-14 12:30:00+00:00,106.2,130.62
2025-07-14 13:30:00+00:00,13.8,17.73
2025-07-14 14:30:00+00:00,0.0,0.0
2025-07-14 15:30:00+00:00,0.0,0.0
2025-07-14 16:30:00+00:00,0.0,0.0
2025-07-14 17:30:00+00:00,0.0,0.0
2025-07-14 18:30:00+00:00,0.0,0.0
2025-07-14 19:30:00+00:00,0.0,0.0
2025-07-14 20:30:00+00:00,0.0,0.0
2025-07-14 21:30:00+00:00,0.0,0.0
2025-07-14 22:30:00+00:00,0.0,0.0
2025-07-14 23:30:00+00:00,0.0,0.0
2025-07-15 00:30:00+00:00,26.1,29.95
2025-07-15 01:30:00+00:00,124.1,173.65
2025-07-15 02:30:00+00:00,235.25,369.4
2025-07-15 03:30:00+00:00,420.48,563.97
2025-07-15 04:30:00+00:00,543.62,716.55
2025-07-15 05:30:00+00:00,684.1,821.45
2025-07-15 06:30:00+00:00,761.8,875.42
2025-07-15 07:30:00+00:00,719.75,866.67
2025-07-15 08:30:00+00:00,482.17,799.78
2025-07-15 09:30:00+00:00,407.25,661.05
2025-07-15 10:30:00+00:00,287.58,504.33
2025-07-15 11:30:00+00:00,187.93,322.92
2025-07-15 12:30:00+00:00,84.03,135.35
2025-07-15 13:30:00+00:00,11.6,18.25
2025-07-15 14:30:00+00:00,0.0,0.0
2025-07-15 15:30:00+00:00,0.0,0.0
2025-07-15 16:30:00+00:00,0.0,0.0
2025-07-15 17:30:00+00:00,0.0,0.0
2025-07-15 18:30:00+00:00,0.0,0.0
2025-07-15 19:30:00+00:00,0.0,0.0
2025-07-15 20:30:00+00:00,0.0,0.0
2025-07-15 21:30:00+00:00,0.0,0.0
2025-07-15 22:30:00+00:00,0.0,0.0
2025-07-15 23:30:00+00:00,0.0,0.0
2025-07-16 00:30:00+00:00,23.3,26.27
2025-07-16 01:30:00+00:00,125.32,152.6
2025-07-16 02:30:00+00:00,261.48,337.7
2025-07-16 03:30:00+00:00,339.75,525.92
2025-07-16 04:30:00+00:00,539.22,704.92
2025-07-16 05:30:00+00:00,592.25,808.75
2025-07-16 06:30:00+00:00,672.53,886.72
2025-07-16 07:30:00+00:00,667.2,882.58
2025-07-16 08:30:00+00:00,585.15,809.47
2025-07-16 09:30:00+00:00,471.3,674.85
2025-07-16 10:30:00+00:00,376.65,498.7
2025-07-16 11:30:00+00:00,244.02,314.65
2025-07-16 12:30:00+00:00,102.32,129.8
2025-07-16 13:30:00+00:00,13.45,17.05
2025-07-16 14:30:00+00:00,0.0,0.0
2025-07-16 15:30:00+00:00,0.0,0.0
2025-07-16 16:30:00+00:00,0.0,0.0
2025-07-16 17:30:00+00:00,0.0,0.0
2025-07-16 18:30:00+00:00,0.0,0.0
2025-07-16 19:30:00+00:00,0.0,0.0
2025-07-16 20:30:00+00:00,0.0,0.0
2025-07-16 21:30:00+00:00,0.0,0.0
2025-07-16 22:30:00+00:00,0.0,0.0
2025-07-16 23:30:00+00:00,0.0,0.0
2025-07-17 00:30:00+00:00,15.45,24.92
2025-07-17 01:30:00+00:00,93.95,148.2
2025-07-17 02:30:00+00:00,187.73,323.15
2025-07-17 03:30:00+00:00,264.02,517.12
2025-07-17 04:30:00+00:00,372.23,685.67
2025-07-17 05:30:00+00:00,454.12,827.17
2025-07-17 06:30:00+00:00,485.45,888.12
2025-07-17 07:30:00+00:00,505.67,876.67
2025-07-17 08:30:00+00:00,610.12,804.05
2025-07-17 09:30:00+00:00,568.1,651.67
2025-07-17 10:30:00+00:00,422.27,482.55
2025-07-17 11:30:00+00:00,278.7,312.15
2025-07-17 12:30:00+00:00,115.85,136.32
2025-07-17 13:30:00+00:00,12.82,17.77
2025-07-17 14:30:00+00:00,0.0,0.0
2025-07-17 15:30:00+00:00,0.0,0.0
2025-07-17 16:30:00+00:00,0.0,0.0
2025-07-17 17:30:00+00:00,0.0,0.0
2025-07-17 18:30:00+00:00,0.0,0.0
2025-07-17 19:30:00+00:00,0.0,0.0
2025-07-17 20:30:00+00:00,0.0,0.0
2025-07-17 21:30:00+00:00,0.0,0.0
2025-07-17 22:30:00+00:00,0.0,0.0
2025-07-17 23:30:00+00:00,0.0,0.0
2025-07-18 00:30:00+00:00,24.42,23.77
2025-07-18 01:30:00+00:00,140.7,143.73
2025-07-18 02:30:00+00:00,317.75,328.38
2025-07-18 03:30:00+00:00,493.0,518.12
2025-07-18 04:30:00+00:00,578.83,694.5
2025-07-18 05:30:00+00:00,599.2,822.42
2025-07-18 06:30:00+00:00,519.88,876.92
2025-07-18 07:30:00+00:00,473.55,871.83
2025-07-18 08:30:00+00:00,419.8,801.78
2025-07-18 09:30:00+00:00,362.23,669.0
2025-07-18 10:30:00+00:00,285.92,488.2
2025-07-18 11:30:00+00:00,190.68,310.1
2025-07-18 12:30:00+00:00,83.1,127.47
2025-07-18 13:30:00+00:00,11.0,15.75
2025-07-18 14:30:00+00:00,0.0,0.0
2025-07-18 15:30:00+00:00,0.0,0.0
2025-07-18 16:30:00+00:00,0.0,0.0
2025-07-18 17:30:00+00:00,0.0,0.0
2025-07-18 18:30:00+00:00,0.0,0.0
2025-07-18 19:30:00+00:00,0.0,0.0
2025-07-18 20:30:00+00:00,0.0,0.0
2025-07-18 21:30:00+00:00,0.0,0.0
2025-07-18 22:30:00+00:00,0.0,0.0
2025-07-18 23:30:00+00:00,0.0,0.0
2025-07-19 00:30:00+00:00,23.92,27.45
2025-07-19 01:30:00+00:00,146.05,169.82
2025-07-19 02:30:00+00:00,294.8,355.9
2025-07-19 03:30:00+00:00,467.38,547.22
2025-07-19 04:30:00+00:00,552.12,714.22
2025-07-19 05:30:00+00:00,721.38,833.25
2025-07-19 06:30:00+00:00,789.05,916.42
2025-07-19 07:30:00+00:00,746.08,910.6
2025-07-19 08:30:00+00:00,727.47,838.42
2025-07-19 09:30:00+00:00,613.28,712.47
2025-07-19 10:30:00+00:00,502.88,543.7
2025-07-19 11:30:00+00:00,283.2,346.45
2025-07-19 12:30:00+00:00,119.25,152.75
2025-07-19 13:30:00+00:00,13.02,18.48
2025-07-19 14:30:00+00:00,0.0,0.0
2025-07-19 15:30:00+00:00,0.0,0.0
2025-07-19 16:30:00+00:00,0.0,0.0
2025-07-19 17:30:00+00:00,0.0,0.0
2025-07-19 18:30:00+00:00,0.0,0.0
2025-07-19 19:30:00+00:00,0.0,0.0
2025-07-19 20:30:00+00:00,0.0,0.0
2025-07-19 21:30:00+00:00,0.0,0.0
2025-07-19 22:30:00+00:00,0.0,0.0
2025-07-19 23:30:00+00:00,0.0,0.0
2025-07-20 00:30:00+00:00,25.58,27.1
2025-07-20 01:30:00+00:00,158.55,175.5
2025-07-20 02:30:00+00:00,306.48,370.5
2025-07-20 03:30:00+00:00,480.98,568.47
2025-07-20 04:30:00+00:00,627.95,741.85
2025-07-20 05:30:00+00:00,692.95,859.85
2025-07-20 06:30:00+00:00,677.7,898.33
2025-07-20 07:30:00+00:00,747.38,890.75
2025-07-20 08:30:00+00:00,622.85,818.62
2025-07-20 09:30:00+00:00,567.67,684.38
2025-07-20 10:30:00+00:00,433.17,504.38
2025-07-20 11:30:00+00:00,256.42,304.12
2025-07-20 12:30:00+00:00,112.15,123.7
2025-07-20 13:30:00+00:00,15.57,16.27
2025-07-20 14:30:00+00:00,0.0,0.0
2025-07-20 15:30:00+00:00,0.0,0.0
2025-07-20 16:30:00+00:00,0.0,0.0
2025-07-20 17:30:00+00:00,0.0,0.0
2025-07-20 18:30:00+00:00,0.0,0.0
2025-07-20 19:30:00+00:00,0.0,0.0
2025-07-20 20:30:00+00:00,0.0,0.0
2025-07-20 21:30:00+00:00,0.0,0.0
2025-07-20 22:30:00+00:00,0.0,0.0
2025-07-20 23:30:00+00:00,0.0,0.0
2025-07-21 00:30:00+00:00,8.8,23.55
2025-07-21 01:30:00+00:00,54.95,147.02
2025-07-21 02:30:00+00:00,113.43,317.85
2025-07-21 03:30:00+00:00,173.75,520.47
2025-07-21 04:30:00+00:00,231.73,686.78
2025-07-21 05:30:00+00:00,260.58,808.95
2025-07-21 06:30:00+00:00,250.57,865.8
2025-07-21 07:30:00+00:00,355.95,852.55
2025-07-21 08:30:00+00:00,342.45,763.25
2025-07-21 09:30:00+00:00,405.9,617.85
2025-07-21 10:30:00+00:00,333.95,440.9
2025-07-21 11:30:00+00:00,207.0,269.38
2025-07-21 12:30:00+00:00,89.38,111.68
2025-07-21 13:30:00+00:00,12.48,14.75
2025-07-21 14:30:00+00:00,0.0,0.0
2025-07-21 15:30:00+00:00,0.0,0.0
2025-07-21 16:30:00+00:00,0.0,0.0
2025-07-21 17:30:00+00:00,0.0,0.0
2025-07-21 18:30:00+00:00,0.0,0.0
2025-07-21 19:30:00+00:00,0.0,0.0
2025-07-21 20:30:00+00:00,0.0,0.0
2025-07-21 21:30:00+00:00,0.0,0.0
2025-07-21 22:30:00+00:00,0.0,0.0
2025-07-21 23:30:00+00:00,0.0,0.0
2025-07-22 00:30:00+00:00,14.45,22.23
2025-07-22 01:30:00+00:00,104.62,139.65
2025-07-22 02:30:00+00:00,242.43,315.15
2025-07-22 03:30:00+00:00,404.92,493.4
2025-07-22 04:30:00+00:00,503.23,670.55
2025-07-22 05:30:00+00:00,502.83,794.08
2025-07-22 06:30:00+00:00,482.05,890.8
2025-07-22 07:30:00+00:00,344.75,894.55
2025-07-22 08:30:00+00:00,263.45,824.45
2025-07-22 09:30:00+00:00,407.92,691.58
2025-07-22 10:30:00+00:00,301.42,509.67
2025-07-22 11:30:00+00:00,175.18,310.75
2025-07-22 12:30:00+00:00,74.72,128.48
2025-07-22 13:30:00+00:00,10.52,15.38
2025-07-22 14:30:00+00:00,0.0,0.0
2025-07-22 15:30:00+00:00,0.0,0.0
2025-07-22 16:30:00+00:00,0.0,0.0
2025-07-22 17:30:00+00:00,0.0,0.0
2025-07-22 18:30:00+00:00,0.0,0.0
2025-07-22 19:30:00+00:00,0.0,0.0
2025-07-22 20:30:00+00:00,0.0,0.0
2025-07-22 21:30:00+00:00,0.0,0.0
2025-07-22 22:30:00+00:00,0.0,0.0
2025-07-22 23:30:00+00:00,0.0,0.0
2025-07-23 00:30:00+00:00,8.55,21.67
2025-07-23 01:30:00+00:00,57.67,134.25
2025-07-23 02:30:00+00:00,136.23,300.38
2025-07-23 03:30:00+00:00,200.5,502.48
2025-07-23 04:30:00+00:00,96.88,670.47
2025-07-23 05:30:00+00:00,81.5,791.75
2025-07-23 06:30:00+00:00,133.1,856.67
2025-07-23 07:30:00+00:00,239.0,852.28
2025-07-23 08:30:00+00:00,186.73,780.6
2025-07-23 09:30:00+00:00,315.45,648.17
2025-07-23 10:30:00+00:00,297.2,474.75
2025-07-23 11:30:00+00:00,179.68,289.42
2025-07-23 12:30:00+00:00,73.38,121.5
2025-07-23 13:30:00+00:00,12.82,14.57
2025-07-23 14:30:00+00:00,0.0,0.0
2025-07-23 15:30:00+00:00,0.0,0.0
2025-07-23 16:30:00+00:00,0.0,0.0
2025-07-23 17:30:00+00:00,0.0,0.0
2025-07-23 18:30:00+00:00,0.0,0.0
2025-07-23 19:30:00+00:00,0.0,0.0
2025-07-23 20:30:00+00:00,0.0,0.0
2025-07-23 21:30:00+00:00,0.0,0.0
2025-07-23 22:30:00+00:00,0.0,0.0
2025-07-23 23:30:00+00:00,0.0,0.0
2025-07-24 00:30:00+00:00,17.9,17.88
2025-07-24 01:30:00+00:00,112.85,115.95
2025-07-24 02:30:00+00:00,260.73,273.48
2025-07-24 03:30:00+00:00,403.25,441.23
2025-07-24 04:30:00+00:00,545.17,602.67
2025-07-24 05:30:00+00:00,687.58,730.03
2025-07-24 06:30:00+00:00,857.2,878.83
2025-07-24 07:30:00+00:00,753.12,879.33
2025-07-24 08:30:00+00:00,724.97,808.88
2025-07-24 09:30:00+00:00,595.35,679.05
2025-07-24 10:30:00+00:00,446.75,507.33
2025-07-24 11:30:00+00:00,292.23,320.55
2025-07-24 12:30:00+00:00,118.53,132.6
2025-07-24 13:30:00+00:00,13.9,14.82
2025-07-24 14:30:00+00:00,0.0,0.0
2025-07-24 15:30:00+00:00,0.0,0.0
2025-07-24 16:30:00+00:00,0.0,0.0
2025-07-24 17:30:00+00:00,0.0,0.0
2025-07-24 18:30:00+00:00,0.0,0.0
2025-07-24 19:30:00+00:00,0.0,0.0
2025-07-24 20:30:00+00:00,0.0,0.0
2025-07-24 21:30:00+00:00,0.0,0.0
2025-07-24 22:30:00+00:00,0.0,0.0
2025-07-24 23:30:00+00:00,0.0,0.0
2025-07-25 00:30:00+00:00,20.45,20.05
2025-07-25 01:30:00+00:00,128.48,136.12
2025-07-25 02:30:00+00:00,284.48,308.02
2025-07-25 03:30:00+00:00,429.5,475.45
2025-07-25 04:30:00+00:00,588.9,650.38
2025-07-25 05:30:00+00:00,710.05,787.05
2025-07-25 06:30:00+00:00,815.17,894.4
2025-07-25 07:30:00+00:00,790.75,897.38
2025-07-25 08:30:00+00:00,730.97,826.8
2025-07-25 09:30:00+00:00,622.9,697.95
2025-07-25 10:30:00+00:00,452.55,520.83
2025-07-25 11:30:00+00:00,271.02,321.45
2025-07-25 12:30:00+00:00,121.18,135.73
2025-07-25 13:30:00+00:00,13.5,14.7
2025-07-25 14:30:00+00:00,0.0,0.0
2025-07-25 15:30:00+00:00,0.0,0.0
2025-07-25 16:30:00+00:00,0.0,0.0
2025-07-25 17:30:00+00:00,0.0,0.0
2025-07-25 18:30:00+00:00,0.0,0.0
2025-07-25 19:30:00+00:00,0.0,0.0
2025-07-25 20:30:00+00:00,0.0,0.0
2025-07-25 21:30:00+00:00,0.0,0.0
2025-07-25 22:30:00+00:00,0.0,0.0
2025-07-25 23:30:00+00:00,0.0,0.0
2025-07-26 00:30:00+00:00,16.62,17.38
2025-07-26 01:30:00+00:00,109.68,122.28
2025-07-26 02:30:00+00:00,254.3,297.8
2025-07-26 03:30:00+00:00,388.08,472.58
2025-07-26 04:30:00+00:00,507.1,659.75
2025-07-26 05:30:00+00:00,604.9,794.03
2025-07-26 06:30:00+00:00,784.5,924.05
2025-07-26 07:30:00+00:00,827.38,911.03
2025-07-26 08:30:00+00:00,783.88,836.67
2025-07-26 09:30:00+00:00,645.72,697.95
2025-07-26 10:30:00+00:00,494.23,522.6
2025-07-26 11:30:00+00:00,301.6,330.45
2025-07-26 12:30:00+00:00,134.55,141.15
2025-07-26 13:30:00+00:00,14.23,15.32
2025-07-26 14:30:00+00:00,0.0,0.0
2025-07-26 15:30:00+00:00,0.0,0.0
2025-07-26 16:30:00+00:00,0.0,0.0
2025-07-26 17:30:00+00:00,0.0,0.0
2025-07-26 18:30:00+00:00,0.0,0.0
2025-07-26 19:30:00+00:00,0.0,0.0
2025-07-26 20:30:00+00:00,0.0,0.0
2025-07-26 21:30:00+00:00,0.0,0.0
2025-07-26 22:30:00+00:00,0.0,0.0
2025-07-26 23:30:00+00:00,0.0,0.0
2025-07-27 00:30:00+00:00,17.7,20.92
2025-07-27 01:30:00+00:00,100.4,150.65
2025-07-27 02:30:00+00:00,219.73,340.23
2025-07-27 03:30:00+00:00,314.33,531.72
2025-07-27 04:30:00+00:00,487.08,714.38
2025-07-27 05:30:00+00:00,604.75,831.55
2025-07-27 06:30:00+00:00,632.78,843.38
2025-07-27 07:30:00+00:00,714.42,838.75
2025-07-27 08:30:00+00:00,678.67,765.38
2025-07-27 09:30:00+00:00,582.67,631.85
2025-07-27 10:30:00+00:00,406.1,460.9
2025-07-27 11:30:00+00:00,267.08,288.52
2025-07-27 12:30:00+00:00,110.57,117.6
2025-07-27 13:30:00+00:00,13.12,12.98
2025-07-27 14:30:00+00:00,0.0,0.0
2025-07-27 15:30:00+00:00,0.0,0.0
2025-07-27 16:30:00+00:00,0.0,0.0
2025-07-27 17:30:00+00:00,0.0,0.0
2025-07-27 18:30:00+00:00,0.0,0.0
2025-07-27 19:30:00+00:00,0.0,0.0
2025-07-27 20:30:00+00:00,0.0,0.0
2025-07-27 21:30:00+00:00,0.0,0.0
2025-07-27 22:30:00+00:00,0.0,0.0
2025-07-27 23:30:00+00:00,0.0,0.0
2025-07-28 00:30:00+00:00,13.73,18.73
2025-07-28 01:30:00+00:00,87.1,131.12
2025-07-28 02:30:00+00:00,192.48,301.67
2025-07-28 03:30:00+00:00,329.45,495.3
2025-07-28 04:30:00+00:00,448.05,655.85
2025-07-28 05:30:00+00:00,563.97,800.72
2025-07-28 06:30:00+00:00,658.17,886.28
2025-07-28 07:30:00+00:00,594.9,873.22
2025-07-28 08:30:00+00:00,517.47,800.35
2025-07-28 09:30:00+00:00,387.05,660.92
2025-07-28 10:30:00+00:00,285.62,477.12
2025-07-28 11:30:00+00:00,181.8,295.65
2025-07-28 12:30:00+00:00,74.75,116.45
2025-07-28 13:30:00+00:00,9.85,12.23
2025-07-28 14:30:00+00:00,0.0,0.0
2025-07-28 15:30:00+00:00,0.0,0.0
2025-07-28 16:30:00+00:00,0.0,0.0
2025-07-28 17:30:00+00:00,0.0,0.0
2025-07-28 18:30:00+00:00,0.0,0.0
2025-07-28 19:30:00+00:00,0.0,0.0
2025-07-28 20:30:00+00:00,0.0,0.0
2025-07-28 21:30:00+00:00,0.0,0.0
2025-07-28 22:30:00+00:00,0.0,0.0
2025-07-28 23:30:00+00:00,0.0,0.0
2025-07-29 00:30:00+00:00,12.23,16.9
2025-07-29 01:30:00+00:00,62.3,120.1
2025-07-29 02:30:00+00:00,110.88,280.48
2025-07-29 03:30:00+00:00,125.2,464.3
2025-07-29 04:30:00+00:00,177.23,628.4
2025-07-29 05:30:00+00:00,143.35,754.4
2025-07-29 06:30:00+00:00,175.2,815.17
2025-07-29 07:30:00+00:00,198.57,806.95
2025-07-29 08:30:00+00:00,296.33,726.05
2025-07-29 09:30:00+00:00,386.23,616.38
2025-07-29 10:30:00+00:00,302.17,449.83
2025-07-29 11:30:00+00:00,186.05,270.55
2025-07-29 12:30:00+00:00,83.32,108.43
2025-07-29 13:30:00+00:00,10.02,11.52
2025-07-29 14:30:00+00:00,0.0,0.0
2025-07-29 15:30:00+00:00,0.0,0.0
2025-07-29 16:30:00+00:00,0.0,0.0
2025-07-29 17:30:00+00:00,0.0,0.0
2025-07-29 18:30:00+00:00,0.0,0.0
2025-07-29 19:30:00+00:00,0.0,0.0
2025-07-29 20:30:00+00:00,0.0,0.0
2025-07-29 21:30:00+00:00,0.0,0.0
2025-07-29 22:30:00+00:00,0.0,0.0
2025-07-29 23:30:00+00:00,0.0,0.0
2025-07-30 00:30:00+00:00,9.3,17.52
2025-07-30 01:30:00+00:00,60.72,130.38
2025-07-30 02:30:00+00:00,129.82,309.45
2025-07-30 03:30:00+00:00,215.8,496.75
2025-07-30 04:30:00+00:00,326.48,675.83
2025-07-30 05:30:00+00:00,429.62,811.8
2025-07-30 06:30:00+00:00,502.0,857.58
2025-07-30 07:30:00+00:00,509.62,839.03
2025-07-30 08:30:00+00:00,485.92,749.05
2025-07-30 09:30:00+00:00,338.58,612.4
2025-07-30 10:30:00+00:00,238.38,459.2
2025-07-30 11:30:00+00:00,150.23,278.27
2025-07-30 12:30:00+00:00,68.68,111.88
2025-07-30 13:30:00+00:00,8.3,12.0
2025-07-30 14:30:00+00:00,0.0,0.0
2025-07-30 15:30:00+00:00,0.0,0.0
2025-07-30 16:30:00+00:00,0.0,0.0
2025-07-30 17:30:00+00:00,0.0,0.0
2025-07-30 18:30:00+00:00,0.0,0.0
2025-07-30 19:30:00+00:00,0.0,0.0
2025-07-30 20:30:00+00:00,0.0,0.0
2025-07-30 21:30:00+00:00,0.0,0.0
2025-07-30 22:30:00+00:00,0.0,0.0
2025-07-30 23:30:00+00:00,0.0,0.0
2025-07-31 00:30:00+00:00,7.93,17.8
2025-07-31 01:30:00+00:00,53.92,137.38
2025-07-31 02:30:00+00:00,117.1,324.08
2025-07-31 03:30:00+00:00,191.73,520.7
2025-07-31 04:30:00+00:00,280.42,696.3
2025-07-31 05:30:00+00:00,366.92,817.42
2025-07-31 06:30:00+00:00,376.55,797.35
2025-07-31 07:30:00+00:00,297.6,808.62
2025-07-31 08:30:00+00:00,201.73,751.47
2025-07-31 09:30:00+00:00,245.95,634.55
2025-07-31 10:30:00+00:00,120.68,470.65
2025-07-31 11:30:00+00:00,90.95,283.2
2025-07-31 12:30:00+00:00,52.65,109.25
2025-07-31 13:30:00+00:00,6.38,11.12
2025-07-31 14:30:00+00:00,0.0,0.0
2025-07-31 15:30:00+00:00,0.0,0.0
2025-07-31 16:30:00+00:00,0.0,0.0
2025-07-31 17:30:00+00:00,0.0,0.0
2025-07-31 18:30:00+00:00,0.0,0.0
2025-07-31 19:30:00+00:00,0.0,0.0
2025-07-31 20:30:00+00:00,0.0,0.0
2025-07-31 21:30:00+00:00,0.0,0.0
2025-07-31 22:30:00+00:00,0.0,0.0
2025-07-31 23:30:00+00:00,0.0,0.0
2025-08-01 00:30:00+00:00,8.7,15.95
2025-08-01 01:30:00+00:00,64.03,120.43
2025-08-01 02:30:00+00:00,131.1,276.67
2025-08-01 03:30:00+00:00,217.07,468.48
2025-08-01 04:30:00+00:00,326.12,640.08
2025-08-01 05:30:00+00:00,386.9,767.7
2025-08-01 06:30:00+00:00,502.3,840.08
2025-08-01 07:30:00+00:00,595.05,849.15
2025-08-01 08:30:00+00:00,549.1,787.15
2025-08-01 09:30:00+00:00,378.25,665.58
2025-08-01 10:30:00+00:00,310.83,506.02
2025-08-01 11:30:00+00:00,182.95,310.55
2025-08-01 12:30:00+00:00,76.8,123.4
2025-08-01 13:30:00+00:00,10.32,11.6
2025-08-01 14:30:00+00:00,0.0,0.0
2025-08-01 15:30:00+00:00,0.0,0.0
2025-08-01 16:30:00+00:00,0.0,0.0
2025-08-01 17:30:00+00:00,0.0,0.0
2025-08-01 18:30:00+00:00,0.0,0.0
2025-08-01 19:30:00+00:00,0.0,0.0
2025-08-01 20:30:00+00:00,0.0,0.0
2025-08-01 21:30:00+00:00,0.0,0.0
2025-08-01 22:30:00+00:00,0.0,0.0
2025-08-01 23:30:00+00:00,0.0,0.0
2025-08-02 00:30:00+00:00,14.27,15.75
2025-08-02 01:30:00+00:00,96.53,124.9
2025-08-02 02:30:00+00:00,221.98,304.05
2025-08-02 03:30:00+00:00,328.67,497.95
2025-08-02 04:30:00+00:00,426.33,666.17
2025-08-02 05:30:00+00:00,522.85,788.78
2025-08-02 06:30:00+00:00,629.22,871.17
2025-08-02 07:30:00+00:00,637.15,861.85
2025-08-02 08:30:00+00:00,572.47,802.75
2025-08-02 09:30:00+00:00,510.52,665.85
2025-08-02 10:30:00+00:00,401.33,492.7
2025-08-02 11:30:00+00:00,235.32,296.52
2025-08-02 12:30:00+00:00,101.82,119.75
2025-08-02 13:30:00+00:00,10.18,11.15
2025-08-02 14:30:00+00:00,0.0,0.0
2025-08-02 15:30:00+00:00,0.0,0.0
2025-08-02 16:30:00+00:00,0.0,0.0
2025-08-02 17:30:00+00:00,0.0,0.0
2025-08-02 18:30:00+00:00,0.0,0.0
2025-08-02 19:30:00+00:00,0.0,0.0
2025-08-02 20:30:00+00:00,0.0,0.0
2025-08-02 21:30:00+00:00,0.0,0.0
2025-08-02 22:30:00+00:00,0.0,0.0
2025-08-02 23:30:00+00:00,0.0,0.0
2025-08-03 00:30:00+00:00,7.5,17.08
2025-08-03 01:30:00+00:00,54.1,141.07
2025-08-03 02:30:00+00:00,163.93,336.55
2025-08-03 03:30:00+00:00,272.9,536.8
2025-08-03 04:30:00+00:00,461.12,708.47
2025-08-03 05:30:00+00:00,588.28,823.95
2025-08-03 06:30:00+00:00,563.95,822.7
2025-08-03 07:30:00+00:00,641.65,809.62
2025-08-03 08:30:00+00:00,535.72,731.42
2025-08-03 09:30:00+00:00,485.77,593.5
2025-08-03 10:30:00+00:00,311.35,411.77
2025-08-03 11:30:00+00:00,184.88,245.75
2025-08-03 12:30:00+00:00,78.68,94.68
2025-08-03 13:30:00+00:00,6.8,9.0
2025-08-03 14:30:00+00:00,0.0,0.0
2025-08-03 15:30:00+00:00,0.0,0.0
2025-08-03 16:30:00+00:00,0.0,0.0
2025-08-03 17:30:00+00:00,0.0,0.0
2025-08-03 18:30:00+00:00,0.0,0.0
2025-08-03 19:30:00+00:00,0.0,0.0
2025-08-03 20:30:00+00:00,0.0,0.0
2025-08-03 21:30:00+00:00,0.0,0.0
2025-08-03 22:30:00+00:00,0.0,0.0
2025-08-03 23:30:00+00:00,0.0,0.0
2025-08-04 00:30:00+00:00,1.95,14.45
2025-08-04 01:30:00+00:00,21.38,116.22
2025-08-04 02:30:00+00:00,67.32,288.85
2025-08-04 03:30:00+00:00,154.88,486.7
2025-08-04 04:30:00+00:00,301.02,661.5
2025-08-04 05:30:00+00:00,357.98,787.08
2025-08-04 06:30:00+00:00,380.88,838.9
2025-08-04 07:30:00+00:00,300.92,827.03
2025-08-04 08:30:00+00:00,332.6,744.33
2025-08-04 09:30:00+00:00,262.85,604.05
2025-08-04 10:30:00+00:00,167.93,429.1
2025-08-04 11:30:00+00:00,110.57,250.95
2025-08-04 12:30:00+00:00,54.62,97.53
2025-08-04 13:30:00+00:00,5.4,8.95
2025-08-04 14:30:00+00:00,0.0,0.0
2025-08-04 15:30:00+00:00,0.0,0.0
2025-08-04 16:30:00+00:00,0.0,0.0
2025-08-04 17:30:00+00:00,0.0,0.0
2025-08-04 18:30:00+00:00,0.0,0.0
2025-08-04 19:30:00+00:00,0.0,0.0
2025-08-04 20:30:00+00:00,0.0,0.0
2025-08-04 21:30:00+00:00,0.0,0.0
2025-08-04 22:30:00+00:00,0.0,0.0
2025-08-04 23:30:00+00:00,0.0,0.0
2025-08-05 00:30:00+00:00,8.18,13.55
2025-08-05 01:30:00+00:00,53.62,107.47
2025-08-05 02:30:00+00:00,115.85,259.27
2025-08-05 03:30:00+00:00,196.07,433.7
2025-08-05 04:30:00+00:00,245.0,601.9
2025-08-05 05:30:00+00:00,273.67,724.85
2025-08-05 06:30:00+00:00,322.58,791.25
2025-08-05 07:30:00+00:00,274.25,793.3
2025-08-05 08:30:00+00:00,308.38,726.97
2025-08-05 09:30:00+00:00,264.9,604.92
2025-08-05 10:30:00+00:00,263.33,444.83
2025-08-05 11:30:00+00:00,100.47,263.02
2025-08-05 12:30:00+00:00,45.55,99.47
2025-08-05 13:30:00+00:00,6.32,8.75
2025-08-05 14:30:00+00:00,0.0,0.0
2025-08-05 15:30:00+00:00,0.0,0.0
2025-08-05 16:30:00+00:00,0.0,0.0
2025-08-05 17:30:00+00:00,0.0,0.0
2025-08-05 18:30:00+00:00,0.0,0.0
2025-08-05 19:30:00+00:00,0.0,0.0
2025-08-05 20:30:00+00:00,0.0,0.0
2025-08-05 21:30:00+00:00,0.0,0.0
2025-08-05 22:30:00+00:00,0.0,0.0
2025-08-05 23:30:00+00:00,0.0,0.0
2025-08-06 00:30:00+00:00,8.98,13.0
2025-08-06 01:30:00+00:00,78.65,106.55
2025-08-06 02:30:00+00:00,189.5,264.33
2025-08-06 03:30:00+00:00,332.92,446.35
2025-08-06 04:30:00+00:00,466.0,617.25
2025-08-06 05:30:00+00:00,582.97,745.7
2025-08-06 06:30:00+00:00,723.78,893.95
2025-08-06 07:30:00+00:00,716.1,879.17
2025-08-06 08:30:00+00:00,682.97,808.78
2025-08-06 09:30:00+00:00,512.12,658.53
2025-08-06 10:30:00+00:00,391.12,480.12
2025-08-06 11:30:00+00:00,240.35,290.12
2025-08-06 12:30:00+00:00,89.55,106.8
2025-08-06 13:30:00+00:00,7.95,8.82
2025-08-06 14:30:00+00:00,0.0,0.0
2025-08-06 15:30:00+00:00,0.0,0.0
2025-08-06 16:30:00+00:00,0.0,0.0
2025-08-06 17:30:00+00:00,0.0,0.0
2025-08-06 18:30:00+00:00,0.0,0.0
2025-08-06 19:30:00+00:00,0.0,0.0
2025-08-06 20:30:00+00:00,0.0,0.0
2025-08-06 21:30:00+00:00,0.0,0.0
2025-08-06 22:30:00+00:00,0.0,0.0
2025-08-06 23:30:00+00:00,0.0,0.0
2025-08-07 00:30:00+00:00,13.3,13.55
2025-08-07 01:30:00+00:00,113.25,114.62
2025-08-07 02:30:00+00:00,288.6,291.1
2025-08-07 03:30:00+00:00,465.85,466.48
2025-08-07 04:30:00+00:00,643.53,645.5
2025-08-07 05:30:00+00:00,771.47,775.1
2025-08-07 06:30:00+00:00,892.05,897.6
2025-08-07 07:30:00+00:00,889.7,894.17
2025-08-07 08:30:00+00:00,785.83,818.92
2025-08-07 09:30:00+00:00,664.65,686.12
2025-08-07 10:30:00+00:00,493.15,506.77
2025-08-07 11:30:00+00:00,278.4,302.55
2025-08-07 12:30:00+00:00,106.88,116.22
2025-08-07 13:30:00+00:00,8.7,9.05
2025-08-07 14:30:00+00:00,0.0,0.0
2025-08-07 15:30:00+00:00,0.0,0.0
2025-08-07 16:30:00+00:00,0.0,0.0
2025-08-07 17:30:00+00:00,0.0,0.0
2025-08-07 18:30:00+00:00,0.0,0.0
2025-08-07 19:30:00+00:00,0.0,0.0
2025-08-07 20:30:00+00:00,0.0,0.0
2025-08-07 21:30:00+00:00,0.0,0.0
2025-08-07 22:30:00+00:00,0.0,0.0
2025-08-07 23:30:00+00:00,0.0,0.0
2025-08-08 00:30:00+00:00,13.68,14.27
2025-08-08 01:30:00+00:00,111.57,127.72
2025-08-08 02:30:00+00:00,274.65,316.25
2025-08-08 03:30:00+00:00,414.33,515.97
2025-08-08 04:30:00+00:00,491.65,688.75
2025-08-08 05:30:00+00:00,639.28,803.78
2025-08-08 06:30:00+00:00,698.5,868.03
2025-08-08 07:30:00+00:00,706.65,864.2
2025-08-08 08:30:00+00:00,682.95,791.97
2025-08-08 09:30:00+00:00,516.3,668.6
2025-08-08 10:30:00+00:00,378.6,490.42
2025-08-08 11:30:00+00:00,219.9,289.95
2025-08-08 12:30:00+00:00,89.5,107.8
2025-08-08 13:30:00+00:00,7.3,8.25
2025-08-08 14:30:00+00:00,0.0,0.0
2025-08-08 15:30:00+00:00,0.0,0.0
2025-08-08 16:30:00+00:00,0.0,0.0
2025-08-08 17:30:00+00:00,0.0,0.0
2025-08-08 18:30:00+00:00,0.0,0.0
2025-08-08 19:30:00+00:00,0.0,0.0
2025-08-08 20:30:00+00:00,0.0,0.0
2025-08-08 21:30:00+00:00,0.0,0.0
2025-08-08 22:30:00+00:00,0.0,0.0
2025-08-08 23:30:00+00:00,0.0,0.0
2025-08-09 00:30:00+00:00,3.35,13.12
2025-08-09 01:30:00+00:00,21.9,115.07
2025-08-09 02:30:00+00:00,34.6,288.2
2025-08-09 03:30:00+00:00,37.83,480.1
2025-08-09 04:30:00+00:00,66.15,652.3
2025-08-09 05:30:00+00:00,202.68,774.12
2025-08-09 06:30:00+00:00,276.88,832.17
2025-08-09 07:30:00+00:00,138.6,823.58
2025-08-09 08:30:00+00:00,74.78,755.25
2025-08-09 09:30:00+00:00,41.72,634.53
2025-08-09 10:30:00+00:00,77.95,476.92
2025-08-09 11:30:00+00:00,122.32,283.52
2025-08-09 12:30:00+00:00,50.53,106.7
2025-08-09 13:30:00+00:00,5.18,7.9
2025-08-09 14:30:00+00:00,0.0,0.0
2025-08-09 15:30:00+00:00,0.0,0.0
2025-08-09 16:30:00+00:00,0.0,0.0
2025-08-09 17:30:00+00:00,0.0,0.0
2025-08-09 18:30:00+00:00,0.0,0.0
2025-08-09 19:30:00+00:00,0.0,0.0
2025-08-09 20:30:00+00:00,0.0,0.0
2025-08-09 21:30:00+00:00,0.0,0.0
2025-08-09 22:30:00+00:00,0.0,0.0
2025-08-09 23:30:00+00:00,0.0,0.0
2025-08-10 00:30:00+00:00,8.85,14.1
2025-08-10 01:30:00+00:00,78.35,133.05
2025-08-10 02:30:00+00:00,163.02,318.48
2025-08-10 03:30:00+00:00,321.38,517.28
2025-08-10 04:30:00+00:00,435.45,688.0
2025-08-10 05:30:00+00:00,505.7,809.6
2025-08-10 06:30:00+00:00,594.08,886.2
2025-08-10 07:30:00+00:00,566.25,878.88
2025-08-10 08:30:00+00:00,603.4,801.67
2025-08-10 09:30:00+00:00,403.33,665.65
2025-08-10 10:30:00+00:00,332.38,489.27
2025-08-10 11:30:00+00:00,189.15,287.08
2025-08-10 12:30:00+00:00,76.9,105.93
2025-08-10 13:30:00+00:00,5.57,7.28
2025-08-10 14:30:00+00:00,0.0,0.0
2025-08-10 15:30:00+00:00,0.0,0.0
2025-08-10 16:30:00+00:00,0.0,0.0
2025-08-10 17:30:00+00:00,0.0,0.0
2025-08-10 18:30:00+00:00,0.0,0.0
2025-08-10 19:30:00+00:00,0.0,0.0
2025-08-10 20:30:00+00:00,0.0,0.0
2025-08-10 21:30:00+00:00,0.0,0.0
2025-08-10 22:30:00+00:00,0.0,0.0
2025-08-10 23:30:00+00:00,0.0,0.0
2025-08-11 00:30:00+00:00,11.55,14.05
2025-08-11 01:30:00+00:00,97.05,139.95
2025-08-11 02:30:00+00:00,232.27,339.42
2025-08-11 03:30:00+00:00,384.88,542.78
2025-08-11 04:30:00+00:00,501.75,709.97
2025-08-11 05:30:00+00:00,478.65,837.25
2025-08-11 06:30:00+00:00,332.12,831.92
2025-08-11 07:30:00+00:00,412.65,829.72
2025-08-11 08:30:00+00:00,430.83,758.65
2025-08-11 09:30:00+00:00,362.38,628.5
2025-08-11 10:30:00+00:00,261.3,451.95
2025-08-11 11:30:00+00:00,152.77,258.88
2025-08-11 12:30:00+00:00,62.2,91.85
2025-08-11 13:30:00+00:00,4.3,6.18
2025-08-11 14:30:00+00:00,0.0,0.0
2025-08-11 15:30:00+00:00,0.0,0.0
2025-08-11 16:30:00+00:00,0.0,0.0
2025-08-11 17:30:00+00:00,0.0,0.0
2025-08-11 18:30:00+00:00,0.0,0.0
2025-08-11 19:30:00+00:00,0.0,0.0
2025-08-11 20:30:00+00:00,0.0,0.0
2025-08-11 21:30:00+00:00,0.0,0.0
2025-08-11 22:30:00+00:00,0.0,0.0
2025-08-11 23:30:00+00:00,0.0,0.0
2025-08-12 00:30:00+00:00,6.0,13.1
2025-08-12 01:30:00+00:00,53.67,130.18
2025-08-12 02:30:00+00:00,111.25,325.35
2025-08-12 03:30:00+00:00,168.4,526.35
2025-08-12 04:30:00+00:00,278.62,699.17
2025-08-12 05:30:00+00:00,461.75,822.7
2025-08-12 06:30:00+00:00,559.92,879.42
2025-08-12 07:30:00+00:00,650.78,867.12
2025-08-12 08:30:00+00:00,627.95,794.42
2025-08-12 09:30:00+00:00,498.12,661.85
2025-08-12 10:30:00+00:00,393.08,484.42
2025-08-12 11:30:00+00:00,221.57,284.45
2025-08-12 12:30:00+00:00,94.57,104.03
2025-08-12 13:30:00+00:00,7.25,6.53
2025-08-12 14:30:00+00:00,0.0,0.0
2025-08-12 15:30:00+00:00,0.0,0.0
2025-08-12 16:30:00+00:00,0.0,0.0
2025-08-12 17:30:00+00:00,0.0,0.0
2025-08-12 18:30:00+00:00,0.0,0.0
2025-08-12 19:30:00+00:00,0.0,0.0
2025-08-12 20:30:00+00:00,0.0,0.0
2025-08-12 21:30:00+00:00,0.0,0.0
2025-08-12 22:30:00+00:00,0.0,0.0
2025-08-12 23:30:00+00:00,0.0,0.0
2025-08-13 00:30:00+00:00,11.1,13.23
2025-08-13 01:30:00+00:00,95.2,136.93
2025-08-13 02:30:00+00:00,202.1,335.33
2025-08-13 03:30:00+00:00,318.15,537.83
2025-08-13 04:30:00+00:00,434.83,709.97
2025-08-13 05:30:00+00:00,538.7,832.2
2025-08-13 06:30:00+00:00,547.97,889.17
2025-08-13 07:30:00+00:00,639.55,881.88
2025-08-13 08:30:00+00:00,660.6,803.12
2025-08-13 09:30:00+00:00,538.75,669.5
2025-08-13 10:30:00+00:00,333.83,489.85
2025-08-13 11:30:00+00:00,190.25,286.33
2025-08-13 12:30:00+00:00,78.1,102.82
2025-08-13 13:30:00+00:00,5.78,6.15
2025-08-13 14:30:00+00:00,0.0,0.0
2025-08-13 15:30:00+00:00,0.0,0.0
2025-08-13 16:30:00+00:00,0.0,0.0
2025-08-13 17:30:00+00:00,0.0,0.0
2025-08-13 18:30:00+00:00,0.0,0.0
2025-08-13 19:30:00+00:00,0.0,0.0
2025-08-13 20:30:00+00:00,0.0,0.0
2025-08-13 21:30:00+00:00,0.0,0.0
2025-08-13 22:30:00+00:00,0.0,0.0
2025-08-13 23:30:00+00:00,0.0,0.0
2025-08-14 00:30:00+00:00,3.1,11.62
2025-08-14 01:30:00+00:00,24.95,113.6
2025-08-14 02:30:00+00:00,52.03,288.92
2025-08-14 03:30:00+00:00,84.1,480.1
2025-08-14 04:30:00+00:00,147.7,650.08
2025-08-14 05:30:00+00:00,173.3,770.3
2025-08-14 06:30:00+00:00,199.1,829.83
2025-08-14 07:30:00+00:00,283.98,813.22
2025-08-14 08:30:00+00:00,259.92,730.88
2025-08-14 09:30:00+00:00,238.2,591.88
2025-08-14 10:30:00+00:00,206.4,414.27
2025-08-14 11:30:00+00:00,123.62,229.4
2025-08-14 12:30:00+00:00,47.95,79.45
2025-08-14 13:30:00+00:00,4.38,5.1
2025-08-14 14:30:00+00:00,0.0,0.0
2025-08-14 15:30:00+00:00,0.0,0.0
2025-08-14 16:30:00+00:00,0.0,0.0
2025-08-14 17:30:00+00:00,0.0,0.0
2025-08-14 18:30:00+00:00,0.0,0.0
2025-08-14 19:30:00+00:00,0.0,0.0
2025-08-14 20:30:00+00:00,0.0,0.0
2025-08-14 21:30:00+00:00,0.0,0.0
2025-08-14 22:30:00+00:00,0.0,0.0
2025-08-14 23:30:00+00:00,0.0,0.0
2025-08-15 00:30:00+00:00,9.77,11.35
2025-08-15 01:30:00+00:00,76.43,117.82
2025-08-15 02:30:00+00:00,143.93,302.52
2025-08-15 03:30:00+00:00,183.6,508.0
2025-08-15 04:30:00+00:00,267.15,688.62
2025-08-15 05:30:00+00:00,323.88,808.88
2025-08-15 06:30:00+00:00,335.55,862.1
2025-08-15 07:30:00+00:00,437.5,854.55
2025-08-15 08:30:00+00:00,353.9,781.62
2025-08-15 09:30:00+00:00,336.33,650.05
2025-08-15 10:30:00+00:00,299.38,460.77
2025-08-15 11:30:00+00:00,172.9,268.75
2025-08-15 12:30:00+00:00,70.22,95.2
2025-08-15 13:30:00+00:00,4.8,5.2
2025-08-15 14:30:00+00:00,0.0,0.0
2025-08-15 15:30:00+00:00,0.0,0.0
2025-08-15 16:30:00+00:00,0.0,0.0
2025-08-15 17:30:00+00:00,0.0,0.0
2025-08-15 18:30:00+00:00,0.0,0.0
2025-08-15 19:30:00+00:00,0.0,0.0
2025-08-15 20:30:00+00:00,0.0,0.0
2025-08-15 21:30:00+00:00,0.0,0.0
2025-08-15 22:30:00+00:00,0.0,0.0
2025-08-15 23:30:00+00:00,0.0,0.0
2025-08-16 00:30:00+00:00,8.32,11.9
2025-08-16 01:30:00+00:00,77.2,127.28
2025-08-16 02:30:00+00:00,196.82,317.92
2025-08-16 03:30:00+00:00,321.88,507.25
2025-08-16 04:30:00+00:00,479.15,690.97
2025-08-16 05:30:00+00:00,560.2,806.53
2025-08-16 06:30:00+00:00,590.4,849.4
2025-08-16 07:30:00+00:00,578.55,841.9
2025-08-16 08:30:00+00:00,520.92,763.75
2025-08-16 09:30:00+00:00,439.05,622.95
2025-08-16 10:30:00+00:00,257.02,427.55
2025-08-16 11:30:00+00:00,168.18,241.35
2025-08-16 12:30:00+00:00,64.12,81.38
2025-08-16 13:30:00+00:00,3.8,4.4
2025-08-16 14:30:00+00:00,0.0,0.0
2025-08-16 15:30:00+00:00,0.0,0.0
2025-08-16 16:30:00+00:00,0.0,0.0
2025-08-16 17:30:00+00:00,0.0,0.0
2025-08-16 18:30:00+00:00,0.0,0.0
2025-08-16 19:30:00+00:00,0.0,0.0
2025-08-16 20:30:00+00:00,0.0,0.0
2025-08-16 21:30:00+00:00,0.0,0.0
2025-08-16 22:30:00+00:00,0.0,0.0
2025-08-16 23:30:00+00:00,0.0,0.0
2025-08-17 00:30:00+00:00,9.18,12.48
2025-08-17 01:30:00+00:00,86.9,139.6
2025-08-17 02:30:00+00:00,214.5,344.98
2025-08-17 03:30:00+00:00,335.35,538.97
2025-08-17 04:30:00+00:00,428.75,710.12
2025-08-17 05:30:00+00:00,508.65,847.03
2025-08-17 06:30:00+00:00,480.7,888.53
2025-08-17 07:30:00+00:00,559.58,870.25
2025-08-17 08:30:00+00:00,567.62,796.4
2025-08-17 09:30:00+00:00,338.08,651.8
2025-08-17 10:30:00+00:00,233.25,480.3
2025-08-17 11:30:00+00:00,143.8,277.85
2025-08-17 12:30:00+00:00,59.92,85.95
2025-08-17 13:30:00+00:00,3.47,4.4
2025-08-17 14:30:00+00:00,0.0,0.0
2025-08-17 15:30:00+00:00,0.0,0.0
2025-08-17 16:30:00+00:00,0.0,0.0
2025-08-17 17:30:00+00:00,0.0,0.0
2025-08-17 18:30:00+00:00,0.0,0.0
2025-08-17 19:30:00+00:00,0.0,0.0
2025-08-17 20:30:00+00:00,0.0,0.0
2025-08-17 21:30:00+00:00,0.0,0.0
2025-08-17 22:30:00+00:00,0.0,0.0
2025-08-17 23:30:00+00:00,0.0,0.0
2025-08-18 00:30:00+00:00,9.02,11.93
2025-08-18 01:30:00+00:00,72.35,134.98
2025-08-18 02:30:00+00:00,168.25,334.35
2025-08-18 03:30:00+00:00,281.35,537.2
2025-08-18 04:30:00+00:00,382.5,700.7
2025-08-18 05:30:00+00:00,545.85,827.45
2025-08-18 06:30:00+00:00,746.35,903.4
2025-08-18 07:30:00+00:00,787.75,894.33
2025-08-18 08:30:00+00:00,692.97,818.15
2025-08-18 09:30:00+00:00,620.15,678.88
2025-08-18 10:30:00+00:00,453.35,491.62
2025-08-18 11:30:00+00:00,251.57,288.38
2025-08-18 12:30:00+00:00,86.6,100.53
2025-08-18 13:30:00+00:00,3.7,4.5
2025-08-18 14:30:00+00:00,0.0,0.0
2025-08-18 15:30:00+00:00,0.0,0.0
2025-08-18 16:30:00+00:00,0.0,0.0
2025-08-18 17:30:00+00:00,0.0,0.0
2025-08-18 18:30:00+00:00,0.0,0.0
2025-08-18 19:30:00+00:00,0.0,0.0
2025-08-18 20:30:00+00:00,0.0,0.0
2025-08-18 21:30:00+00:00,0.0,0.0
2025-08-18 22:30:00+00:00,0.0,0.0
2025-08-18 23:30:00+00:00,0.0,0.0
2025-08-19 00:30:00+00:00,10.07,11.2
2025-08-19 01:30:00+00:00,114.18,127.8
2025-08-19 02:30:00+00:00,281.4,303.0
2025-08-19 03:30:00+00:00,432.5,463.05
2025-08-19 04:30:00+00:00,602.35,638.62
2025-08-19 05:30:00+00:00,715.8,752.22
2025-08-19 06:30:00+00:00,778.1,918.8
2025-08-19 07:30:00+00:00,613.35,911.15
2025-08-19 08:30:00+00:00,543.55,832.35
2025-08-19 09:30:00+00:00,453.62,694.33
2025-08-19 10:30:00+00:00,382.58,503.42
2025-08-19 11:30:00+00:00,215.65,290.8
2025-08-19 12:30:00+00:00,79.28,98.65
2025-08-19 13:30:00+00:00,3.8,4.03
2025-08-19 14:30:00+00:00,0.0,0.0
2025-08-19 15:30:00+00:00,0.0,0.0
2025-08-19 16:30:00+00:00,0.0,0.0
2025-08-19 17:30:00+00:00,0.0,0.0
2025-08-19 18:30:00+00:00,0.0,0.0
2025-08-19 19:30:00+00:00,0.0,0.0
2025-08-19 20:30:00+00:00,0.0,0.0
2025-08-19 21:30:00+00:00,0.0,0.0
2025-08-19 22:30:00+00:00,0.0,0.0
2025-08-19 23:30:00+00:00,0.0,0.0
2025-08-20 00:30:00+00:00,9.07,10.48
2025-08-20 01:30:00+00:00,106.3,124.03
2025-08-20 02:30:00+00:00,256.52,314.38
2025-08-20 03:30:00+00:00,434.3,512.83
2025-08-20 04:30:00+00:00,624.72,684.47
2025-08-20 05:30:00+00:00,725.0,798.33
2025-08-20 06:30:00+00:00,810.28,908.97
2025-08-20 07:30:00+00:00,822.83,900.6
2025-08-20 08:30:00+00:00,762.55,825.62
2025-08-20 09:30:00+00:00,678.38,689.38
2025-08-20 10:30:00+00:00,501.5,505.12
2025-08-20 11:30:00+00:00,270.23,294.33
2025-08-20 12:30:00+00:00,87.62,98.75
2025-08-20 13:30:00+00:00,3.1,3.7
2025-08-20 14:30:00+00:00,0.0,0.0
2025-08-20 15:30:00+00:00,0.0,0.0
2025-08-20 16:30:00+00:00,0.0,0.0
2025-08-20 17:30:00+00:00,0.0,0.0
2025-08-20 18:30:00+00:00,0.0,0.0
2025-08-20 19:30:00+00:00,0.0,0.0
2025-08-20 20:30:00+00:00,0.0,0.0
2025-08-20 21:30:00+00:00,0.0,0.0
2025-08-20 22:30:00+00:00,0.0,0.0
2025-08-20 23:30:00+00:00,0.0,0.0
2025-08-21 00:30:00+00:00,8.57,10.68
2025-08-21 01:30:00+00:00,92.25,130.1
2025-08-21 02:30:00+00:00,209.52,315.27
2025-08-21 03:30:00+00:00,433.4,524.15
2025-08-21 04:30:00+00:00,647.62,693.6
2025-08-21 05:30:00+00:00,798.28,819.1
2025-08-21 06:30:00+00:00,820.12,872.5
2025-08-21 07:30:00+00:00,663.53,869.9
2025-08-21 08:30:00+00:00,609.15,798.03
2025-08-21 09:30:00+00:00,467.48,653.9
2025-08-21 10:30:00+00:00,359.35,479.08
2025-08-21 11:30:00+00:00,196.3,276.52
2025-08-21 12:30:00+00:00,67.6,92.2
2025-08-21 13:30:00+00:00,2.47,3.25
2025-08-21 14:30:00+00:00,0.0,0.0
2025-08-21 15:30:00+00:00,0.0,0.0
2025-08-21 16:30:00+00:00,0.0,0.0
2025-08-21 17:30:00+00:00,0.0,0.0
2025-08-21 18:30:00+00:00,0.0,0.0
2025-08-21 19:30:00+00:00,0.0,0.0
2025-08-21 20:30:00+00:00,0.0,0.0
2025-08-21 21:30:00+00:00,0.0,0.0
2025-08-21 22:30:00+00:00,0.0,0.0
2025-08-21 23:30:00+00:00,0.0,0.0
2025-08-22 00:30:00+00:00,10.48,10.62
2025-08-22 01:30:00+00:00,99.4,128.43
2025-08-22 02:30:00+00:00,248.65,325.4
2025-08-22 03:30:00+00:00,411.27,533.72
2025-08-22 04:30:00+00:00,513.75,705.25
2025-08-22 05:30:00+00:00,626.35,836.47
2025-08-22 06:30:00+00:00,668.5,858.3
2025-08-22 07:30:00+00:00,555.05,836.2
2025-08-22 08:30:00+00:00,370.08,768.83
2025-08-22 09:30:00+00:00,304.1,635.53
2025-08-22 10:30:00+00:00,279.67,461.88
2025-08-22 11:30:00+00:00,171.57,259.35
2025-08-22 12:30:00+00:00,64.07,80.62
2025-08-22 13:30:00+00:00,2.53,2.7
2025-08-22 14:30:00+00:00,0.0,0.0
2025-08-22 15:30:00+00:00,0.0,0.0
2025-08-22 16:30:00+00:00,0.0,0.0
2025-08-22 17:30:00+00:00,0.0,0.0
2025-08-22 18:30:00+00:00,0.0,0.0
2025-08-22 19:30:00+00:00,0.0,0.0
2025-08-22 20:30:00+00:00,0.0,0.0
2025-08-22 21:30:00+00:00,0.0,0.0
2025-08-22 22:30:00+00:00,0.0,0.0
2025-08-22 23:30:00+00:00,0.0,0.0
2025-08-23 00:30:00+00:00,7.88,9.12
2025-08-23 01:30:00+00:00,95.8,116.03
2025-08-23 02:30:00+00:00,253.5,319.45
2025-08-23 03:30:00+00:00,415.48,525.05
2025-08-23 04:30:00+00:00,530.8,699.5
2025-08-23 05:30:00+00:00,570.92,833.88
2025-08-23 06:30:00+00:00,604.8,885.0
2025-08-23 07:30:00+00:00,580.85,871.9
2025-08-23 08:30:00+00:00,526.25,787.5
2025-08-23 09:30:00+00:00,376.62,647.47
2025-08-23 10:30:00+00:00,272.15,475.02
2025-08-23 11:30:00+00:00,160.65,273.35
2025-08-23 12:30:00+00:00,58.55,97.75
2025-08-23 13:30:00+00:00,0.0,0.0
2025-08-23 14:30:00+00:00,0.0,0.0
2025-08-23 15:30:00+00:00,0.0,0.0
2025-08-23 16:30:00+00:00,0.0,0.0
2025-08-23 17:30:00+00:00,0.0,0.0
2025-08-23 18:30:00+00:00,0.0,0.0
2025-08-23 19:30:00+00:00,0.0,0.0
2025-08-23 20:30:00+00:00,0.0,0.0
2025-08-23 21:30:00+00:00,0.0,0.0
2025-08-23 22:30:00+00:00,0.0,0.0
2025-08-23 23:30:00+00:00,0.0,0.0
2025-08-24 00:30:00+00:00,9.35,9.52
2025-08-24 01:30:00+00:00,108.07,119.93
2025-08-24 02:30:00+00:00,260.1,301.08
2025-08-24 03:30:00+00:00,417.08,489.8
2025-08-24 04:30:00+00:00,485.35,662.0
2025-08-24 05:30:00+00:00,589.88,795.78
2025-08-24 06:30:00+00:00,712.03,890.12
2025-08-24 07:30:00+00:00,678.3,877.75
2025-08-24 08:30:00+00:00,586.75,792.7
2025-08-24 09:30:00+00:00,407.9,652.38
2025-08-24 10:30:00+00:00,311.38,453.1
2025-08-24 11:30:00+00:00,173.85,255.93
2025-08-24 12:30:00+00:00,64.57,85.4
2025-08-24 13:30:00+00:00,0.0,0.0
2025-08-24 14:30:00+00:00,0.0,0.0
2025-08-24 15:30:00+00:00,0.0,0.0
2025-08-24 16:30:00+00:00,0.0,0.0
2025-08-24 17:30:00+00:00,0.0,0.0
2025-08-24 18:30:00+00:00,0.0,0.0
2025-08-24 19:30:00+00:00,0.0,0.0
2025-08-24 20:30:00+00:00,0.0,0.0
2025-08-24 21:30:00+00:00,0.0,0.0
2025-08-24 22:30:00+00:00,0.0,0.0
2025-08-24 23:30:00+00:00,0.0,0.0
2025-08-25 00:30:00+00:00,4.18,8.45
2025-08-25 01:30:00+00:00,43.03,108.5
2025-08-25 02:30:00+00:00,107.9,298.8
2025-08-25 03:30:00+00:00,181.0,501.9
2025-08-25 04:30:00+00:00,286.83,664.78
2025-08-25 05:30:00+00:00,349.55,796.33
2025-08-25 06:30:00+00:00,388.75,857.62
2025-08-25 07:30:00+00:00,284.67,858.65
2025-08-25 08:30:00+00:00,284.12,788.05
2025-08-25 09:30:00+00:00,168.93,666.47
2025-08-25 10:30:00+00:00,158.2,490.52
2025-08-25 11:30:00+00:00,106.25,281.75
2025-08-25 12:30:00+00:00,35.97,88.3
2025-08-25 13:30:00+00:00,0.0,0.0
2025-08-25 14:30:00+00:00,0.0,0.0
2025-08-25 15:30:00+00:00,0.0,0.0
2025-08-25 16:30:00+00:00,0.0,0.0
2025-08-25 17:30:00+00:00,0.0,0.0
2025-08-25 18:30:00+00:00,0.0,0.0
2025-08-25 19:30:00+00:00,0.0,0.0
2025-08-25 20:30:00+00:00,0.0,0.0
2025-08-25 21:30:00+00:00,0.0,0.0
2025-08-25 22:30:00+00:00,0.0,0.0
2025-08-25 23:30:00+00:00,0.0,0.0
2025-08-26 00:30:00+00:00,7.05,8.5
2025-08-26 01:30:00+00:00,70.28,111.6
2025-08-26 02:30:00+00:00,153.32,295.15
2025-08-26 03:30:00+00:00,193.0,507.08
2025-08-26 04:30:00+00:00,355.85,695.88
2025-08-26 05:30:00+00:00,442.45,800.53
2025-08-26 06:30:00+00:00,520.4,872.25
2025-08-26 07:30:00+00:00,582.05,872.75
2025-08-26 08:30:00+00:00,484.98,796.05
2025-08-26 09:30:00+00:00,421.4,662.85
2025-08-26 10:30:00+00:00,258.88,481.08
2025-08-26 11:30:00+00:00,136.3,272.95
2025-08-26 12:30:00+00:00,43.97,88.1
2025-08-26 13:30:00+00:00,0.0,0.0
2025-08-26 14:30:00+00:00,0.0,0.0
2025-08-26 15:30:00+00:00,0.0,0.0
2025-08-26 16:30:00+00:00,0.0,0.0
2025-08-26 17:30:00+00:00,0.0,0.0
2025-08-26 18:30:00+00:00,0.0,0.0
2025-08-26 19:30:00+00:00,0.0,0.0
2025-08-26 20:30:00+00:00,0.0,0.0
2025-08-26 21:30:00+00:00,0.0,0.0
2025-08-26 22:30:00+00:00,0.0,0.0
2025-08-26 23:30:00+00:00,0.0,0.0
2025-08-27 00:30:00+00:00,7.32,8.68
2025-08-27 01:30:00+00:00,89.72,123.97
2025-08-27 02:30:00+00:00,184.88,306.67
2025-08-27 03:30:00+00:00,318.92,521.3
2025-08-27 04:30:00+00:00,445.77,672.2
2025-08-27 05:30:00+00:00,539.08,800.1
2025-08-27 06:30:00+00:00,462.12,830.85
2025-08-27 07:30:00+00:00,494.25,840.12
2025-08-27 08:30:00+00:00,409.17,774.88
2025-08-27 09:30:00+00:00,346.62,648.95
2025-08-27 10:30:00+00:00,301.48,464.4
2025-08-27 11:30:00+00:00,156.35,253.88
2025-08-27 12:30:00+00:00,55.35,77.82
2025-08-27 13:30:00+00:00,0.0,0.0
2025-08-27 14:30:00+00:00,0.0,0.0
2025-08-27 15:30:00+00:00,0.0,0.0
2025-08-27 16:30:00+00:00,0.0,0.0
2025-08-27 17:30:00+00:00,0.0,0.0
2025-08-27 18:30:00+00:00,0.0,0.0
2025-08-27 19:30:00+00:00,0.0,0.0
2025-08-27 20:30:00+00:00,0.0,0.0
2025-08-27 21:30:00+00:00,0.0,0.0
2025-08-27 22:30:00+00:00,0.0,0.0
2025-08-27 23:30:00+00:00,0.0,0.0
2025-08-28 00:30:00+00:00,7.7,7.6
2025-08-28 01:30:00+00:00,90.8,107.7
2025-08-28 02:30:00+00:00,214.55,283.25
2025-08-28 03:30:00+00:00,352.65,474.7
2025-08-28 04:30:00+00:00,509.5,660.47
2025-08-28 05:30:00+00:00,622.05,790.88
2025-08-28 06:30:00+00:00,562.0,731.58
2025-08-28 07:30:00+00:00,577.72,731.08
2025-08-28 08:30:00+00:00,503.23,675.6
2025-08-28 09:30:00+00:00,383.38,542.53
2025-08-28 10:30:00+00:00,242.6,365.23
2025-08-28 11:30:00+00:00,140.48,194.27
2025-08-28 12:30:00+00:00,45.88,56.5
2025-08-28 13:30:00+00:00,0.0,0.0
2025-08-28 14:30:00+00:00,0.0,0.0
2025-08-28 15:30:00+00:00,0.0,0.0
2025-08-28 16:30:00+00:00,0.0,0.0
2025-08-28 17:30:00+00:00,0.0,0.0
2025-08-28 18:30:00+00:00,0.0,0.0
2025-08-28 19:30:00+00:00,0.0,0.0
2025-08-28 20:30:00+00:00,0.0,0.0
2025-08-28 21:30:00+00:00,0.0,0.0
2025-08-28 22:30:00+00:00,0.0,0.0
2025-08-28 23:30:00+00:00,0.0,0.0
2025-08-29 00:30:00+00:00,5.4,7.43
2025-08-29 01:30:00+00:00,46.55,103.8
2025-08-29 02:30:00+00:00,104.0,277.17
2025-08-29 03:30:00+00:00,160.9,467.15
2025-08-29 04:30:00+00:00,164.93,631.95
2025-08-29 05:30:00+00:00,178.57,755.97
2025-08-29 06:30:00+00:00,276.77,825.83
2025-08-29 07:30:00+00:00,307.92,819.3
2025-08-29 08:30:00+00:00,205.38,740.45
2025-08-29 09:30:00+00:00,320.65,608.47
2025-08-29 10:30:00+00:00,277.1,424.73
2025-08-29 11:30:00+00:00,143.15,228.23
2025-08-29 12:30:00+00:00,45.75,63.88
2025-08-29 13:30:00+00:00,0.0,0.0
2025-08-29 14:30:00+00:00,0.0,0.0
2025-08-29 15:30:00+00:00,0.0,0.0
2025-08-29 16:30:00+00:00,0.0,0.0
2025-08-29 17:30:00+00:00,0.0,0.0
2025-08-29 18:30:00+00:00,0.0,0.0
2025-08-29 19:30:00+00:00,0.0,0.0
2025-08-29 20:30:00+00:00,0.0,0.0
2025-08-29 21:30:00+00:00,0.0,0.0
2025-08-29 22:30:00+00:00,0.0,0.0
2025-08-29 23:30:00+00:00,0.0,0.0
2025-08-30 00:30:00+00:00,6.18,7.22
2025-08-30 01:30:00+00:00,84.12,99.75
2025-08-30 02:30:00+00:00,221.98,264.35
2025-08-30 03:30:00+00:00,389.77,442.85
2025-08-30 04:30:00+00:00,468.83,617.2
2025-08-30 05:30:00+00:00,594.1,733.53
2025-08-30 06:30:00+00:00,740.88,850.3
2025-08-30 07:30:00+00:00,613.2,833.33
2025-08-30 08:30:00+00:00,561.17,744.5
2025-08-30 09:30:00+00:00,471.45,601.47
2025-08-30 10:30:00+00:00,371.62,408.25
2025-08-30 11:30:00+00:00,204.23,220.12
2025-08-30 12:30:00+00:00,57.25,59.45
2025-08-30 13:30:00+00:00,0.0,0.0
2025-08-30 14:30:00+00:00,0.0,0.0
2025-08-30 15:30:00+00:00,0.0,0.0
2025-08-30 16:30:00+00:00,0.0,0.0
2025-08-30 17:30:00+00:00,0.0,0.0
2025-08-30 18:30:00+00:00,0.0,0.0
2025-08-30 19:30:00+00:00,0.0,0.0
2025-08-30 20:30:00+00:00,0.0,0.0
2025-08-30 21:30:00+00:00,0.0,0.0
2025-08-30 22:30:00+00:00,0.0,0.0
2025-08-30 23:30:00+00:00,0.0,0.0
2025-08-31 00:30:00+00:00,3.83,6.47
2025-08-31 01:30:00+00:00,41.03,93.85
2025-08-31 02:30:00+00:00,77.88,245.52
2025-08-31 03:30:00+00:00,142.2,426.42
2025-08-31 04:30:00+00:00,138.43,592.83
2025-08-31 05:30:00+00:00,144.9,716.75
2025-08-31 06:30:00+00:00,228.05,773.12
2025-08-31 07:30:00+00:00,228.52,761.45
2025-08-31 08:30:00+00:00,339.9,683.55
2025-08-31 09:30:00+00:00,134.4,549.17
2025-08-31 10:30:00+00:00,216.52,376.2
2025-08-31 11:30:00+00:00,106.2,198.73
2025-08-31 12:30:00+00:00,27.05,54.35
2025-08-31 13:30:00+00:00,0.0,0.0
2025-08-31 14:30:00+00:00,0.0,0.0
2025-08-31 15:30:00+00:00,0.0,0.0
2025-08-31 16:30:00+00:00,0.0,0.0
2025-08-31 17:30:00+00:00,0.0,0.0
2025-08-31 18:30:00+00:00,0.0,0.0
2025-08-31 19:30:00+00:00,0.0,0.0
2025-08-31 20:30:00+00:00,0.0,0.0
2025-08-31 21:30:00+00:00,0.0,0.0
2025-08-31 22:30:00+00:00,0.0,0.0
2025-08-31 23:30:00+00:00,0.0,0.0
2025-09-01 00:30:00+00:00,2.9,7.07
2025-09-01 01:30:00+00:00,40.25,109.43
2025-09-01 02:30:00+00:00,105.68,301.38
2025-09-01 03:30:00+00:00,187.3,503.9
2025-09-01 04:30:00+00:00,319.12,676.35
2025-09-01 05:30:00+00:00,372.5,798.2
2025-09-01 06:30:00+00:00,407.67,851.9
2025-09-01 07:30:00+00:00,354.77,827.9
2025-09-01 08:30:00+00:00,211.32,734.1
2025-09-01 09:30:00+00:00,119.18,589.88
2025-09-01 10:30:00+00:00,84.72,398.83
2025-09-01 11:30:00+00:00,43.55,205.98
2025-09-01 12:30:00+00:00,13.85,52.15
2025-09-01 13:30:00+00:00,0.0,0.0
2025-09-01 14:30:00+00:00,0.0,0.0
2025-09-01 15:30:00+00:00,0.0,0.0
2025-09-01 16:30:00+00:00,0.0,0.0
2025-09-01 17:30:00+00:00,0.0,0.0
2025-09-01 18:30:00+00:00,0.0,0.0
2025-09-01 19:30:00+00:00,0.0,0.0
2025-09-01 20:30:00+00:00,0.0,0.0
2025-09-01 21:30:00+00:00,0.0,0.0
2025-09-01 22:30:00+00:00,0.0,0.0
2025-09-01 23:30:00+00:00,0.0,0.0
2025-09-02 00:30:00+00:00,3.45,5.57
2025-09-02 01:30:00+00:00,45.15,85.82
2025-09-02 02:30:00+00:00,119.9,238.3
2025-09-02 03:30:00+00:00,242.52,441.92
2025-09-02 04:30:00+00:00,305.85,622.5
2025-09-02 05:30:00+00:00,333.17,746.65
2025-09-02 06:30:00+00:00,363.7,803.55
2025-09-02 07:30:00+00:00,297.17,790.42
2025-09-02 08:30:00+00:00,202.3,707.97
2025-09-02 09:30:00+00:00,104.85,569.58
2025-09-02 10:30:00+00:00,94.7,394.23
2025-09-02 11:30:00+00:00,44.45,206.93
2025-09-02 12:30:00+00:00,13.6,54.15
2025-09-02 13:30:00+00:00,0.0,0.0
2025-09-02 14:30:00+00:00,0.0,0.0
2025-09-02 15:30:00+00:00,0.0,0.0
2025-09-02 16:30:00+00:00,0.0,0.0
2025-09-02 17:30:00+00:00,0.0,0.0
2025-09-02 18:30:00+00:00,0.0,0.0
2025-09-02 19:30:00+00:00,0.0,0.0
2025-09-02 20:30:00+00:00,0.0,0.0
2025-09-02 21:30:00+00:00,0.0,0.0
2025-09-02 22:30:00+00:00,0.0,0.0
2025-09-02 23:30:00+00:00,0.0,0.0
2025-09-03 00:30:00+00:00,3.6,5.9
2025-09-03 01:30:00+00:00,65.28,97.05
2025-09-03 02:30:00+00:00,180.23,269.48
2025-09-03 03:30:00+00:00,330.88,449.48
2025-09-03 04:30:00+00:00,434.4,635.17
2025-09-03 05:30:00+00:00,591.72,756.28
2025-09-03 06:30:00+00:00,569.15,830.8
2025-09-03 07:30:00+00:00,383.4,814.53
2025-09-03 08:30:00+00:00,117.7,745.2
2025-09-03 09:30:00+00:00,41.17,603.55
2025-09-03 10:30:00+00:00,44.75,425.52
2025-09-03 11:30:00+00:00,28.75,224.25
2025-09-03 12:30:00+00:00,8.38,55.38
2025-09-03 13:30:00+00:00,0.0,0.0
2025-09-03 14:30:00+00:00,0.0,0.0
2025-09-03 15:30:00+00:00,0.0,0.0
2025-09-03 16:30:00+00:00,0.0,0.0
2025-09-03 17:30:00+00:00,0.0,0.0
2025-09-03 18:30:00+00:00,0.0,0.0
2025-09-03 19:30:00+00:00,0.0,0.0
2025-09-03 20:30:00+00:00,0.0,0.0
2025-09-03 21:30:00+00:00,0.0,0.0
2025-09-03 22:30:00+00:00,0.0,0.0
2025-09-03 23:30:00+00:00,0.0,0.0
2025-09-04 00:30:00+00:00,4.93,6.28
2025-09-04 01:30:00+00:00,100.12,108.93
2025-09-04 02:30:00+00:00,250.4,288.88
2025-09-04 03:30:00+00:00,458.02,506.08
2025-09-04 04:30:00+00:00,652.2,676.38
2025-09-04 05:30:00+00:00,783.75,796.33
2025-09-04 06:30:00+00:00,838.65,859.42
2025-09-04 07:30:00+00:00,618.88,841.62
2025-09-04 08:30:00+00:00,535.83,753.5
2025-09-04 09:30:00+00:00,399.1,605.12
2025-09-04 10:30:00+00:00,254.73,411.52
2025-09-04 11:30:00+00:00,142.4,219.0
2025-09-04 12:30:00+00:00,34.33,51.38
2025-09-04 13:30:00+00:00,0.0,0.0
2025-09-04 14:30:00+00:00,0.0,0.0
2025-09-04 15:30:00+00:00,0.0,0.0
2025-09-04 16:30:00+00:00,0.0,0.0
2025-09-04 17:30:00+00:00,0.0,0.0
2025-09-04 18:30:00+00:00,0.0,0.0
2025-09-04 19:30:00+00:00,0.0,0.0
2025-09-04 20:30:00+00:00,0.0,0.0
2025-09-04 21:30:00+00:00,0.0,0.0
2025-09-04 22:30:00+00:00,0.0,0.0
2025-09-04 23:30:00+00:00,0.0,0.0
2025-09-05 00:30:00+00:00,5.85,5.88
2025-09-05 01:30:00+00:00,87.82,105.43
2025-09-05 02:30:00+00:00,202.3,293.48
2025-09-05 03:30:00+00:00,334.08,496.27
2025-09-05 04:30:00+00:00,492.85,666.38
2025-09-05 05:30:00+00:00,592.53,781.67
2025-09-05 06:30:00+00:00,626.88,835.45
2025-09-05 07:30:00+00:00,614.17,814.55
2025-09-05 08:30:00+00:00,439.67,724.55
2025-09-05 09:30:00+00:00,341.7,585.65
2025-09-05 10:30:00+00:00,223.77,406.9
2025-09-05 11:30:00+00:00,125.18,212.4
2025-09-05 12:30:00+00:00,30.15,49.97
2025-09-05 13:30:00+00:00,0.0,0.0
2025-09-05 14:30:00+00:00,0.0,0.0
2025-09-05 15:30:00+00:00,0.0,0.0
2025-09-05 16:30:00+00:00,0.0,0.0
2025-09-05 17:30:00+00:00,0.0,0.0
2025-09-05 18:30:00+00:00,0.0,0.0
2025-09-05 19:30:00+00:00,0.0,0.0
2025-09-05 20:30:00+00:00,0.0,0.0
2025-09-05 21:30:00+00:00,0.0,0.0
2025-09-05 22:30:00+00:00,0.0,0.0
2025-09-05 23:30:00+00:00,0.0,0.0
2025-09-06 00:30:00+00:00,5.32,5.75
2025-09-06 01:30:00+00:00,84.4,101.6
2025-09-06 02:30:00+00:00,204.55,287.08
2025-09-06 03:30:00+00:00,371.15,497.88
2025-09-06 04:30:00+00:00,505.0,673.7
2025-09-06 05:30:00+00:00,641.78,798.55
2025-09-06 06:30:00+00:00,609.33,845.83
2025-09-06 07:30:00+00:00,647.1,835.12
2025-09-06 08:30:00+00:00,593.97,755.03
2025-09-06 09:30:00+00:00,488.2,615.53
2025-09-06 10:30:00+00:00,332.02,429.7
2025-09-06 11:30:00+00:00,174.68,227.05
2025-09-06 12:30:00+00:00,45.6,50.67
2025-09-06 13:30:00+00:00,0.0,0.0
2025-09-06 14:30:00+00:00,0.0,0.0
2025-09-06 15:30:00+00:00,0.0,0.0
2025-09-06 16:30:00+00:00,0.0,0.0
2025-09-06 17:30:00+00:00,0.0,0.0
2025-09-06 18:30:00+00:00,0.0,0.0
2025-09-06 19:30:00+00:00,0.0,0.0
2025-09-06 20:30:00+00:00,0.0,0.0
2025-09-06 21:30:00+00:00,0.0,0.0
2025-09-06 22:30:00+00:00,0.0,0.0
2025-09-06 23:30:00+00:00,0.0,0.0
2025-09-07 00:30:00+00:00,5.82,6.05
2025-09-07 01:30:00+00:00,103.4,114.32
2025-09-07 02:30:00+00:00,253.52,305.67
2025-09-07 03:30:00+00:00,450.23,517.38
2025-09-07 04:30:00+00:00,616.58,688.75
2025-09-07 05:30:00+00:00,726.12,804.47
2025-09-07 06:30:00+00:00,615.3,844.5
2025-09-07 07:30:00+00:00,571.72,819.85
2025-09-07 08:30:00+00:00,381.75,739.38
2025-09-07 09:30:00+00:00,172.77,592.75
2025-09-07 10:30:00+00:00,138.65,405.45
2025-09-07 11:30:00+00:00,81.18,204.93
2025-09-07 12:30:00+00:00,19.3,43.28
2025-09-07 13:30:00+00:00,0.0,0.0
2025-09-07 14:30:00+00:00,0.0,0.0
2025-09-07 15:30:00+00:00,0.0,0.0
2025-09-07 16:30:00+00:00,0.0,0.0
2025-09-07 17:30:00+00:00,0.0,0.0
2025-09-07 18:30:00+00:00,0.0,0.0
2025-09-07 19:30:00+00:00,0.0,0.0
2025-09-07 20:30:00+00:00,0.0,0.0
2025-09-07 21:30:00+00:00,0.0,0.0
2025-09-07 22:30:00+00:00,0.0,0.0
2025-09-07 23:30:00+00:00,0.0,0.0
2025-09-08 00:30:00+00:00,5.18,5.3
2025-09-08 01:30:00+00:00,96.25,104.47
2025-09-08 02:30:00+00:00,258.02,297.4
2025-09-08 03:30:00+00:00,473.33,502.62
2025-09-08 04:30:00+00:00,655.65,675.28
2025-09-08 05:30:00+00:00,684.17,794.3
2025-09-08 06:30:00+00:00,737.55,864.4
2025-09-08 07:30:00+00:00,727.78,852.15
2025-09-08 08:30:00+00:00,658.6,771.78
2025-09-08 09:30:00+00:00,481.25,629.83
2025-09-08 10:30:00+00:00,345.7,443.92
2025-09-08 11:30:00+00:00,165.73,233.4
2025-09-08 12:30:00+00:00,31.52,49.12
2025-09-08 13:30:00+00:00,0.0,0.0
2025-09-08 14:30:00+00:00,0.0,0.0
2025-09-08 15:30:00+00:00,0.0,0.0
2025-09-08 16:30:00+00:00,0.0,0.0
2025-09-08 17:30:00+00:00,0.0,0.0
2025-09-08 18:30:00+00:00,0.0,0.0
2025-09-08 19:30:00+00:00,0.0,0.0
2025-09-08 20:30:00+00:00,0.0,0.0
2025-09-08 21:30:00+00:00,0.0,0.0
2025-09-08 22:30:00+00:00,0.0,0.0
2025-09-08 23:30:00+00:00,0.0,0.0
2025-09-09 00:30:00+00:00,5.3,5.3
2025-09-09 01:30:00+00:00,112.03,112.85
2025-09-09 02:30:00+00:00,307.15,315.05
2025-09-09 03:30:00+00:00,514.67,521.38
2025-09-09 04:30:00+00:00,664.7,693.78
2025-09-09 05:30:00+00:00,788.47,813.05
2025-09-09 06:30:00+00:00,731.83,851.9
2025-09-09 07:30:00+00:00,743.28,836.75
2025-09-09 08:30:00+00:00,652.4,752.47
2025-09-09 09:30:00+00:00,574.7,607.38
2025-09-09 10:30:00+00:00,411.25,412.7
2025-09-09 11:30:00+00:00,207.27,209.65
2025-09-09 12:30:00+00:00,41.88,41.97
2025-09-09 13:30:00+00:00,0.0,0.0
2025-09-09 14:30:00+00:00,0.0,0.0
2025-09-09 15:30:00+00:00,0.0,0.0
2025-09-09 16:30:00+00:00,0.0,0.0
2025-09-09 17:30:00+00:00,0.0,0.0
2025-09-09 18:30:00+00:00,0.0,0.0
2025-09-09 19:30:00+00:00,0.0,0.0
2025-09-09 20:30:00+00:00,0.0,0.0
2025-09-09 21:30:00+00:00,0.0,0.0
2025-09-09 22:30:00+00:00,0.0,0.0
2025-09-09 23:30:00+00:00,0.0,0.0
2025-09-10 00:30:00+00:00,5.1,5.12
2025-09-10 01:30:00+00:00,98.0,108.45
2025-09-10 02:30:00+00:00,262.17,306.62
2025-09-10 03:30:00+00:00,465.05,511.9
2025-09-10 04:30:00+00:00,621.65,683.2
2025-09-10 05:30:00+00:00,756.95,800.8
2025-09-10 06:30:00+00:00,823.88,843.75
2025-09-10 07:30:00+00:00,778.1,829.58
2025-09-10 08:30:00+00:00,695.38,745.3
2025-09-10 09:30:00+00:00,567.67,602.03
2025-09-10 10:30:00+00:00,403.38,414.52
2025-09-10 11:30:00+00:00,200.98,207.88
2025-09-10 12:30:00+00:00,40.05,40.88
2025-09-10 13:30:00+00:00,0.0,0.0
2025-09-10 14:30:00+00:00,0.0,0.0
2025-09-10 15:30:00+00:00,0.0,0.0
2025-09-10 16:30:00+00:00,0.0,0.0
2025-09-10 17:30:00+00:00,0.0,0.0
2025-09-10 18:30:00+00:00,0.0,0.0
2025-09-10 19:30:00+00:00,0.0,0.0
2025-09-10 20:30:00+00:00,0.0,0.0
2025-09-10 21:30:00+00:00,0.0,0.0
2025-09-10 22:30:00+00:00,0.0,0.0
2025-09-10 23:30:00+00:00,0.0,0.0
2025-09-11 00:30:00+00:00,5.12,5.2
2025-09-11 01:30:00+00:00,109.28,113.9
2025-09-11 02:30:00+00:00,305.5,318.02
2025-09-11 03:30:00+00:00,519.8,524.67
2025-09-11 04:30:00+00:00,694.1,695.17
2025-09-11 05:30:00+00:00,796.85,813.03
2025-09-11 06:30:00+00:00,816.42,851.08
2025-09-11 07:30:00+00:00,767.58,835.22
2025-09-11 08:30:00+00:00,644.67,749.38
2025-09-11 09:30:00+00:00,504.1,604.5
2025-09-11 10:30:00+00:00,345.42,416.12
2025-09-11 11:30:00+00:00,179.9,210.73
2025-09-11 12:30:00+00:00,37.15,40.65
2025-09-11 13:30:00+00:00,0.0,0.0
2025-09-11 14:30:00+00:00,0.0,0.0
2025-09-11 15:30:00+00:00,0.0,0.0
2025-09-11 16:30:00+00:00,0.0,0.0
2025-09-11 17:30:00+00:00,0.0,0.0
2025-09-11 18:30:00+00:00,0.0,0.0
2025-09-11 19:30:00+00:00,0.0,0.0
2025-09-11 20:30:00+00:00,0.0,0.0
2025-09-11 21:30:00+00:00,0.0,0.0
2025-09-11 22:30:00+00:00,0.0,0.0
2025-09-11 23:30:00+00:00,0.0,0.0
2025-09-12 00:30:00+00:00,4.7,4.7
2025-09-12 01:30:00+00:00,103.1,104.35
2025-09-12 02:30:00+00:00,294.52,306.5
2025-09-12 03:30:00+00:00,496.75,519.3
2025-09-12 04:30:00+00:00,643.35,696.6
2025-09-12 05:30:00+00:00,748.3,816.97
2025-09-12 06:30:00+00:00,737.45,852.9
2025-09-12 07:30:00+00:00,743.72,835.2
2025-09-12 08:30:00+00:00,677.08,746.8
2025-09-12 09:30:00+00:00,505.65,595.55
2025-09-12 10:30:00+00:00,348.05,398.52
2025-09-12 11:30:00+00:00,173.05,195.55
2025-09-12 12:30:00+00:00,31.9,34.88
2025-09-12 13:30:00+00:00,0.0,0.0
2025-09-12 14:30:00+00:00,0.0,0.0
2025-09-12 15:30:00+00:00,0.0,0.0
2025-09-12 16:30:00+00:00,0.0,0.0
2025-09-12 17:30:00+00:00,0.0,0.0
2025-09-12 18:30:00+00:00,0.0,0.0
2025-09-12 19:30:00+00:00,0.0,0.0
2025-09-12 20:30:00+00:00,0.0,0.0
2025-09-12 21:30:00+00:00,0.0,0.0
2025-09-12 22:30:00+00:00,0.0,0.0
2025-09-12 23:30:00+00:00,0.0,0.0
2025-09-13 00:30:00+00:00,3.95,4.45
2025-09-13 01:30:00+00:00,92.7,102.22
2025-09-13 02:30:00+00:00,263.67,296.9
2025-09-13 03:30:00+00:00,476.52,501.9
2025-09-13 04:30:00+00:00,617.75,674.7
2025-09-13 05:30:00+00:00,738.78,795.67
2025-09-13 06:30:00+00:00,742.62,826.12
2025-09-13 07:30:00+00:00,654.78,806.7
2025-09-13 08:30:00+00:00,527.83,716.72
2025-09-13 09:30:00+00:00,474.17,568.95
2025-09-13 10:30:00+00:00,338.2,378.9
2025-09-13 11:30:00+00:00,166.1,184.93
2025-09-13 12:30:00+00:00,27.17,32.08
2025-09-13 13:30:00+00:00,0.0,0.0
2025-09-13 14:30:00+00:00,0.0,0.0
2025-09-13 15:30:00+00:00,0.0,0.0
2025-09-13 16:30:00+00:00,0.0,0.0
2025-09-13 17:30:00+00:00,0.0,0.0
2025-09-13 18:30:00+00:00,0.0,0.0
2025-09-13 19:30:00+00:00,0.0,0.0
2025-09-13 20:30:00+00:00,0.0,0.0
2025-09-13 21:30:00+00:00,0.0,0.0
2025-09-13 22:30:00+00:00,0.0,0.0
2025-09-13 23:30:00+00:00,0.0,0.0
2025-09-14 00:30:00+00:00,3.28,4.05
2025-09-14 01:30:00+00:00,74.2,91.43
2025-09-14 02:30:00+00:00,229.62,274.95
2025-09-14 03:30:00+00:00,390.65,466.2
2025-09-14 04:30:00+00:00,549.28,642.62
2025-09-14 05:30:00+00:00,636.0,758.25
2025-09-14 06:30:00+00:00,599.03,824.83
2025-09-14 07:30:00+00:00,537.72,805.42
2025-09-14 08:30:00+00:00,443.25,705.85
2025-09-14 09:30:00+00:00,382.1,553.0
2025-09-14 10:30:00+00:00,263.23,366.12
2025-09-14 11:30:00+00:00,127.9,179.62
2025-09-14 12:30:00+00:00,21.42,30.75
2025-09-14 13:30:00+00:00,0.0,0.0
2025-09-14 14:30:00+00:00,0.0,0.0
2025-09-14 15:30:00+00:00,0.0,0.0
2025-09-14 16:30:00+00:00,0.0,0.0
2025-09-14 17:30:00+00:00,0.0,0.0
2025-09-14 18:30:00+00:00,0.0,0.0
2025-09-14 19:30:00+00:00,0.0,0.0
2025-09-14 20:30:00+00:00,0.0,0.0
2025-09-14 21:30:00+00:00,0.0,0.0
2025-09-14 22:30:00+00:00,0.0,0.0
2025-09-14 23:30:00+00:00,0.0,0.0
2025-09-15 00:30:00+00:00,4.22,4.32
2025-09-15 01:30:00+00:00,103.6,107.07
2025-09-15 02:30:00+00:00,294.05,307.48
2025-09-15 03:30:00+00:00,505.3,514.25
2025-09-15 04:30:00+00:00,683.72,687.67
2025-09-15 05:30:00+00:00,752.92,806.75
2025-09-15 06:30:00+00:00,796.9,825.45
2025-09-15 07:30:00+00:00,764.65,807.7
2025-09-15 08:30:00+00:00,701.22,716.85
2025-09-15 09:30:00+00:00,548.22,565.0
2025-09-15 10:30:00+00:00,354.6,373.9
2025-09-15 11:30:00+00:00,176.4,183.55
2025-09-15 12:30:00+00:00,28.27,29.77
2025-09-15 13:30:00+00:00,0.0,0.0
2025-09-15 14:30:00+00:00,0.0,0.0
2025-09-15 15:30:00+00:00,0.0,0.0
2025-09-15 16:30:00+00:00,0.0,0.0
2025-09-15 17:30:00+00:00,0.0,0.0
2025-09-15 18:30:00+00:00,0.0,0.0
2025-09-15 19:30:00+00:00,0.0,0.0
2025-09-15 20:30:00+00:00,0.0,0.0
2025-09-15 21:30:00+00:00,0.0,0.0
2025-09-15 22:30:00+00:00,0.0,0.0
2025-09-15 23:30:00+00:00,0.0,0.0
2025-09-16 00:30:00+00:00,3.85,4.15
2025-09-16 01:30:00+00:00,91.95,107.3
2025-09-16 02:30:00+00:00,254.62,308.75
2025-09-16 03:30:00+00:00,437.7,515.38
2025-09-16 04:30:00+00:00,631.97,688.75
2025-09-16 05:30:00+00:00,781.78,806.35
2025-09-16 06:30:00+00:00,801.53,817.45
2025-09-16 07:30:00+00:00,739.33,793.88
2025-09-16 08:30:00+00:00,608.83,704.25
2025-09-16 09:30:00+00:00,506.83,552.55
2025-09-16 10:30:00+00:00,333.05,362.55
2025-09-16 11:30:00+00:00,158.1,172.25
2025-09-16 12:30:00+00:00,25.48,26.98
2025-09-16 13:30:00+00:00,0.0,0.0
2025-09-16 14:30:00+00:00,0.0,0.0
2025-09-16 15:30:00+00:00,0.0,0.0
2025-09-16 16:30:00+00:00,0.0,0.0
2025-09-16 17:30:00+00:00,0.0,0.0
2025-09-16 18:30:00+00:00,0.0,0.0
2025-09-16 19:30:00+00:00,0.0,0.0
2025-09-16 20:30:00+00:00,0.0,0.0
2025-09-16 21:30:00+00:00,0.0,0.0
2025-09-16 22:30:00+00:00,0.0,0.0
2025-09-16 23:30:00+00:00,0.0,0.0
2025-09-17 00:30:00+00:00,3.3,3.55
2025-09-17 01:30:00+00:00,74.65,88.12
2025-09-17 02:30:00+00:00,199.07,262.8
2025-09-17 03:30:00+00:00,365.83,460.15
2025-09-17 04:30:00+00:00,542.38,631.78
2025-09-17 05:30:00+00:00,628.38,751.42
2025-09-17 06:30:00+00:00,603.78,729.95
2025-09-17 07:30:00+00:00,579.6,714.12
2025-09-17 08:30:00+00:00,461.25,625.4
2025-09-17 09:30:00+00:00,300.25,481.15
2025-09-17 10:30:00+00:00,188.8,302.48
2025-09-17 11:30:00+00:00,93.38,136.7
2025-09-17 12:30:00+00:00,16.48,21.33
2025-09-17 13:30:00+00:00,0.0,0.0
2025-09-17 14:30:00+00:00,0.0,0.0
2025-09-17 15:30:00+00:00,0.0,0.0
2025-09-17 16:30:00+00:00,0.0,0.0
2025-09-17 17:30:00+00:00,0.0,0.0
2025-09-17 18:30:00+00:00,0.0,0.0
2025-09-17 19:30:00+00:00,0.0,0.0
2025-09-17 20:30:00+00:00,0.0,0.0
2025-09-17 21:30:00+00:00,0.0,0.0
2025-09-17 22:30:00+00:00,0.0,0.0
2025-09-17 23:30:00+00:00,0.0,0.0
2025-09-18 00:30:00+00:00,3.0,3.05
2025-09-18 01:30:00+00:00,73.7,75.45
2025-09-18 02:30:00+00:00,228.2,237.55
2025-09-18 03:30:00+00:00,398.88,413.0
2025-09-18 04:30:00+00:00,564.83,578.95
2025-09-18 05:30:00+00:00,639.2,694.3
2025-09-18 06:30:00+00:00,654.88,746.12
2025-09-18 07:30:00+00:00,603.83,724.55
2025-09-18 08:30:00+00:00,479.15,631.0
2025-09-18 09:30:00+00:00,388.25,479.08
2025-09-18 10:30:00+00:00,256.1,301.2
2025-09-18 11:30:00+00:00,125.9,136.8
2025-09-18 12:30:00+00:00,20.58,20.5
2025-09-18 13:30:00+00:00,0.0,0.0
2025-09-18 14:30:00+00:00,0.0,0.0
2025-09-18 15:30:00+00:00,0.0,0.0
2025-09-18 16:30:00+00:00,0.0,0.0
2025-09-18 17:30:00+00:00,0.0,0.0
2025-09-18 18:30:00+00:00,0.0,0.0
2025-09-18 19:30:00+00:00,0.0,0.0
2025-09-18 20:30:00+00:00,0.0,0.0
2025-09-18 21:30:00+00:00,0.0,0.0
2025-09-18 22:30:00+00:00,0.0,0.0
2025-09-18 23:30:00+00:00,0.0,0.0
2025-09-19 00:30:00+00:00,2.7,2.88
2025-09-19 01:30:00+00:00,68.85,74.62
2025-09-19 02:30:00+00:00,213.38,236.2
2025-09-19 03:30:00+00:00,388.15,412.77
2025-09-19 04:30:00+00:00,529.35,579.97
2025-09-19 05:30:00+00:00,605.65,699.47
2025-09-19 06:30:00+00:00,660.03,769.12
2025-09-19 07:30:00+00:00,624.62,743.6
2025-09-19 08:30:00+00:00,531.25,656.35
2025-09-19 09:30:00+00:00,459.1,503.9
2025-09-19 10:30:00+00:00,295.2,324.2
2025-09-19 11:30:00+00:00,139.38,146.5
2025-09-19 12:30:00+00:00,20.45,20.9
2025-09-19 13:30:00+00:00,0.0,0.0
2025-09-19 14:30:00+00:00,0.0,0.0
2025-09-19 15:30:00+00:00,0.0,0.0
2025-09-19 16:30:00+00:00,0.0,0.0
2025-09-19 17:30:00+00:00,0.0,0.0
2025-09-19 18:30:00+00:00,0.0,0.0
2025-09-19 19:30:00+00:00,0.0,0.0
2025-09-19 20:30:00+00:00,0.0,0.0
2025-09-19 21:30:00+00:00,0.0,0.0
2025-09-19 22:30:00+00:00,0.0,0.0
2025-09-19 23:30:00+00:00,0.0,0.0
2025-09-20 00:30:00+00:00,2.85,2.88
2025-09-20 01:30:00+00:00,89.07,90.1
2025-09-20 02:30:00+00:00,265.38,268.38
2025-09-20 03:30:00+00:00,437.15,441.52
2025-09-20 04:30:00+00:00,606.35,610.8
2025-09-20 05:30:00+00:00,726.55,731.25
2025-09-20 06:30:00+00:00,793.45,824.35
2025-09-20 07:30:00+00:00,757.83,805.8
2025-09-20 08:30:00+00:00,675.17,714.33
2025-09-20 09:30:00+00:00,551.95,564.0
2025-09-20 10:30:00+00:00,358.8,366.6
2025-09-20 11:30:00+00:00,172.48,175.38
2025-09-20 12:30:00+00:00,22.95,23.08
2025-09-20 13:30:00+00:00,0.0,0.0
2025-09-20 14:30:00+00:00,0.0,0.0
2025-09-20 15:30:00+00:00,0.0,0.0
2025-09-20 16:30:00+00:00,0.0,0.0
2025-09-20 17:30:00+00:00,0.0,0.0
2025-09-20 18:30:00+00:00,0.0,0.0
2025-09-20 19:30:00+00:00,0.0,0.0
2025-09-20 20:30:00+00:00,0.0,0.0
2025-09-20 21:30:00+00:00,0.0,0.0
2025-09-20 22:30:00+00:00,0.0,0.0
2025-09-20 23:30:00+00:00,0.0,0.0
2025-09-21 00:30:00+00:00,3.28,3.3
2025-09-21 01:30:00+00:00,103.3,104.68
2025-09-21 02:30:00+00:00,303.75,308.08
2025-09-21 03:30:00+00:00,511.77,517.95
2025-09-21 04:30:00+00:00,686.15,693.05
2025-09-21 05:30:00+00:00,803.15,811.95
2025-09-21 06:30:00+00:00,841.2,847.1
2025-09-21 07:30:00+00:00,804.25,828.0
2025-09-21 08:30:00+00:00,737.4,738.28
2025-09-21 09:30:00+00:00,579.22,584.88
2025-09-21 10:30:00+00:00,382.35,388.1
2025-09-21 11:30:00+00:00,177.0,179.25
2025-09-21 12:30:00+00:00,22.67,23.0
2025-09-21 13:30:00+00:00,0.0,0.0
2025-09-21 14:30:00+00:00,0.0,0.0
2025-09-21 15:30:00+00:00,0.0,0.0
2025-09-21 16:30:00+00:00,0.0,0.0
2025-09-21 17:30:00+00:00,0.0,0.0
2025-09-21 18:30:00+00:00,0.0,0.0
2025-09-21 19:30:00+00:00,0.0,0.0
2025-09-21 20:30:00+00:00,0.0,0.0
2025-09-21 21:30:00+00:00,0.0,0.0
2025-09-21 22:30:00+00:00,0.0,0.0
2025-09-21 23:30:00+00:00,0.0,0.0
2025-09-22 00:30:00+00:00,3.17,3.17
2025-09-22 01:30:00+00:00,105.78,105.93
2025-09-22 02:30:00+00:00,303.52,303.92
2025-09-22 03:30:00+00:00,515.08,515.4
2025-09-22 04:30:00+00:00,689.62,690.12
2025-09-22 05:30:00+00:00,807.05,808.5
2025-09-22 06:30:00+00:00,841.22,844.35
2025-09-22 07:30:00+00:00,797.33,824.6
2025-09-22 08:30:00+00:00,727.7,734.83
2025-09-22 09:30:00+00:00,580.15,584.22
2025-09-22 10:30:00+00:00,385.58,387.83
2025-09-22 11:30:00+00:00,184.0,184.95
2025-09-22 12:30:00+00:00,21.83,21.88
2025-09-22 13:30:00+00:00,0.0,0.0
2025-09-22 14:30:00+00:00,0.0,0.0
2025-09-22 15:30:00+00:00,0.0,0.0
2025-09-22 16:30:00+00:00,0.0,0.0
2025-09-22 17:30:00+00:00,0.0,0.0
2025-09-22 18:30:00+00:00,0.0,0.0
2025-09-22 19:30:00+00:00,0.0,0.0
2025-09-22 20:30:00+00:00,0.0,0.0
2025-09-22 21:30:00+00:00,0.0,0.0
2025-09-22 22:30:00+00:00,0.0,0.0
2025-09-22 23:30:00+00:00,0.0,0.0
2025-09-23 00:30:00+00:00,0.0,0.0
2025-09-23 01:30:00+00:00,111.88,113.0
2025-09-23 02:30:00+00:00,301.77,305.05
2025-09-23 03:30:00+00:00,505.1,510.4
2025-09-23 04:30:00+00:00,676.83,683.62
2025-09-23 05:30:00+00:00,794.0,801.92
2025-09-23 06:30:00+00:00,838.47,847.2
2025-09-23 07:30:00+00:00,821.83,825.72
2025-09-23 08:30:00+00:00,734.6,734.8
2025-09-23 09:30:00+00:00,582.6,582.78
2025-09-23 10:30:00+00:00,386.8,386.92
2025-09-23 11:30:00+00:00,179.88,179.93
2025-09-23 12:30:00+00:00,20.65,20.67
2025-09-23 13:30:00+00:00,0.0,0.0
2025-09-23 14:30:00+00:00,0.0,0.0
2025-09-23 15:30:00+00:00,0.0,0.0
2025-09-23 16:30:00+00:00,0.0,0.0
2025-09-23 17:30:00+00:00,0.0,0.0
2025-09-23 18:30:00+00:00,0.0,0.0
2025-09-23 19:30:00+00:00,0.0,0.0
2025-09-23 20:30:00+00:00,0.0,0.0
2025-09-23 21:30:00+00:00,0.0,0.0
2025-09-23 22:30:00+00:00,0.0,0.0
2025-09-23 23:30:00+00:00,0.0,0.0
2025-09-24 00:30:00+00:00,0.0,0.0
2025-09-24 01:30:00+00:00,113.0,113.0
2025-09-24 02:30:00+00:00,305.02,305.05
2025-09-24 03:30:00+00:00,511.85,511.88
2025-09-24 04:30:00+00:00,681.97,682.0
2025-09-24 05:30:00+00:00,799.15,799.2
2025-09-24 06:30:00+00:00,848.55,848.6
2025-09-24 07:30:00+00:00,826.55,826.6
2025-09-24 08:30:00+00:00,733.3,733.35
2025-09-24 09:30:00+00:00,579.35,579.4
2025-09-24 10:30:00+00:00,381.9,381.95
2025-09-24 11:30:00+00:00,176.73,176.75
2025-09-24 12:30:00+00:00,19.38,19.38
2025-09-24 13:30:00+00:00,0.0,0.0
2025-09-24 14:30:00+00:00,0.0,0.0
2025-09-24 15:30:00+00:00,0.0,0.0
2025-09-24 16:30:00+00:00,0.0,0.0
2025-09-24 17:30:00+00:00,0.0,0.0
2025-09-24 18:30:00+00:00,0.0,0.0
2025-09-24 19:30:00+00:00,0.0,0.0
2025-09-24 20:30:00+00:00,0.0,0.0
2025-09-24 21:30:00+00:00,0.0,0.0
2025-09-24 22:30:00+00:00,0.0,0.0
2025-09-24 23:30:00+00:00,0.0,0.0
2025-09-25 00:30:00+00:00,0.0,0.0
2025-09-25 01:30:00+00:00,109.0,109.0
2025-09-25 02:30:00+00:00,296.15,296.17
2025-09-25 03:30:00+00:00,502.02,502.05
2025-09-25 04:30:00+00:00,674.65,674.67
2025-09-25 05:30:00+00:00,791.95,791.97
2025-09-25 06:30:00+00:00,834.83,834.88
2025-09-25 07:30:00+00:00,813.8,813.85
2025-09-25 08:30:00+00:00,721.3,721.35
2025-09-25 09:30:00+00:00,566.95,568.12
2025-09-25 10:30:00+00:00,369.4,371.33
2025-09-25 11:30:00+00:00,167.75,168.95
2025-09-25 12:30:00+00:00,17.52,17.62
2025-09-25 13:30:00+00:00,0.0,0.0
2025-09-25 14:30:00+00:00,0.0,0.0
2025-09-25 15:30:00+00:00,0.0,0.0
2025-09-25 16:30:00+00:00,0.0,0.0
2025-09-25 17:30:00+00:00,0.0,0.0
2025-09-25 18:30:00+00:00,0.0,0.0
2025-09-25 19:30:00+00:00,0.0,0.0
2025-09-25 20:30:00+00:00,0.0,0.0
2025-09-25 21:30:00+00:00,0.0,0.0
2025-09-25 22:30:00+00:00,0.0,0.0
2025-09-25 23:30:00+00:00,0.0,0.0
2025-09-26 00:30:00+00:00,0.0,0.0
2025-09-26 01:30:00+00:00,106.7,106.78
2025-09-26 02:30:00+00:00,289.2,289.4
2025-09-26 03:30:00+00:00,496.42,496.73
2025-09-26 04:30:00+00:00,671.15,671.45
2025-09-26 05:30:00+00:00,792.12,792.38
2025-09-26 06:30:00+00:00,844.3,844.5
2025-09-26 07:30:00+00:00,822.7,822.8
2025-09-26 08:30:00+00:00,729.3,729.4
2025-09-26 09:30:00+00:00,574.72,574.83
2025-09-26 10:30:00+00:00,376.17,376.27
2025-09-26 11:30:00+00:00,170.3,170.35
2025-09-26 12:30:00+00:00,16.77,16.77
2025-09-26 13:30:00+00:00,0.0,0.0
2025-09-26 14:30:00+00:00,0.0,0.0
2025-09-26 15:30:00+00:00,0.0,0.0
2025-09-26 16:30:00+00:00,0.0,0.0
2025-09-26 17:30:00+00:00,0.0,0.0
2025-09-26 18:30:00+00:00,0.0,0.0
2025-09-26 19:30:00+00:00,0.0,0.0
2025-09-26 20:30:00+00:00,0.0,0.0
2025-09-26 21:30:00+00:00,0.0,0.0
2025-09-26 22:30:00+00:00,0.0,0.0
2025-09-26 23:30:00+00:00,0.0,0.0
2025-09-27 00:30:00+00:00,0.0,0.0
2025-09-27 01:30:00+00:00,96.4,96.55
2025-09-27 02:30:00+00:00,274.42,274.9
2025-09-27 03:30:00+00:00,482.3,483.02
2025-09-27 04:30:00+00:00,654.55,658.42
2025-09-27 05:30:00+00:00,768.65,773.12
2025-09-27 06:30:00+00:00,765.97,773.62
2025-09-27 07:30:00+00:00,642.35,752.9
2025-09-27 08:30:00+00:00,635.53,664.08
2025-09-27 09:30:00+00:00,496.27,517.47
2025-09-27 10:30:00+00:00,312.15,332.02
2025-09-27 11:30:00+00:00,137.12,141.35
2025-09-27 12:30:00+00:00,13.5,13.6
2025-09-27 13:30:00+00:00,0.0,0.0
2025-09-27 14:30:00+00:00,0.0,0.0
2025-09-27 15:30:00+00:00,0.0,0.0
2025-09-27 16:30:00+00:00,0.0,0.0
2025-09-27 17:30:00+00:00,0.0,0.0
2025-09-27 18:30:00+00:00,0.0,0.0
2025-09-27 19:30:00+00:00,0.0,0.0
2025-09-27 20:30:00+00:00,0.0,0.0
2025-09-27 21:30:00+00:00,0.0,0.0
2025-09-27 22:30:00+00:00,0.0,0.0
2025-09-27 23:30:00+00:00,0.0,0.0
2025-09-28 00:30:00+00:00,0.0,0.0
2025-09-28 01:30:00+00:00,97.03,97.88
2025-09-28 02:30:00+00:00,284.8,286.77
2025-09-28 03:30:00+00:00,489.27,490.92
2025-09-28 04:30:00+00:00,661.38,661.75
2025-09-28 05:30:00+00:00,773.5,774.65
2025-09-28 06:30:00+00:00,788.12,794.28
2025-09-28 07:30:00+00:00,712.28,767.38
2025-09-28 08:30:00+00:00,626.33,671.97
2025-09-28 09:30:00+00:00,505.77,519.95
2025-09-28 10:30:00+00:00,316.52,327.45
2025-09-28 11:30:00+00:00,137.57,140.12
2025-09-28 12:30:00+00:00,12.55,12.82
2025-09-28 13:30:00+00:00,0.0,0.0
2025-09-28 14:30:00+00:00,0.0,0.0
2025-09-28 15:30:00+00:00,0.0,0.0
2025-09-28 16:30:00+00:00,0.0,0.0
2025-09-28 17:30:00+00:00,0.0,0.0
2025-09-28 18:30:00+00:00,0.0,0.0
2025-09-28 19:30:00+00:00,0.0,0.0
2025-09-28 20:30:00+00:00,0.0,0.0
2025-09-28 21:30:00+00:00,0.0,0.0
2025-09-28 22:30:00+00:00,0.0,0.0
2025-09-28 23:30:00+00:00,0.0,0.0
2025-09-29 00:30:00+00:00,0.0,0.0
2025-09-29 01:30:00+00:00,83.78,84.38
2025-09-29 02:30:00+00:00,257.62,260.12
2025-09-29 03:30:00+00:00,440.65,447.45
2025-09-29 04:30:00+00:00,575.38,590.08
2025-09-29 05:30:00+00:00,722.88,737.95
2025-09-29 06:30:00+00:00,783.12,793.75
2025-09-29 07:30:00+00:00,723.38,757.65
2025-09-29 08:30:00+00:00,575.35,646.25
2025-09-29 09:30:00+00:00,480.15,488.73
2025-09-29 10:30:00+00:00,300.48,304.23
2025-09-29 11:30:00+00:00,121.35,122.7
2025-09-29 12:30:00+00:00,11.15,11.07
2025-09-29 13:30:00+00:00,0.0,0.0
2025-09-29 14:30:00+00:00,0.0,0.0
2025-09-29 15:30:00+00:00,0.0,0.0
2025-09-29 16:30:00+00:00,0.0,0.0
2025-09-29 17:30:00+00:00,0.0,0.0
2025-09-29 18:30:00+00:00,0.0,0.0
2025-09-29 19:30:00+00:00,0.0,0.0
2025-09-29 20:30:00+00:00,0.0,0.0
2025-09-29 21:30:00+00:00,0.0,0.0
2025-09-29 22:30:00+00:00,0.0,0.0
2025-09-29 23:30:00+00:00,0.0,0.0
2025-09-30 00:30:00+00:00,0.0,0.0
2025-09-30 01:30:00+00:00,44.58,75.68
2025-09-30 02:30:00+00:00,131.93,242.12
2025-09-30 03:30:00+00:00,250.38,439.88
2025-09-30 04:30:00+00:00,363.73,611.1
2025-09-30 05:30:00+00:00,346.4,726.65
2025-09-30 06:30:00+00:00,95.62,682.85
2025-09-30 07:30:00+00:00,54.65,670.62
2025-09-30 08:30:00+00:00,61.03,578.58
2025-09-30 09:30:00+00:00,94.07,433.33
2025-09-30 10:30:00+00:00,47.6,260.9
2025-09-30 11:30:00+00:00,22.62,103.72
2025-09-30 12:30:00+00:00,3.35,9.15
2025-09-30 13:30:00+00:00,0.0,0.0
2025-09-30 14:30:00+00:00,0.0,0.0
2025-09-30 15:30:00+00:00,0.0,0.0
2025-09-30 16:30:00+00:00,0.0,0.0
2025-09-30 17:30:00+00:00,0.0,0.0
2025-09-30 18:30:00+00:00,0.0,0.0
2025-09-30 19:30:00+00:00,0.0,0.0
2025-09-30 20:30:00+00:00,0.0,0.0
2025-09-30 21:30:00+00:00,0.0,0.0
2025-09-30 22:30:00+00:00,0.0,0.0
2025-09-30 23:30:00+00:00,0.0,0.0
2025-10-01 00:30:00+00:00,0.0,0.0
2025-10-01 01:30:00+00:00,55.42,69.88
2025-10-01 02:30:00+00:00,184.57,229.02
2025-10-01 03:30:00+00:00,332.95,423.05
2025-10-01 04:30:00+00:00,486.25,601.83
2025-10-01 05:30:00+00:00,633.62,732.97
2025-10-01 06:30:00+00:00,710.95,784.08
2025-10-01 07:30:00+00:00,670.15,765.1
2025-10-01 08:30:00+00:00,649.28,679.35
2025-10-01 09:30:00+00:00,522.92,534.53
2025-10-01 10:30:00+00:00,331.62,337.6
2025-10-01 11:30:00+00:00,143.23,144.38
2025-10-01 12:30:00+00:00,11.12,11.12
2025-10-01 13:30:00+00:00,0.0,0.0
2025-10-01 14:30:00+00:00,0.0,0.0
2025-10-01 15:30:00+00:00,0.0,0.0
2025-10-01 16:30:00+00:00,0.0,0.0
2025-10-01 17:30:00+00:00,0.0,0.0
2025-10-01 18:30:00+00:00,0.0,0.0
2025-10-01 19:30:00+00:00,0.0,0.0
2025-10-01 20:30:00+00:00,0.0,0.0
2025-10-01 21:30:00+00:00,0.0,0.0
2025-10-01 22:30:00+00:00,0.0,0.0
2025-10-01 23:30:00+00:00,0.0,0.0
2025-10-02 00:30:00+00:00,0.0,0.0
2025-10-02 01:30:00+00:00,69.95,82.68
2025-10-02 02:30:00+00:00,220.65,268.58
2025-10-02 03:30:00+00:00,431.12,468.45
2025-10-02 04:30:00+00:00,584.83,634.33
2025-10-02 05:30:00+00:00,617.08,743.95
2025-10-02 06:30:00+00:00,602.95,780.55
2025-10-02 07:30:00+00:00,583.08,750.92
2025-10-02 08:30:00+00:00,449.98,656.7
2025-10-02 09:30:00+00:00,325.62,520.2
2025-10-02 10:30:00+00:00,202.43,327.52
2025-10-02 11:30:00+00:00,89.68,131.05
2025-10-02 12:30:00+00:00,7.1,9.55
2025-10-02 13:30:00+00:00,0.0,0.0
2025-10-02 14:30:00+00:00,0.0,0.0
2025-10-02 15:30:00+00:00,0.0,0.0
2025-10-02 16:30:00+00:00,0.0,0.0
2025-10-02 17:30:00+00:00,0.0,0.0
2025-10-02 18:30:00+00:00,0.0,0.0
2025-10-02 19:30:00+00:00,0.0,0.0
2025-10-02 20:30:00+00:00,0.0,0.0
2025-10-02 21:30:00+00:00,0.0,0.0
2025-10-02 22:30:00+00:00,0.0,0.0
2025-10-02 23:30:00+00:00,0.0,0.0
2025-10-03 00:30:00+00:00,0.0,0.0
2025-10-03 01:30:00+00:00,77.9,78.53
2025-10-03 02:30:00+00:00,238.55,244.27
2025-10-03 03:30:00+00:00,432.05,447.52
2025-10-03 04:30:00+00:00,594.25,623.62
2025-10-03 05:30:00+00:00,702.78,738.85
2025-10-03 06:30:00+00:00,702.15,770.38
2025-10-03 07:30:00+00:00,633.42,738.22
2025-10-03 08:30:00+00:00,537.0,639.6
2025-10-03 09:30:00+00:00,458.6,488.4
2025-10-03 10:30:00+00:00,276.45,297.1
2025-10-03 11:30:00+00:00,113.0,116.85
2025-10-03 12:30:00+00:00,8.18,8.27
2025-10-03 13:30:00+00:00,0.0,0.0
2025-10-03 14:30:00+00:00,0.0,0.0
2025-10-03 15:30:00+00:00,0.0,0.0
2025-10-03 16:30:00+00:00,0.0,0.0
2025-10-03 17:30:00+00:00,0.0,0.0
2025-10-03 18:30:00+00:00,0.0,0.0
2025-10-03 19:30:00+00:00,0.0,0.0
2025-10-03 20:30:00+00:00,0.0,0.0
2025-10-03 21:30:00+00:00,0.0,0.0
2025-10-03 22:30:00+00:00,0.0,0.0
2025-10-03 23:30:00+00:00,0.0,0.0
2025-10-04 00:30:00+00:00,0.0,0.0
2025-10-04 01:30:00+00:00,74.82,75.18
2025-10-04 02:30:00+00:00,242.62,243.6
2025-10-04 03:30:00+00:00,442.08,443.17
2025-10-04 04:30:00+00:00,611.33,615.78
2025-10-04 05:30:00+00:00,726.4,731.33
2025-10-04 06:30:00+00:00,729.7,730.4
2025-10-04 07:30:00+00:00,703.1,707.12
2025-10-04 08:30:00+00:00,594.67,621.05
2025-10-04 09:30:00+00:00,469.55,471.83
2025-10-04 10:30:00+00:00,287.83,291.08
2025-10-04 11:30:00+00:00,118.4,119.68
2025-10-04 12:30:00+00:00,7.95,8.02
2025-10-04 13:30:00+00:00,0.0,0.0
2025-10-04 14:30:00+00:00,0.0,0.0
2025-10-04 15:30:00+00:00,0.0,0.0
2025-10-04 16:30:00+00:00,0.0,0.0
2025-10-04 17:30:00+00:00,0.0,0.0
2025-10-04 18:30:00+00:00,0.0,0.0
2025-10-04 19:30:00+00:00,0.0,0.0
2025-10-04 20:30:00+00:00,0.0,0.0
2025-10-04 21:30:00+00:00,0.0,0.0
2025-10-04 22:30:00+00:00,0.0,0.0
2025-10-04 23:30:00+00:00,0.0,0.0
2025-10-05 00:30:00+00:00,0.0,0.0
2025-10-05 01:30:00+00:00,78.15,83.75
2025-10-05 02:30:00+00:00,249.82,272.98
2025-10-05 03:30:00+00:00,419.45,472.0
2025-10-05 04:30:00+00:00,590.08,639.25
2025-10-05 05:30:00+00:00,730.83,754.03
2025-10-05 06:30:00+00:00,757.9,767.5
2025-10-05 07:30:00+00:00,746.83,748.42
2025-10-05 08:30:00+00:00,658.58,659.45
2025-10-05 09:30:00+00:00,512.33,514.42
2025-10-05 10:30:00+00:00,324.45,327.45
2025-10-05 11:30:00+00:00,130.82,131.98
2025-10-05 12:30:00+00:00,8.15,8.1
2025-10-05 13:30:00+00:00,0.0,0.0
2025-10-05 14:30:00+00:00,0.0,0.0
2025-10-05 15:30:00+00:00,0.0,0.0
2025-10-05 16:30:00+00:00,0.0,0.0
2025-10-05 17:30:00+00:00,0.0,0.0
2025-10-05 18:30:00+00:00,0.0,0.0
2025-10-05 19:30:00+00:00,0.0,0.0
2025-10-05 20:30:00+00:00,0.0,0.0
2025-10-05 21:30:00+00:00,0.0,0.0
2025-10-05 22:30:00+00:00,0.0,0.0
2025-10-05 23:30:00+00:00,0.0,0.0
2025-10-06 00:30:00+00:00,0.0,0.0
2025-10-06 01:30:00+00:00,59.05,77.35
2025-10-06 02:30:00+00:00,155.35,257.05
2025-10-06 03:30:00+00:00,267.33,449.45
2025-10-06 04:30:00+00:00,321.1,605.03
2025-10-06 05:30:00+00:00,262.92,709.8
2025-10-06 06:30:00+00:00,173.8,752.03
2025-10-06 07:30:00+00:00,125.12,720.3
2025-10-06 08:30:00+00:00,124.97,617.15
2025-10-06 09:30:00+00:00,158.62,488.02
2025-10-06 10:30:00+00:00,94.97,302.2
2025-10-06 11:30:00+00:00,44.55,111.07
2025-10-06 12:30:00+00:00,3.1,6.75
2025-10-06 13:30:00+00:00,0.0,0.0
2025-10-06 14:30:00+00:00,0.0,0.0
2025-10-06 15:30:00+00:00,0.0,0.0
2025-10-06 16:30:00+00:00,0.0,0.0
2025-10-06 17:30:00+00:00,0.0,0.0
2025-10-06 18:30:00+00:00,0.0,0.0
2025-10-06 19:30:00+00:00,0.0,0.0
2025-10-06 20:30:00+00:00,0.0,0.0
2025-10-06 21:30:00+00:00,0.0,0.0
2025-10-06 22:30:00+00:00,0.0,0.0
2025-10-06 23:30:00+00:00,0.0,0.0
2025-10-07 00:30:00+00:00,0.0,0.0
2025-10-07 01:30:00+00:00,60.15,64.38
2025-10-07 02:30:00+00:00,197.45,222.8
2025-10-07 03:30:00+00:00,354.83,401.5
2025-10-07 04:30:00+00:00,470.48,561.78
2025-10-07 05:30:00+00:00,594.05,679.83
2025-10-07 06:30:00+00:00,666.2,755.38
2025-10-07 07:30:00+00:00,619.5,730.08
2025-10-07 08:30:00+00:00,420.6,628.95
2025-10-07 09:30:00+00:00,352.83,484.12
2025-10-07 10:30:00+00:00,210.48,289.4
2025-10-07 11:30:00+00:00,86.93,106.88
2025-10-07 12:30:00+00:00,5.03,6.12
2025-10-07 13:30:00+00:00,0.0,0.0
2025-10-07 14:30:00+00:00,0.0,0.0
2025-10-07 15:30:00+00:00,0.0,0.0
2025-10-07 16:30:00+00:00,0.0,0.0
2025-10-07 17:30:00+00:00,0.0,0.0
2025-10-07 18:30:00+00:00,0.0,0.0
2025-10-07 19:30:00+00:00,0.0,0.0
2025-10-07 20:30:00+00:00,0.0,0.0
2025-10-07 21:30:00+00:00,0.0,0.0
2025-10-07 22:30:00+00:00,0.0,0.0
2025-10-07 23:30:00+00:00,0.0,0.0
2025-10-08 00:30:00+00:00,0.0,0.0
2025-10-08 01:30:00+00:00,57.47,71.12
2025-10-08 02:30:00+00:00,151.68,246.1
2025-10-08 03:30:00+00:00,250.48,445.27
2025-10-08 04:30:00+00:00,372.55,616.6
2025-10-08 05:30:00+00:00,475.3,731.35
2025-10-08 06:30:00+00:00,453.7,676.33
2025-10-08 07:30:00+00:00,470.58,650.38
2025-10-08 08:30:00+00:00,536.12,554.35
2025-10-08 09:30:00+00:00,411.9,415.62
2025-10-08 10:30:00+00:00,238.9,242.43
2025-10-08 11:30:00+00:00,83.75,85.12
2025-10-08 12:30:00+00:00,4.78,4.85
2025-10-08 13:30:00+00:00,0.0,0.0
2025-10-08 14:30:00+00:00,0.0,0.0
2025-10-08 15:30:00+00:00,0.0,0.0
2025-10-08 16:30:00+00:00,0.0,0.0
2025-10-08 17:30:00+00:00,0.0,0.0
2025-10-08 18:30:00+00:00,0.0,0.0
2025-10-08 19:30:00+00:00,0.0,0.0
2025-10-08 20:30:00+00:00,0.0,0.0
2025-10-08 21:30:00+00:00,0.0,0.0
2025-10-08 22:30:00+00:00,0.0,0.0
2025-10-08 23:30:00+00:00,0.0,0.0
2025-10-09 00:30:00+00:00,0.0,0.0
2025-10-09 01:30:00+00:00,63.95,66.97
2025-10-09 02:30:00+00:00,221.88,238.65
2025-10-09 03:30:00+00:00,401.88,433.9
2025-10-09 04:30:00+00:00,563.9,609.08
2025-10-09 05:30:00+00:00,674.25,729.1
2025-10-09 06:30:00+00:00,708.12,769.62
2025-10-09 07:30:00+00:00,732.08,736.7
2025-10-09 08:30:00+00:00,583.38,641.17
2025-10-09 09:30:00+00:00,468.23,484.17
2025-10-09 10:30:00+00:00,281.42,290.75
2025-10-09 11:30:00+00:00,102.18,104.15
2025-10-09 12:30:00+00:00,5.1,5.12
2025-10-09 13:30:00+00:00,0.0,0.0
2025-10-09 14:30:00+00:00,0.0,0.0
2025-10-09 15:30:00+00:00,0.0,0.0
2025-10-09 16:30:00+00:00,0.0,0.0
2025-10-09 17:30:00+00:00,0.0,0.0
2025-10-09 18:30:00+00:00,0.0,0.0
2025-10-09 19:30:00+00:00,0.0,0.0
2025-10-09 20:30:00+00:00,0.0,0.0
2025-10-09 21:30:00+00:00,0.0,0.0
2025-10-09 22:30:00+00:00,0.0,0.0
2025-10-09 23:30:00+00:00,0.0,0.0
2025-10-10 00:30:00+00:00,0.0,0.0
2025-10-10 01:30:00+00:00,76.9,77.3
2025-10-10 02:30:00+00:00,261.75,263.58
2025-10-10 03:30:00+00:00,465.1,468.05
2025-10-10 04:30:00+00:00,635.38,638.75
2025-10-10 05:30:00+00:00,748.08,751.25
2025-10-10 06:30:00+00:00,770.6,774.17
2025-10-10 07:30:00+00:00,737.6,745.75
2025-10-10 08:30:00+00:00,636.08,644.7
2025-10-10 09:30:00+00:00,482.48,485.48
2025-10-10 10:30:00+00:00,289.83,292.65
2025-10-10 11:30:00+00:00,106.38,107.5
2025-10-10 12:30:00+00:00,4.7,4.72
2025-10-10 13:30:00+00:00,0.0,0.0
2025-10-10 14:30:00+00:00,0.0,0.0
2025-10-10 15:30:00+00:00,0.0,0.0
2025-10-10 16:30:00+00:00,0.0,0.0
2025-10-10 17:30:00+00:00,0.0,0.0
2025-10-10 18:30:00+00:00,0.0,0.0
2025-10-10 19:30:00+00:00,0.0,0.0
2025-10-10 20:30:00+00:00,0.0,0.0
2025-10-10 21:30:00+00:00,0.0,0.0
2025-10-10 22:30:00+00:00,0.0,0.0
2025-10-10 23:30:00+00:00,0.0,0.0
2025-10-11 00:30:00+00:00,0.0,0.0
2025-10-11 01:30:00+00:00,72.03,73.1
2025-10-11 02:30:00+00:00,254.82,263.75
2025-10-11 03:30:00+00:00,455.3,468.3
2025-10-11 04:30:00+00:00,627.45,637.8
2025-10-11 05:30:00+00:00,748.1,750.03
2025-10-11 06:30:00+00:00,732.67,759.22
2025-10-11 07:30:00+00:00,680.62,732.83
2025-10-11 08:30:00+00:00,566.35,635.78
2025-10-11 09:30:00+00:00,452.67,480.5
2025-10-11 10:30:00+00:00,275.55,288.08
2025-10-11 11:30:00+00:00,99.22,100.75
2025-10-11 12:30:00+00:00,4.25,4.25
2025-10-11 13:30:00+00:00,0.0,0.0
2025-10-11 14:30:00+00:00,0.0,0.0
2025-10-11 15:30:00+00:00,0.0,0.0
2025-10-11 16:30:00+00:00,0.0,0.0
2025-10-11 17:30:00+00:00,0.0,0.0
2025-10-11 18:30:00+00:00,0.0,0.0
2025-10-11 19:30:00+00:00,0.0,0.0
2025-10-11 20:30:00+00:00,0.0,0.0
2025-10-11 21:30:00+00:00,0.0,0.0
2025-10-11 22:30:00+00:00,0.0,0.0
2025-10-11 23:30:00+00:00,0.0,0.0
2025-10-12 00:30:00+00:00,0.0,0.0
2025-10-12 01:30:00+00:00,73.9,74.28
2025-10-12 02:30:00+00:00,258.05,259.08
2025-10-12 03:30:00+00:00,459.6,460.73
2025-10-12 04:30:00+00:00,628.9,629.67
2025-10-12 05:30:00+00:00,742.0,742.35
2025-10-12 06:30:00+00:00,754.92,755.15
2025-10-12 07:30:00+00:00,728.38,729.58
2025-10-12 08:30:00+00:00,632.47,632.8
2025-10-12 09:30:00+00:00,478.02,478.45
2025-10-12 10:30:00+00:00,286.48,286.98
2025-10-12 11:30:00+00:00,102.78,103.03
2025-10-12 12:30:00+00:00,3.85,3.85
2025-10-12 13:30:00+00:00,0.0,0.0
2025-10-12 14:30:00+00:00,0.0,0.0
2025-10-12 15:30:00+00:00,0.0,0.0
2025-10-12 16:30:00+00:00,0.0,0.0
2025-10-12 17:30:00+00:00,0.0,0.0
2025-10-12 18:30:00+00:00,0.0,0.0
2025-10-12 19:30:00+00:00,0.0,0.0
2025-10-12 20:30:00+00:00,0.0,0.0
2025-10-12 21:30:00+00:00,0.0,0.0
2025-10-12 22:30:00+00:00,0.0,0.0
2025-10-12 23:30:00+00:00,0.0,0.0
2025-10-13 00:30:00+00:00,0.0,0.0
2025-10-13 01:30:00+00:00,71.5,71.62
2025-10-13 02:30:00+00:00,256.62,257.15
2025-10-13 03:30:00+00:00,459.3,460.15
2025-10-13 04:30:00+00:00,628.83,629.9
2025-10-13 05:30:00+00:00,740.55,741.78
2025-10-13 06:30:00+00:00,751.35,752.75
2025-10-13 07:30:00+00:00,718.5,729.67
2025-10-13 08:30:00+00:00,625.28,625.83
2025-10-13 09:30:00+00:00,469.42,469.9
2025-10-13 10:30:00+00:00,277.08,277.4
2025-10-13 11:30:00+00:00,97.95,98.05
2025-10-13 12:30:00+00:00,3.38,3.38
2025-10-13 13:30:00+00:00,0.0,0.0
2025-10-13 14:30:00+00:00,0.0,0.0
2025-10-13 15:30:00+00:00,0.0,0.0
2025-10-13 16:30:00+00:00,0.0,0.0
2025-10-13 17:30:00+00:00,0.0,0.0
2025-10-13 18:30:00+00:00,0.0,0.0
2025-10-13 19:30:00+00:00,0.0,0.0
2025-10-13 20:30:00+00:00,0.0,0.0
2025-10-13 21:30:00+00:00,0.0,0.0
2025-10-13 22:30:00+00:00,0.0,0.0
2025-10-13 23:30:00+00:00,0.0,0.0
2025-10-14 00:30:00+00:00,0.0,0.0
2025-10-14 01:30:00+00:00,73.9,73.95
2025-10-14 02:30:00+00:00,267.27,267.42
2025-10-14 03:30:00+00:00,474.08,474.33
2025-10-14 04:30:00+00:00,644.75,645.03
2025-10-14 05:30:00+00:00,757.88,758.17
2025-10-14 06:30:00+00:00,743.78,744.1
2025-10-14 07:30:00+00:00,714.55,714.9
2025-10-14 08:30:00+00:00,612.6,614.5
2025-10-14 09:30:00+00:00,452.55,452.88
2025-10-14 10:30:00+00:00,265.4,265.58
2025-10-14 11:30:00+00:00,99.65,99.72
2025-10-14 12:30:00+00:00,0.0,0.0
2025-10-14 13:30:00+00:00,0.0,0.0
2025-10-14 14:30:00+00:00,0.0,0.0
2025-10-14 15:30:00+00:00,0.0,0.0
2025-10-14 16:30:00+00:00,0.0,0.0
2025-10-14 17:30:00+00:00,0.0,0.0
2025-10-14 18:30:00+00:00,0.0,0.0
2025-10-14 19:30:00+00:00,0.0,0.0
2025-10-14 20:30:00+00:00,0.0,0.0
2025-10-14 21:30:00+00:00,0.0,0.0
2025-10-14 22:30:00+00:00,0.0,0.0
2025-10-14 23:30:00+00:00,0.0,0.0
2025-10-15 00:30:00+00:00,0.0,0.0
2025-10-15 01:30:00+00:00,67.47,67.68
2025-10-15 02:30:00+00:00,245.73,246.62
2025-10-15 03:30:00+00:00,447.02,448.35
2025-10-15 04:30:00+00:00,616.47,617.85
2025-10-15 05:30:00+00:00,730.97,732.17
2025-10-15 06:30:00+00:00,717.67,718.7
2025-10-15 07:30:00+00:00,690.4,690.8
2025-10-15 08:30:00+00:00,595.25,595.28
2025-10-15 09:30:00+00:00,436.17,438.1
2025-10-15 10:30:00+00:00,252.2,253.38
2025-10-15 11:30:00+00:00,98.22,98.7
2025-10-15 12:30:00+00:00,0.0,0.0
2025-10-15 13:30:00+00:00,0.0,0.0
2025-10-15 14:30:00+00:00,0.0,0.0
2025-10-15 15:30:00+00:00,0.0,0.0
2025-10-15 16:30:00+00:00,0.0,0.0
2025-10-15 17:30:00+00:00,0.0,0.0
2025-10-15 18:30:00+00:00,0.0,0.0
2025-10-15 19:30:00+00:00,0.0,0.0
2025-10-15 20:30:00+00:00,0.0,0.0
2025-10-15 21:30:00+00:00,0.0,0.0
2025-10-15 22:30:00+00:00,0.0,0.0
2025-10-15 23:30:00+00:00,0.0,0.0
2025-10-16 00:30:00+00:00,0.0,0.0
2025-10-16 01:30:00+00:00,64.45,64.8
2025-10-16 02:30:00+00:00,230.75,231.77
2025-10-16 03:30:00+00:00,425.8,427.27
2025-10-16 04:30:00+00:00,592.88,594.38
2025-10-16 05:30:00+00:00,707.35,708.62
2025-10-16 06:30:00+00:00,754.47,755.38
2025-10-16 07:30:00+00:00,725.6,726.05
2025-10-16 08:30:00+00:00,625.9,625.9
2025-10-16 09:30:00+00:00,468.45,468.58
2025-10-16 10:30:00+00:00,273.85,274.02
2025-10-16 11:30:00+00:00,101.62,101.75
2025-10-16 12:30:00+00:00,0.0,0.0
2025-10-16 13:30:00+00:00,0.0,0.0
2025-10-16 14:30:00+00:00,0.0,0.0
2025-10-16 15:30:00+00:00,0.0,0.0
2025-10-16 16:30:00+00:00,0.0,0.0
2025-10-16 17:30:00+00:00,0.0,0.0
2025-10-16 18:30:00+00:00,0.0,0.0
2025-10-16 19:30:00+00:00,0.0,0.0
2025-10-16 20:30:00+00:00,0.0,0.0
2025-10-16 21:30:00+00:00,0.0,0.0
2025-10-16 22:30:00+00:00,0.0,0.0
2025-10-16 23:30:00+00:00,0.0,0.0
2025-10-17 00:30:00+00:00,0.0,0.0
2025-10-17 01:30:00+00:00,64.93,65.07
2025-10-17 02:30:00+00:00,236.6,237.4
2025-10-17 03:30:00+00:00,431.38,432.92
2025-10-17 04:30:00+00:00,595.08,597.3
2025-10-17 05:30:00+00:00,703.45,706.25
2025-10-17 06:30:00+00:00,727.28,730.53
2025-10-17 07:30:00+00:00,699.25,703.05
2025-10-17 08:30:00+00:00,600.28,600.58
2025-10-17 09:30:00+00:00,441.95,443.42
2025-10-17 10:30:00+00:00,253.93,254.73
2025-10-17 11:30:00+00:00,95.05,95.4
2025-10-17 12:30:00+00:00,0.0,0.0
2025-10-17 13:30:00+00:00,0.0,0.0
2025-10-17 14:30:00+00:00,0.0,0.0
2025-10-17 15:30:00+00:00,0.0,0.0
2025-10-17 16:30:00+00:00,0.0,0.0
2025-10-17 17:30:00+00:00,0.0,0.0
2025-10-17 18:30:00+00:00,0.0,0.0
2025-10-17 19:30:00+00:00,0.0,0.0
2025-10-17 20:30:00+00:00,0.0,0.0
2025-10-17 21:30:00+00:00,0.0,0.0
2025-10-17 22:30:00+00:00,0.0,0.0
2025-10-17 23:30:00+00:00,0.0,0.0
2025-10-18 00:30:00+00:00,0.0,0.0
2025-10-18 01:30:00+00:00,58.4,58.53
2025-10-18 02:30:00+00:00,219.3,219.95
2025-10-18 03:30:00+00:00,408.33,409.55
2025-10-18 04:30:00+00:00,570.33,572.03
2025-10-18 05:30:00+00:00,677.8,679.83
2025-10-18 06:30:00+00:00,682.58,684.78
2025-10-18 07:30:00+00:00,655.28,657.62
2025-10-18 08:30:00+00:00,561.75,562.08
2025-10-18 09:30:00+00:00,411.02,411.33
2025-10-18 10:30:00+00:00,233.9,234.05
2025-10-18 11:30:00+00:00,79.2,79.25
2025-10-18 12:30:00+00:00,0.0,0.0
2025-10-18 13:30:00+00:00,0.0,0.0
2025-10-18 14:30:00+00:00,0.0,0.0
2025-10-18 15:30:00+00:00,0.0,0.0
2025-10-18 16:30:00+00:00,0.0,0.0
2025-10-18 17:30:00+00:00,0.0,0.0
2025-10-18 18:30:00+00:00,0.0,0.0
2025-10-18 19:30:00+00:00,0.0,0.0
2025-10-18 20:30:00+00:00,0.0,0.0
2025-10-18 21:30:00+00:00,0.0,0.0
2025-10-18 22:30:00+00:00,0.0,0.0
2025-10-18 23:30:00+00:00,0.0,0.0
2025-10-19 00:30:00+00:00,0.0,0.0
2025-10-19 01:30:00+00:00,52.55,52.83
2025-10-19 02:30:00+00:00,206.0,207.55
2025-10-19 03:30:00+00:00,394.05,397.05
2025-10-19 04:30:00+00:00,557.88,561.95
2025-10-19 05:30:00+00:00,669.55,674.33
2025-10-19 06:30:00+00:00,628.42,632.9
2025-10-19 07:30:00+00:00,600.33,605.67
2025-10-19 08:30:00+00:00,501.9,520.22
2025-10-19 09:30:00+00:00,368.6,369.3
2025-10-19 10:30:00+00:00,224.77,225.15
2025-10-19 11:30:00+00:00,67.0,67.07
2025-10-19 12:30:00+00:00,0.0,0.0
2025-10-19 13:30:00+00:00,0.0,0.0
2025-10-19 14:30:00+00:00,0.0,0.0
2025-10-19 15:30:00+00:00,0.0,0.0
2025-10-19 16:30:00+00:00,0.0,0.0
2025-10-19 17:30:00+00:00,0.0,0.0
2025-10-19 18:30:00+00:00,0.0,0.0
2025-10-19 19:30:00+00:00,0.0,0.0
2025-10-19 20:30:00+00:00,0.0,0.0
2025-10-19 21:30:00+00:00,0.0,0.0
2025-10-19 22:30:00+00:00,0.0,0.0
2025-10-19 23:30:00+00:00,0.0,0.0
2025-10-20 00:30:00+00:00,0.0,0.0
2025-10-20 01:30:00+00:00,43.88,43.92
2025-10-20 02:30:00+00:00,196.88,197.15
2025-10-20 03:30:00+00:00,331.85,332.2
2025-10-20 04:30:00+00:00,481.9,482.27
2025-10-20 05:30:00+00:00,588.83,589.1
2025-10-20 06:30:00+00:00,602.8,603.03
2025-10-20 07:30:00+00:00,553.45,586.33
2025-10-20 08:30:00+00:00,440.55,493.95
2025-10-20 09:30:00+00:00,348.98,352.23
2025-10-20 10:30:00+00:00,220.82,223.25
2025-10-20 11:30:00+00:00,65.0,65.43
2025-10-20 12:30:00+00:00,0.0,0.0
2025-10-20 13:30:00+00:00,0.0,0.0
2025-10-20 14:30:00+00:00,0.0,0.0
2025-10-20 15:30:00+00:00,0.0,0.0
2025-10-20 16:30:00+00:00,0.0,0.0
2025-10-20 17:30:00+00:00,0.0,0.0
2025-10-20 18:30:00+00:00,0.0,0.0
2025-10-20 19:30:00+00:00,0.0,0.0
2025-10-20 20:30:00+00:00,0.0,0.0
2025-10-20 21:30:00+00:00,0.0,0.0
2025-10-20 22:30:00+00:00,0.0,0.0
2025-10-20 23:30:00+00:00,0.0,0.0
2025-10-21 00:30:00+00:00,0.0,0.0
2025-10-21 01:30:00+00:00,40.0,39.95
2025-10-21 02:30:00+00:00,163.9,174.12
2025-10-21 03:30:00+00:00,303.17,332.75
2025-10-21 04:30:00+00:00,446.88,447.12
2025-10-21 05:30:00+00:00,571.58,584.88
2025-10-21 06:30:00+00:00,604.28,620.75
2025-10-21 07:30:00+00:00,498.7,593.22
2025-10-21 08:30:00+00:00,380.15,501.08
2025-10-21 09:30:00+00:00,299.42,358.67
2025-10-21 10:30:00+00:00,184.45,200.93
2025-10-21 11:30:00+00:00,55.62,58.45
2025-10-21 12:30:00+00:00,0.0,0.0
2025-10-21 13:30:00+00:00,0.0,0.0
2025-10-21 14:30:00+00:00,0.0,0.0
2025-10-21 15:30:00+00:00,0.0,0.0
2025-10-21 16:30:00+00:00,0.0,0.0
2025-10-21 17:30:00+00:00,0.0,0.0
2025-10-21 18:30:00+00:00,0.0,0.0
2025-10-21 19:30:00+00:00,0.0,0.0
2025-10-21 20:30:00+00:00,0.0,0.0
2025-10-21 21:30:00+00:00,0.0,0.0
2025-10-21 22:30:00+00:00,0.0,0.0
2025-10-21 23:30:00+00:00,0.0,0.0
2025-10-22 00:30:00+00:00,0.0,0.0
2025-10-22 01:30:00+00:00,41.75,42.08
2025-10-22 02:30:00+00:00,183.45,185.7
2025-10-22 03:30:00+00:00,325.98,330.75
2025-10-22 04:30:00+00:00,467.98,475.1
2025-10-22 05:30:00+00:00,567.0,576.42
2025-10-22 06:30:00+00:00,593.55,603.97
2025-10-22 07:30:00+00:00,566.5,577.53
2025-10-22 08:30:00+00:00,480.73,487.42
2025-10-22 09:30:00+00:00,346.65,350.58
2025-10-22 10:30:00+00:00,219.55,221.65
2025-10-22 11:30:00+00:00,58.2,58.5
2025-10-22 12:30:00+00:00,0.0,0.0
2025-10-22 13:30:00+00:00,0.0,0.0
2025-10-22 14:30:00+00:00,0.0,0.0
2025-10-22 15:30:00+00:00,0.0,0.0
2025-10-22 16:30:00+00:00,0.0,0.0
2025-10-22 17:30:00+00:00,0.0,0.0
2025-10-22 18:30:00+00:00,0.0,0.0
2025-10-22 19:30:00+00:00,0.0,0.0
2025-10-22 20:30:00+00:00,0.0,0.0
2025-10-22 21:30:00+00:00,0.0,0.0
2025-10-22 22:30:00+00:00,0.0,0.0
2025-10-22 23:30:00+00:00,0.0,0.0
2025-10-23 00:30:00+00:00,0.0,0.0
2025-10-23 01:30:00+00:00,43.65,43.65
2025-10-23 02:30:00+00:00,198.98,199.0
2025-10-23 03:30:00+00:00,352.17,352.2
2025-10-23 04:30:00+00:00,507.15,507.2
2025-10-23 05:30:00+00:00,616.0,616.05
2025-10-23 06:30:00+00:00,657.75,657.83
2025-10-23 07:30:00+00:00,628.97,629.05
2025-10-23 08:30:00+00:00,534.4,534.5
2025-10-23 09:30:00+00:00,387.75,387.88
2025-10-23 10:30:00+00:00,231.75,231.88
2025-10-23 11:30:00+00:00,68.18,68.22
2025-10-23 12:30:00+00:00,0.0,0.0
2025-10-23 13:30:00+00:00,0.0,0.0
2025-10-23 14:30:00+00:00,0.0,0.0
2025-10-23 15:30:00+00:00,0.0,0.0
2025-10-23 16:30:00+00:00,0.0,0.0
2025-10-23 17:30:00+00:00,0.0,0.0
2025-10-23 18:30:00+00:00,0.0,0.0
2025-10-23 19:30:00+00:00,0.0,0.0
2025-10-23 20:30:00+00:00,0.0,0.0
2025-10-23 21:30:00+00:00,0.0,0.0
2025-10-23 22:30:00+00:00,0.0,0.0
2025-10-23 23:30:00+00:00,0.0,0.0
2025-10-24 00:30:00+00:00,0.0,0.0
2025-10-24 01:30:00+00:00,47.8,47.9
2025-10-24 02:30:00+00:00,201.43,202.02
2025-10-24 03:30:00+00:00,385.5,386.58
2025-10-24 04:30:00+00:00,544.6,546.0
2025-10-24 05:30:00+00:00,651.05,652.6
2025-10-24 06:30:00+00:00,659.88,661.4
2025-10-24 07:30:00+00:00,626.7,628.17
2025-10-24 08:30:00+00:00,526.78,527.05
2025-10-24 09:30:00+00:00,379.75,379.98
2025-10-24 10:30:00+00:00,224.98,225.12
2025-10-24 11:30:00+00:00,64.07,64.12
2025-10-24 12:30:00+00:00,0.0,0.0
2025-10-24 13:30:00+00:00,0.0,0.0
2025-10-24 14:30:00+00:00,0.0,0.0
2025-10-24 15:30:00+00:00,0.0,0.0
2025-10-24 16:30:00+00:00,0.0,0.0
2025-10-24 17:30:00+00:00,0.0,0.0
2025-10-24 18:30:00+00:00,0.0,0.0
2025-10-24 19:30:00+00:00,0.0,0.0
2025-10-24 20:30:00+00:00,0.0,0.0
2025-10-24 21:30:00+00:00,0.0,0.0
2025-10-24 22:30:00+00:00,0.0,0.0
2025-10-24 23:30:00+00:00,0.0,0.0
2025-10-25 00:30:00+00:00,0.0,0.0
2025-10-25 01:30:00+00:00,42.28,42.3
2025-10-25 02:30:00+00:00,180.68,180.88
2025-10-25 03:30:00+00:00,355.73,356.1
2025-10-25 04:30:00+00:00,509.85,510.35
2025-10-25 05:30:00+00:00,615.28,615.8
2025-10-25 06:30:00+00:00,640.55,641.1
2025-10-25 07:30:00+00:00,614.12,614.85
2025-10-25 08:30:00+00:00,524.45,524.45
2025-10-25 09:30:00+00:00,382.3,382.6
2025-10-25 10:30:00+00:00,206.7,207.1
2025-10-25 11:30:00+00:00,61.95,62.1
2025-10-25 12:30:00+00:00,0.0,0.0
2025-10-25 13:30:00+00:00,0.0,0.0
2025-10-25 14:30:00+00:00,0.0,0.0
2025-10-25 15:30:00+00:00,0.0,0.0
2025-10-25 16:30:00+00:00,0.0,0.0
2025-10-25 17:30:00+00:00,0.0,0.0
2025-10-25 18:30:00+00:00,0.0,0.0
2025-10-25 19:30:00+00:00,0.0,0.0
2025-10-25 20:30:00+00:00,0.0,0.0
2025-10-25 21:30:00+00:00,0.0,0.0
2025-10-25 22:30:00+00:00,0.0,0.0
2025-10-25 23:30:00+00:00,0.0,0.0
2025-10-26 00:30:00+00:00,0.0,0.0
2025-10-26 01:30:00+00:00,38.85,38.92
2025-10-26 02:30:00+00:00,191.73,192.1
2025-10-26 03:30:00+00:00,364.48,365.08
2025-10-26 04:30:00+00:00,474.98,475.6
2025-10-26 05:30:00+00:00,573.03,573.58
2025-10-26 06:30:00+00:00,624.15,624.53
2025-10-26 07:30:00+00:00,590.05,590.22
2025-10-26 08:30:00+00:00,491.75,491.75
2025-10-26 09:30:00+00:00,395.88,396.12
2025-10-26 10:30:00+00:00,224.95,225.3
2025-10-26 11:30:00+00:00,56.7,56.83
2025-10-26 12:30:00+00:00,0.0,0.0
2025-10-26 13:30:00+00:00,0.0,0.0
2025-10-26 14:30:00+00:00,0.0,0.0
2025-10-26 15:30:00+00:00,0.0,0.0
2025-10-26 16:30:00+00:00,0.0,0.0
2025-10-26 17:30:00+00:00,0.0,0.0
2025-10-26 18:30:00+00:00,0.0,0.0
2025-10-26 19:30:00+00:00,0.0,0.0
2025-10-26 20:30:00+00:00,0.0,0.0
2025-10-26 21:30:00+00:00,0.0,0.0
2025-10-26 22:30:00+00:00,0.0,0.0
2025-10-26 23:30:00+00:00,0.0,0.0
2025-10-27 00:30:00+00:00,0.0,0.0
2025-10-27 01:30:00+00:00,27.25,28.4
2025-10-27 02:30:00+00:00,124.53,133.7
2025-10-27 03:30:00+00:00,218.38,259.92
2025-10-27 04:30:00+00:00,296.12,383.67
2025-10-27 05:30:00+00:00,328.27,479.0
2025-10-27 06:30:00+00:00,305.33,498.8
2025-10-27 07:30:00+00:00,273.23,435.27
2025-10-27 08:30:00+00:00,177.5,329.35
2025-10-27 09:30:00+00:00,121.5,220.25
2025-10-27 10:30:00+00:00,66.4,111.85
2025-10-27 11:30:00+00:00,14.88,27.05
2025-10-27 12:30:00+00:00,0.0,0.0
2025-10-27 13:30:00+00:00,0.0,0.0
2025-10-27 14:30:00+00:00,0.0,0.0
2025-10-27 15:30:00+00:00,0.0,0.0
2025-10-27 16:30:00+00:00,0.0,0.0
2025-10-27 17:30:00+00:00,0.0,0.0
2025-10-27 18:30:00+00:00,0.0,0.0
2025-10-27 19:30:00+00:00,0.0,0.0
2025-10-27 20:30:00+00:00,0.0,0.0
2025-10-27 21:30:00+00:00,0.0,0.0
2025-10-27 22:30:00+00:00,0.0,0.0
2025-10-27 23:30:00+00:00,0.0,0.0
2025-10-28 00:30:00+00:00,0.0,0.0
2025-10-28 01:30:00+00:00,18.73,29.95
2025-10-28 02:30:00+00:00,91.32,155.6
2025-10-28 03:30:00+00:00,177.88,326.15
2025-10-28 04:30:00+00:00,268.08,482.6
2025-10-28 05:30:00+00:00,320.98,590.72
2025-10-28 06:30:00+00:00,326.75,630.85
2025-10-28 07:30:00+00:00,259.48,601.35
2025-10-28 08:30:00+00:00,251.8,507.48
2025-10-28 09:30:00+00:00,175.35,363.77
2025-10-28 10:30:00+00:00,102.2,195.38
2025-10-28 11:30:00+00:00,27.8,49.0
2025-10-28 12:30:00+00:00,0.0,0.0
2025-10-28 13:30:00+00:00,0.0,0.0
2025-10-28 14:30:00+00:00,0.0,0.0
2025-10-28 15:30:00+00:00,0.0,0.0
2025-10-28 16:30:00+00:00,0.0,0.0
2025-10-28 17:30:00+00:00,0.0,0.0
2025-10-28 18:30:00+00:00,0.0,0.0
2025-10-28 19:30:00+00:00,0.0,0.0
2025-10-28 20:30:00+00:00,0.0,0.0
2025-10-28 21:30:00+00:00,0.0,0.0
2025-10-28 22:30:00+00:00,0.0,0.0
2025-10-28 23:30:00+00:00,0.0,0.0
2025-10-29 00:30:00+00:00,0.0,0.0
2025-10-29 01:30:00+00:00,34.3,36.12
2025-10-29 02:30:00+00:00,159.32,182.1
2025-10-29 03:30:00+00:00,283.55,350.92
2025-10-29 04:30:00+00:00,406.67,503.75
2025-10-29 05:30:00+00:00,539.97,604.22
2025-10-29 06:30:00+00:00,630.47,649.08
2025-10-29 07:30:00+00:00,531.05,613.7
2025-10-29 08:30:00+00:00,374.62,517.7
2025-10-29 09:30:00+00:00,265.65,363.9
2025-10-29 10:30:00+00:00,150.18,192.4
2025-10-29 11:30:00+00:00,41.17,46.53
2025-10-29 12:30:00+00:00,0.0,0.0
2025-10-29 13:30:00+00:00,0.0,0.0
2025-10-29 14:30:00+00:00,0.0,0.0
2025-10-29 15:30:00+00:00,0.0,0.0
2025-10-29 16:30:00+00:00,0.0,0.0
2025-10-29 17:30:00+00:00,0.0,0.0
2025-10-29 18:30:00+00:00,0.0,0.0
2025-10-29 19:30:00+00:00,0.0,0.0
2025-10-29 20:30:00+00:00,0.0,0.0
2025-10-29 21:30:00+00:00,0.0,0.0
2025-10-29 22:30:00+00:00,0.0,0.0
2025-10-29 23:30:00+00:00,0.0,0.0
2025-10-30 00:30:00+00:00,0.0,0.0
2025-10-30 01:30:00+00:00,22.38,29.75
2025-10-30 02:30:00+00:00,98.07,152.35
2025-10-30 03:30:00+00:00,182.27,312.55
2025-10-30 04:30:00+00:00,268.15,463.58
2025-10-30 05:30:00+00:00,287.5,570.05
2025-10-30 06:30:00+00:00,211.52,612.97
2025-10-30 07:30:00+00:00,178.88,585.15
2025-10-30 08:30:00+00:00,196.62,491.02
2025-10-30 09:30:00+00:00,151.93,348.9
2025-10-30 10:30:00+00:00,94.07,185.68
2025-10-30 11:30:00+00:00,25.3,44.78
2025-10-30 12:30:00+00:00,0.0,0.0
2025-10-30 13:30:00+00:00,0.0,0.0
2025-10-30 14:30:00+00:00,0.0,0.0
2025-10-30 15:30:00+00:00,0.0,0.0
2025-10-30 16:30:00+00:00,0.0,0.0
2025-10-30 17:30:00+00:00,0.0,0.0
2025-10-30 18:30:00+00:00,0.0,0.0
2025-10-30 19:30:00+00:00,0.0,0.0
2025-10-30 20:30:00+00:00,0.0,0.0
2025-10-30 21:30:00+00:00,0.0,0.0
2025-10-30 22:30:00+00:00,0.0,0.0
2025-10-30 23:30:00+00:00,0.0,0.0
2025-10-31 00:30:00+00:00,0.0,0.0
2025-10-31 01:30:00+00:00,28.33,32.25
2025-10-31 02:30:00+00:00,144.45,171.95
2025-10-31 03:30:00+00:00,274.6,340.88
2025-10-31 04:30:00+00:00,444.15,495.83
2025-10-31 05:30:00+00:00,479.55,597.83
2025-10-31 06:30:00+00:00,519.83,573.45
2025-10-31 07:30:00+00:00,502.48,542.5
2025-10-31 08:30:00+00:00,387.52,450.45
2025-10-31 09:30:00+00:00,270.17,313.98
2025-10-31 10:30:00+00:00,152.88,167.68
2025-10-31 11:30:00+00:00,36.4,39.0
2025-10-31 12:30:00+00:00,0.0,0.0
2025-10-31 13:30:00+00:00,0.0,0.0
2025-10-31 14:30:00+00:00,0.0,0.0
2025-10-31 15:30:00+00:00,0.0,0.0
2025-10-31 16:30:00+00:00,0.0,0.0
2025-10-31 17:30:00+00:00,0.0,0.0
2025-10-31 18:30:00+00:00,0.0,0.0
2025-10-31 19:30:00+00:00,0.0,0.0
2025-10-31 20:30:00+00:00,0.0,0.0
2025-10-31 21:30:00+00:00,0.0,0.0
2025-10-31 22:30:00+00:00,0.0,0.0
2025-10-31 23:30:00+00:00,0.0,0.0
2025-11-01 00:30:00+00:00,0.0,0.0
2025-11-01 01:30:00+00:00,29.7,29.77
2025-11-01 02:30:00+00:00,171.0,171.7
2025-11-01 03:30:00+00:00,317.6,319.0
2025-11-01 04:30:00+00:00,473.3,475.38
2025-11-01 05:30:00+00:00,580.5,582.92
2025-11-01 06:30:00+00:00,518.8,520.83
2025-11-01 07:30:00+00:00,490.33,492.12
2025-11-01 08:30:00+00:00,404.0,405.0
2025-11-01 09:30:00+00:00,280.55,281.08
2025-11-01 10:30:00+00:00,142.18,142.35
2025-11-01 11:30:00+00:00,35.33,35.38
2025-11-01 12:30:00+00:00,0.0,0.0
2025-11-01 13:30:00+00:00,0.0,0.0
2025-11-01 14:30:00+00:00,0.0,0.0
2025-11-01 15:30:00+00:00,0.0,0.0
2025-11-01 16:30:00+00:00,0.0,0.0
2025-11-01 17:30:00+00:00,0.0,0.0
2025-11-01 18:30:00+00:00,0.0,0.0
2025-11-01 19:30:00+00:00,0.0,0.0
2025-11-01 20:30:00+00:00,0.0,0.0
2025-11-01 21:30:00+00:00,0.0,0.0
2025-11-01 22:30:00+00:00,0.0,0.0
2025-11-01 23:30:00+00:00,0.0,0.0
2025-11-02 00:30:00+00:00,0.0,0.0
2025-11-02 01:30:00+00:00,29.65,29.67
2025-11-02 02:30:00+00:00,174.88,174.98
2025-11-02 03:30:00+00:00,307.12,307.27
2025-11-02 04:30:00+00:00,458.0,458.17
2025-11-02 05:30:00+00:00,563.6,563.8
2025-11-02 06:30:00+00:00,529.1,529.3
2025-11-02 07:30:00+00:00,510.77,510.98
2025-11-02 08:30:00+00:00,430.2,430.55
2025-11-02 09:30:00+00:00,304.35,304.75
2025-11-02 10:30:00+00:00,177.2,177.5
2025-11-02 11:30:00+00:00,41.22,41.25
2025-11-02 12:30:00+00:00,0.0,0.0
2025-11-02 13:30:00+00:00,0.0,0.0
2025-11-02 14:30:00+00:00,0.0,0.0
2025-11-02 15:30:00+00:00,0.0,0.0
2025-11-02 16:30:00+00:00,0.0,0.0
2025-11-02 17:30:00+00:00,0.0,0.0
2025-11-02 18:30:00+00:00,0.0,0.0
2025-11-02 19:30:00+00:00,0.0,0.0
2025-11-02 20:30:00+00:00,0.0,0.0
2025-11-02 21:30:00+00:00,0.0,0.0
2025-11-02 22:30:00+00:00,0.0,0.0
2025-11-02 23:30:00+00:00,0.0,0.0
2025-11-03 00:30:00+00:00,0.0,0.0
2025-11-03 01:30:00+00:00,32.97,33.0
2025-11-03 02:30:00+00:00,182.85,183.6
2025-11-03 03:30:00+00:00,346.48,347.95
2025-11-03 04:30:00+00:00,513.08,514.28
2025-11-03 05:30:00+00:00,613.2,613.6
2025-11-03 06:30:00+00:00,648.03,650.15
2025-11-03 07:30:00+00:00,623.6,628.2
2025-11-03 08:30:00+00:00,529.55,534.4
2025-11-03 09:30:00+00:00,385.23,390.95
2025-11-03 10:30:00+00:00,204.9,208.35
2025-11-03 11:30:00+00:00,46.75,47.12
2025-11-03 12:30:00+00:00,0.0,0.0
2025-11-03 13:30:00+00:00,0.0,0.0
2025-11-03 14:30:00+00:00,0.0,0.0
2025-11-03 15:30:00+00:00,0.0,0.0
2025-11-03 16:30:00+00:00,0.0,0.0
2025-11-03 17:30:00+00:00,0.0,0.0
2025-11-03 18:30:00+00:00,0.0,0.0
2025-11-03 19:30:00+00:00,0.0,0.0
2025-11-03 20:30:00+00:00,0.0,0.0
2025-11-03 21:30:00+00:00,0.0,0.0
2025-11-03 22:30:00+00:00,0.0,0.0
2025-11-03 23:30:00+00:00,0.0,0.0
2025-11-04 00:30:00+00:00,0.0,0.0
2025-11-04 01:30:00+00:00,27.1,34.08
2025-11-04 02:30:00+00:00,143.32,196.52
2025-11-04 03:30:00+00:00,282.48,383.1
2025-11-04 04:30:00+00:00,421.77,541.22
2025-11-04 05:30:00+00:00,565.6,645.08
2025-11-04 06:30:00+00:00,587.0,662.83
2025-11-04 07:30:00+00:00,558.12,631.72
2025-11-04 08:30:00+00:00,524.9,533.3
2025-11-04 09:30:00+00:00,355.45,381.15
2025-11-04 10:30:00+00:00,171.65,198.62
2025-11-04 11:30:00+00:00,37.62,43.17
2025-11-04 12:30:00+00:00,0.0,0.0
2025-11-04 13:30:00+00:00,0.0,0.0
2025-11-04 14:30:00+00:00,0.0,0.0
2025-11-04 15:30:00+00:00,0.0,0.0
2025-11-04 16:30:00+00:00,0.0,0.0
2025-11-04 17:30:00+00:00,0.0,0.0
2025-11-04 18:30:00+00:00,0.0,0.0
2025-11-04 19:30:00+00:00,0.0,0.0
2025-11-04 20:30:00+00:00,0.0,0.0
2025-11-04 21:30:00+00:00,0.0,0.0
2025-11-04 22:30:00+00:00,0.0,0.0
2025-11-04 23:30:00+00:00,0.0,0.0
2025-11-05 00:30:00+00:00,0.0,0.0
2025-11-05 01:30:00+00:00,31.85,31.98
2025-11-05 02:30:00+00:00,186.82,187.73
2025-11-05 03:30:00+00:00,359.83,361.15
2025-11-05 04:30:00+00:00,517.47,518.7
2025-11-05 05:30:00+00:00,623.65,624.47
2025-11-05 06:30:00+00:00,669.58,670.05
2025-11-05 07:30:00+00:00,642.53,643.9
2025-11-05 08:30:00+00:00,508.73,548.22
2025-11-05 09:30:00+00:00,371.83,394.62
2025-11-05 10:30:00+00:00,199.57,208.1
2025-11-05 11:30:00+00:00,43.42,44.2
2025-11-05 12:30:00+00:00,0.0,0.0
2025-11-05 13:30:00+00:00,0.0,0.0
2025-11-05 14:30:00+00:00,0.0,0.0
2025-11-05 15:30:00+00:00,0.0,0.0
2025-11-05 16:30:00+00:00,0.0,0.0
2025-11-05 17:30:00+00:00,0.0,0.0
2025-11-05 18:30:00+00:00,0.0,0.0
2025-11-05 19:30:00+00:00,0.0,0.0
2025-11-05 20:30:00+00:00,0.0,0.0
2025-11-05 21:30:00+00:00,0.0,0.0
2025-11-05 22:30:00+00:00,0.0,0.0
2025-11-05 23:30:00+00:00,0.0,0.0
2025-11-06 00:30:00+00:00,0.0,0.0
2025-11-06 01:30:00+00:00,31.95,31.98
2025-11-06 02:30:00+00:00,192.88,192.93
2025-11-06 03:30:00+00:00,375.02,375.1
2025-11-06 04:30:00+00:00,539.85,539.9
2025-11-06 05:30:00+00:00,652.78,652.8
2025-11-06 06:30:00+00:00,705.38,705.42
2025-11-06 07:30:00+00:00,675.8,675.83
2025-11-06 08:30:00+00:00,575.92,575.92
2025-11-06 09:30:00+00:00,418.67,418.77
2025-11-06 10:30:00+00:00,230.23,230.38
2025-11-06 11:30:00+00:00,50.15,50.17
2025-11-06 12:30:00+00:00,0.0,0.0
2025-11-06 13:30:00+00:00,0.0,0.0
2025-11-06 14:30:00+00:00,0.0,0.0
2025-11-06 15:30:00+00:00,0.0,0.0
2025-11-06 16:30:00+00:00,0.0,0.0
2025-11-06 17:30:00+00:00,0.0,0.0
2025-11-06 18:30:00+00:00,0.0,0.0
2025-11-06 19:30:00+00:00,0.0,0.0
2025-11-06 20:30:00+00:00,0.0,0.0
2025-11-06 21:30:00+00:00,0.0,0.0
2025-11-06 22:30:00+00:00,0.0,0.0
2025-11-06 23:30:00+00:00,0.0,0.0
2025-11-07 00:30:00+00:00,0.0,0.0
2025-11-07 01:30:00+00:00,36.4,36.65
2025-11-07 02:30:00+00:00,221.48,223.18
2025-11-07 03:30:00+00:00,419.67,421.83
2025-11-07 04:30:00+00:00,585.95,587.75
2025-11-07 05:30:00+00:00,696.92,698.08
2025-11-07 06:30:00+00:00,657.28,657.7
2025-11-07 07:30:00+00:00,634.08,634.15
2025-11-07 08:30:00+00:00,539.92,541.65
2025-11-07 09:30:00+00:00,390.4,393.5
2025-11-07 10:30:00+00:00,210.1,212.32
2025-11-07 11:30:00+00:00,43.3,43.47
2025-11-07 12:30:00+00:00,0.0,0.0
2025-11-07 13:30:00+00:00,0.0,0.0
2025-11-07 14:30:00+00:00,0.0,0.0
2025-11-07 15:30:00+00:00,0.0,0.0
2025-11-07 16:30:00+00:00,0.0,0.0
2025-11-07 17:30:00+00:00,0.0,0.0
2025-11-07 18:30:00+00:00,0.0,0.0
2025-11-07 19:30:00+00:00,0.0,0.0
2025-11-07 20:30:00+00:00,0.0,0.0
2025-11-07 21:30:00+00:00,0.0,0.0
2025-11-07 22:30:00+00:00,0.0,0.0
2025-11-07 23:30:00+00:00,0.0,0.0
2025-11-08 00:30:00+00:00,0.0,0.0
2025-11-08 01:30:00+00:00,30.12,33.4
2025-11-08 02:30:00+00:00,188.05,210.1
2025-11-08 03:30:00+00:00,377.9,410.45
2025-11-08 04:30:00+00:00,538.35,575.72
2025-11-08 05:30:00+00:00,657.17,684.12
2025-11-08 06:30:00+00:00,629.38,641.88
2025-11-08 07:30:00+00:00,616.28,616.78
2025-11-08 08:30:00+00:00,521.17,523.53
2025-11-08 09:30:00+00:00,370.48,373.7
2025-11-08 10:30:00+00:00,194.93,197.07
2025-11-08 11:30:00+00:00,39.12,39.3
2025-11-08 12:30:00+00:00,0.0,0.0
2025-11-08 13:30:00+00:00,0.0,0.0
2025-11-08 14:30:00+00:00,0.0,0.0
2025-11-08 15:30:00+00:00,0.0,0.0
2025-11-08 16:30:00+00:00,0.0,0.0
2025-11-08 17:30:00+00:00,0.0,0.0
2025-11-08 18:30:00+00:00,0.0,0.0
2025-11-08 19:30:00+00:00,0.0,0.0
2025-11-08 20:30:00+00:00,0.0,0.0
2025-11-08 21:30:00+00:00,0.0,0.0
2025-11-08 22:30:00+00:00,0.0,0.0
2025-11-08 23:30:00+00:00,0.0,0.0
2025-11-09 00:30:00+00:00,0.0,0.0
2025-11-09 01:30:00+00:00,27.8,28.2
2025-11-09 02:30:00+00:00,181.0,184.68
2025-11-09 03:30:00+00:00,370.2,374.8
2025-11-09 04:30:00+00:00,530.5,530.97
2025-11-09 05:30:00+00:00,642.2,644.5
2025-11-09 06:30:00+00:00,564.55,568.3
2025-11-09 07:30:00+00:00,546.9,553.55
2025-11-09 08:30:00+00:00,455.3,461.98
2025-11-09 09:30:00+00:00,313.85,320.27
2025-11-09 10:30:00+00:00,159.7,162.73
2025-11-09 11:30:00+00:00,31.88,32.08
2025-11-09 12:30:00+00:00,0.0,0.0
2025-11-09 13:30:00+00:00,0.0,0.0
2025-11-09 14:30:00+00:00,0.0,0.0
2025-11-09 15:30:00+00:00,0.0,0.0
2025-11-09 16:30:00+00:00,0.0,0.0
2025-11-09 17:30:00+00:00,0.0,0.0
2025-11-09 18:30:00+00:00,0.0,0.0
2025-11-09 19:30:00+00:00,0.0,0.0
2025-11-09 20:30:00+00:00,0.0,0.0
2025-11-09 21:30:00+00:00,0.0,0.0
2025-11-09 22:30:00+00:00,0.0,0.0
2025-11-09 23:30:00+00:00,0.0,0.0
2025-11-10 00:30:00+00:00,0.0,0.0
2025-11-10 01:30:00+00:00,25.6,25.8
2025-11-10 02:30:00+00:00,172.7,173.95
2025-11-10 03:30:00+00:00,343.27,344.8
2025-11-10 04:30:00+00:00,509.8,510.95
2025-11-10 05:30:00+00:00,626.22,626.97
2025-11-10 06:30:00+00:00,527.9,564.6
2025-11-10 07:30:00+00:00,529.9,536.55
2025-11-10 08:30:00+00:00,443.75,444.9
2025-11-10 09:30:00+00:00,314.35,314.77
2025-11-10 10:30:00+00:00,153.3,153.43
2025-11-10 11:30:00+00:00,29.58,29.45
2025-11-10 12:30:00+00:00,0.0,0.0
2025-11-10 13:30:00+00:00,0.0,0.0
2025-11-10 14:30:00+00:00,0.0,0.0
2025-11-10 15:30:00+00:00,0.0,0.0
2025-11-10 16:30:00+00:00,0.0,0.0
2025-11-10 17:30:00+00:00,0.0,0.0
2025-11-10 18:30:00+00:00,0.0,0.0
2025-11-10 19:30:00+00:00,0.0,0.0
2025-11-10 20:30:00+00:00,0.0,0.0
2025-11-10 21:30:00+00:00,0.0,0.0
2025-11-10 22:30:00+00:00,0.0,0.0
2025-11-10 23:30:00+00:00,0.0,0.0
2025-11-11 00:30:00+00:00,0.0,0.0
2025-11-11 01:30:00+00:00,22.12,22.45
2025-11-11 02:30:00+00:00,153.52,155.38
2025-11-11 03:30:00+00:00,322.38,329.33
2025-11-11 04:30:00+00:00,480.4,486.85
2025-11-11 05:30:00+00:00,589.35,594.6
2025-11-11 06:30:00+00:00,546.35,548.88
2025-11-11 07:30:00+00:00,520.3,521.72
2025-11-11 08:30:00+00:00,431.2,431.83
2025-11-11 09:30:00+00:00,326.85,327.58
2025-11-11 10:30:00+00:00,162.93,163.32
2025-11-11 11:30:00+00:00,31.08,31.1
2025-11-11 12:30:00+00:00,0.0,0.0
2025-11-11 13:30:00+00:00,0.0,0.0
2025-11-11 14:30:00+00:00,0.0,0.0
2025-11-11 15:30:00+00:00,0.0,0.0
2025-11-11 16:30:00+00:00,0.0,0.0
2025-11-11 17:30:00+00:00,0.0,0.0
2025-11-11 18:30:00+00:00,0.0,0.0
2025-11-11 19:30:00+00:00,0.0,0.0
2025-11-11 20:30:00+00:00,0.0,0.0
2025-11-11 21:30:00+00:00,0.0,0.0
2025-11-11 22:30:00+00:00,0.0,0.0
2025-11-11 23:30:00+00:00,0.0,0.0
2025-11-12 00:30:00+00:00,0.0,0.0
2025-11-12 01:30:00+00:00,21.7,21.85
2025-11-12 02:30:00+00:00,154.05,156.07
2025-11-12 03:30:00+00:00,325.15,329.98
2025-11-12 04:30:00+00:00,477.77,482.0
2025-11-12 05:30:00+00:00,586.05,589.2
2025-11-12 06:30:00+00:00,570.05,571.62
2025-11-12 07:30:00+00:00,549.67,550.28
2025-11-12 08:30:00+00:00,456.95,456.98
2025-11-12 09:30:00+00:00,318.65,319.6
2025-11-12 10:30:00+00:00,164.85,165.6
2025-11-12 11:30:00+00:00,30.9,30.7
2025-11-12 12:30:00+00:00,0.0,0.0
2025-11-12 13:30:00+00:00,0.0,0.0
2025-11-12 14:30:00+00:00,0.0,0.0
2025-11-12 15:30:00+00:00,0.0,0.0
2025-11-12 16:30:00+00:00,0.0,0.0
2025-11-12 17:30:00+00:00,0.0,0.0
2025-11-12 18:30:00+00:00,0.0,0.0
2025-11-12 19:30:00+00:00,0.0,0.0
2025-11-12 20:30:00+00:00,0.0,0.0
2025-11-12 21:30:00+00:00,0.0,0.0
2025-11-12 22:30:00+00:00,0.0,0.0
2025-11-12 23:30:00+00:00,0.0,0.0
2025-11-13 00:30:00+00:00,0.0,0.0
2025-11-13 01:30:00+00:00,22.15,22.38
2025-11-13 02:30:00+00:00,162.55,164.82
2025-11-13 03:30:00+00:00,341.83,346.62
2025-11-13 04:30:00+00:00,498.65,502.65
2025-11-13 05:30:00+00:00,606.38,609.12
2025-11-13 06:30:00+00:00,524.15,525.15
2025-11-13 07:30:00+00:00,503.67,503.9
2025-11-13 08:30:00+00:00,417.33,418.35
2025-11-13 09:30:00+00:00,286.23,287.6
2025-11-13 10:30:00+00:00,147.4,148.2
2025-11-13 11:30:00+00:00,27.4,27.35
2025-11-13 12:30:00+00:00,0.0,0.0
2025-11-13 13:30:00+00:00,0.0,0.0
2025-11-13 14:30:00+00:00,0.0,0.0
2025-11-13 15:30:00+00:00,0.0,0.0
2025-11-13 16:30:00+00:00,0.0,0.0
2025-11-13 17:30:00+00:00,0.0,0.0
2025-11-13 18:30:00+00:00,0.0,0.0
2025-11-13 19:30:00+00:00,0.0,0.0
2025-11-13 20:30:00+00:00,0.0,0.0
2025-11-13 21:30:00+00:00,0.0,0.0
2025-11-13 22:30:00+00:00,0.0,0.0
2025-11-13 23:30:00+00:00,0.0,0.0
2025-11-14 00:30:00+00:00,0.0,0.0
2025-11-14 01:30:00+00:00,20.5,20.75
2025-11-14 02:30:00+00:00,153.4,156.65
2025-11-14 03:30:00+00:00,327.33,335.83
2025-11-14 04:30:00+00:00,485.05,495.48
2025-11-14 05:30:00+00:00,593.5,603.5
2025-11-14 06:30:00+00:00,544.53,551.55
2025-11-14 07:30:00+00:00,520.5,527.28
2025-11-14 08:30:00+00:00,432.25,439.08
2025-11-14 09:30:00+00:00,295.75,302.05
2025-11-14 10:30:00+00:00,147.55,150.25
2025-11-14 11:30:00+00:00,27.5,27.5
2025-11-14 12:30:00+00:00,0.0,0.0
2025-11-14 13:30:00+00:00,0.0,0.0
2025-11-14 14:30:00+00:00,0.0,0.0
2025-11-14 15:30:00+00:00,0.0,0.0
2025-11-14 16:30:00+00:00,0.0,0.0
2025-11-14 17:30:00+00:00,0.0,0.0
2025-11-14 18:30:00+00:00,0.0,0.0
2025-11-14 19:30:00+00:00,0.0,0.0
2025-11-14 20:30:00+00:00,0.0,0.0
2025-11-14 21:30:00+00:00,0.0,0.0
2025-11-14 22:30:00+00:00,0.0,0.0
2025-11-14 23:30:00+00:00,0.0,0.0
2025-11-15 00:30:00+00:00,0.0,0.0
2025-11-15 01:30:00+00:00,19.27,19.4
2025-11-15 02:30:00+00:00,145.07,147.77
2025-11-15 03:30:00+00:00,315.2,319.35
2025-11-15 04:30:00+00:00,452.52,453.62
2025-11-15 05:30:00+00:00,575.17,581.9
2025-11-15 06:30:00+00:00,549.95,561.35
2025-11-15 07:30:00+00:00,518.67,536.0
2025-11-15 08:30:00+00:00,436.92,437.0
2025-11-15 09:30:00+00:00,315.73,316.65
2025-11-15 10:30:00+00:00,153.32,154.4
2025-11-15 11:30:00+00:00,28.25,28.02
2025-11-15 12:30:00+00:00,0.0,0.0
2025-11-15 13:30:00+00:00,0.0,0.0
2025-11-15 14:30:00+00:00,0.0,0.0
2025-11-15 15:30:00+00:00,0.0,0.0
2025-11-15 16:30:00+00:00,0.0,0.0
2025-11-15 17:30:00+00:00,0.0,0.0
2025-11-15 18:30:00+00:00,0.0,0.0
2025-11-15 19:30:00+00:00,0.0,0.0
2025-11-15 20:30:00+00:00,0.0,0.0
2025-11-15 21:30:00+00:00,0.0,0.0
2025-11-15 22:30:00+00:00,0.0,0.0
2025-11-15 23:30:00+00:00,0.0,0.0
2025-11-16 00:30:00+00:00,0.0,0.0
2025-11-16 01:30:00+00:00,19.62,20.3
2025-11-16 02:30:00+00:00,153.45,162.85
2025-11-16 03:30:00+00:00,325.83,349.7
2025-11-16 04:30:00+00:00,486.65,514.47
2025-11-16 05:30:00+00:00,601.9,626.83
2025-11-16 06:30:00+00:00,626.47,644.17
2025-11-16 07:30:00+00:00,608.75,617.9
2025-11-16 08:30:00+00:00,520.75,520.75
2025-11-16 09:30:00+00:00,367.73,371.83
2025-11-16 10:30:00+00:00,187.9,191.4
2025-11-16 11:30:00+00:00,33.38,33.5
2025-11-16 12:30:00+00:00,0.0,0.0
2025-11-16 13:30:00+00:00,0.0,0.0
2025-11-16 14:30:00+00:00,0.0,0.0
2025-11-16 15:30:00+00:00,0.0,0.0
2025-11-16 16:30:00+00:00,0.0,0.0
2025-11-16 17:30:00+00:00,0.0,0.0
2025-11-16 18:30:00+00:00,0.0,0.0
2025-11-16 19:30:00+00:00,0.0,0.0
2025-11-16 20:30:00+00:00,0.0,0.0
2025-11-16 21:30:00+00:00,0.0,0.0
2025-11-16 22:30:00+00:00,0.0,0.0
2025-11-16 23:30:00+00:00,0.0,0.0
2025-11-17 00:30:00+00:00,0.0,0.0
2025-11-17 01:30:00+00:00,19.8,20.2
2025-11-17 02:30:00+00:00,156.02,165.98
2025-11-17 03:30:00+00:00,329.52,351.7
2025-11-17 04:30:00+00:00,489.02,511.52
2025-11-17 05:30:00+00:00,601.9,618.85
2025-11-17 06:30:00+00:00,583.5,591.97
2025-11-17 07:30:00+00:00,560.28,563.55
2025-11-17 08:30:00+00:00,460.9,461.02
2025-11-17 09:30:00+00:00,321.98,324.12
2025-11-17 10:30:00+00:00,159.27,161.07
2025-11-17 11:30:00+00:00,27.95,27.85
2025-11-17 12:30:00+00:00,0.0,0.0
2025-11-17 13:30:00+00:00,0.0,0.0
2025-11-17 14:30:00+00:00,0.0,0.0
2025-11-17 15:30:00+00:00,0.0,0.0
2025-11-17 16:30:00+00:00,0.0,0.0
2025-11-17 17:30:00+00:00,0.0,0.0
2025-11-17 18:30:00+00:00,0.0,0.0
2025-11-17 19:30:00+00:00,0.0,0.0
2025-11-17 20:30:00+00:00,0.0,0.0
2025-11-17 21:30:00+00:00,0.0,0.0
2025-11-17 22:30:00+00:00,0.0,0.0
2025-11-17 23:30:00+00:00,0.0,0.0
2025-11-18 00:30:00+00:00,0.0,0.0
2025-11-18 01:30:00+00:00,17.02,17.05
2025-11-18 02:30:00+00:00,138.6,141.57
2025-11-18 03:30:00+00:00,307.88,312.3
2025-11-18 04:30:00+00:00,445.12,445.45
2025-11-18 05:30:00+00:00,565.08,568.0
2025-11-18 06:30:00+00:00,560.33,567.33
2025-11-18 07:30:00+00:00,535.38,536.35
2025-11-18 08:30:00+00:00,445.42,453.65
2025-11-18 09:30:00+00:00,299.58,314.83
2025-11-18 10:30:00+00:00,152.32,157.9
2025-11-18 11:30:00+00:00,25.62,27.35
2025-11-18 12:30:00+00:00,0.0,0.0
2025-11-18 13:30:00+00:00,0.0,0.0
2025-11-18 14:30:00+00:00,0.0,0.0
2025-11-18 15:30:00+00:00,0.0,0.0
2025-11-18 16:30:00+00:00,0.0,0.0
2025-11-18 17:30:00+00:00,0.0,0.0
2025-11-18 18:30:00+00:00,0.0,0.0
2025-11-18 19:30:00+00:00,0.0,0.0
2025-11-18 20:30:00+00:00,0.0,0.0
2025-11-18 21:30:00+00:00,0.0,0.0
2025-11-18 22:30:00+00:00,0.0,0.0
2025-11-18 23:30:00+00:00,0.0,0.0
2025-11-19 00:30:00+00:00,0.0,0.0
2025-11-19 01:30:00+00:00,17.08,17.05
2025-11-19 02:30:00+00:00,139.5,146.12
2025-11-19 03:30:00+00:00,304.8,319.15
2025-11-19 04:30:00+00:00,463.48,473.48
2025-11-19 05:30:00+00:00,569.15,570.95
2025-11-19 06:30:00+00:00,506.73,527.9
2025-11-19 07:30:00+00:00,479.2,501.02
2025-11-19 08:30:00+00:00,407.8,413.3
2025-11-19 09:30:00+00:00,282.5,288.88
2025-11-19 10:30:00+00:00,134.8,137.5
2025-11-19 11:30:00+00:00,23.6,23.83
2025-11-19 12:30:00+00:00,0.0,0.0
2025-11-19 13:30:00+00:00,0.0,0.0
2025-11-19 14:30:00+00:00,0.0,0.0
2025-11-19 15:30:00+00:00,0.0,0.0
2025-11-19 16:30:00+00:00,0.0,0.0
2025-11-19 17:30:00+00:00,0.0,0.0
2025-11-19 18:30:00+00:00,0.0,0.0
2025-11-19 19:30:00+00:00,0.0,0.0
2025-11-19 20:30:00+00:00,0.0,0.0
2025-11-19 21:30:00+00:00,0.0,0.0
2025-11-19 22:30:00+00:00,0.0,0.0
2025-11-19 23:30:00+00:00,0.0,0.0
2025-11-20 00:30:00+00:00,0.0,0.0
2025-11-20 01:30:00+00:00,14.75,14.73
2025-11-20 02:30:00+00:00,131.3,131.38
2025-11-20 03:30:00+00:00,281.33,281.5
2025-11-20 04:30:00+00:00,429.52,429.75
2025-11-20 05:30:00+00:00,533.55,533.78
2025-11-20 06:30:00+00:00,486.17,486.4
2025-11-20 07:30:00+00:00,466.55,484.4
2025-11-20 08:30:00+00:00,392.6,392.58
2025-11-20 09:30:00+00:00,292.0,292.17
2025-11-20 10:30:00+00:00,148.45,148.8
2025-11-20 11:30:00+00:00,23.0,23.02
2025-11-20 12:30:00+00:00,0.0,0.0
2025-11-20 13:30:00+00:00,0.0,0.0
2025-11-20 14:30:00+00:00,0.0,0.0
2025-11-20 15:30:00+00:00,0.0,0.0
2025-11-20 16:30:00+00:00,0.0,0.0
2025-11-20 17:30:00+00:00,0.0,0.0
2025-11-20 18:30:00+00:00,0.0,0.0
2025-11-20 19:30:00+00:00,0.0,0.0
2025-11-20 20:30:00+00:00,0.0,0.0
2025-11-20 21:30:00+00:00,0.0,0.0
2025-11-20 22:30:00+00:00,0.0,0.0
2025-11-20 23:30:00+00:00,0.0,0.0
2025-11-21 00:30:00+00:00,0.0,0.0
2025-11-21 01:30:00+00:00,13.18,13.15
2025-11-21 02:30:00+00:00,121.35,121.35
2025-11-21 03:30:00+00:00,263.83,263.83
2025-11-21 04:30:00+00:00,409.38,409.38
2025-11-21 05:30:00+00:00,515.3,515.35
2025-11-21 06:30:00+00:00,439.55,439.55
2025-11-21 07:30:00+00:00,418.85,418.88
2025-11-21 08:30:00+00:00,345.48,345.48
2025-11-21 09:30:00+00:00,257.17,257.25
2025-11-21 10:30:00+00:00,122.75,122.75
2025-11-21 11:30:00+00:00,21.1,21.02
2025-11-21 12:30:00+00:00,0.0,0.0
2025-11-21 13:30:00+00:00,0.0,0.0
2025-11-21 14:30:00+00:00,0.0,0.0
2025-11-21 15:30:00+00:00,0.0,0.0
2025-11-21 16:30:00+00:00,0.0,0.0
2025-11-21 17:30:00+00:00,0.0,0.0
2025-11-21 18:30:00+00:00,0.0,0.0
2025-11-21 19:30:00+00:00,0.0,0.0
2025-11-21 20:30:00+00:00,0.0,0.0
2025-11-21 21:30:00+00:00,0.0,0.0
2025-11-21 22:30:00+00:00,0.0,0.0
2025-11-21 23:30:00+00:00,0.0,0.0
2025-11-22 00:30:00+00:00,0.0,0.0
2025-11-22 01:30:00+00:00,13.98,13.98
2025-11-22 02:30:00+00:00,139.07,139.75
2025-11-22 03:30:00+00:00,294.42,295.73
2025-11-22 04:30:00+00:00,448.6,450.25
2025-11-22 05:30:00+00:00,557.62,559.25
2025-11-22 06:30:00+00:00,504.1,505.1
2025-11-22 07:30:00+00:00,487.38,488.12
2025-11-22 08:30:00+00:00,406.3,406.73
2025-11-22 09:30:00+00:00,308.88,309.5
2025-11-22 10:30:00+00:00,150.12,150.57
2025-11-22 11:30:00+00:00,24.67,24.7
2025-11-22 12:30:00+00:00,0.0,0.0
2025-11-22 13:30:00+00:00,0.0,0.0
2025-11-22 14:30:00+00:00,0.0,0.0
2025-11-22 15:30:00+00:00,0.0,0.0
2025-11-22 16:30:00+00:00,0.0,0.0
2025-11-22 17:30:00+00:00,0.0,0.0
2025-11-22 18:30:00+00:00,0.0,0.0
2025-11-22 19:30:00+00:00,0.0,0.0
2025-11-22 20:30:00+00:00,0.0,0.0
2025-11-22 21:30:00+00:00,0.0,0.0
2025-11-22 22:30:00+00:00,0.0,0.0
2025-11-22 23:30:00+00:00,0.0,0.0
2025-11-23 00:30:00+00:00,0.0,0.0
2025-11-23 01:30:00+00:00,14.1,14.15
2025-11-23 02:30:00+00:00,139.75,140.25
2025-11-23 03:30:00+00:00,307.75,308.55
2025-11-23 04:30:00+00:00,465.67,466.45
2025-11-23 05:30:00+00:00,576.4,576.97
2025-11-23 06:30:00+00:00,550.12,550.45
2025-11-23 07:30:00+00:00,533.17,533.35
2025-11-23 08:30:00+00:00,447.55,448.05
2025-11-23 09:30:00+00:00,311.25,311.92
2025-11-23 10:30:00+00:00,163.88,164.4
2025-11-23 11:30:00+00:00,26.58,26.58
2025-11-23 12:30:00+00:00,0.0,0.0
2025-11-23 13:30:00+00:00,0.0,0.0
2025-11-23 14:30:00+00:00,0.0,0.0
2025-11-23 15:30:00+00:00,0.0,0.0
2025-11-23 16:30:00+00:00,0.0,0.0
2025-11-23 17:30:00+00:00,0.0,0.0
2025-11-23 18:30:00+00:00,0.0,0.0
2025-11-23 19:30:00+00:00,0.0,0.0
2025-11-23 20:30:00+00:00,0.0,0.0
2025-11-23 21:30:00+00:00,0.0,0.0
2025-11-23 22:30:00+00:00,0.0,0.0
2025-11-23 23:30:00+00:00,0.0,0.0
2025-11-24 00:30:00+00:00,0.0,0.0
2025-11-24 01:30:00+00:00,12.55,12.55
2025-11-24 02:30:00+00:00,124.32,125.0
2025-11-24 03:30:00+00:00,270.17,271.23
2025-11-24 04:30:00+00:00,415.95,416.7
2025-11-24 05:30:00+00:00,510.48,510.75
2025-11-24 06:30:00+00:00,531.75,531.88
2025-11-24 07:30:00+00:00,509.0,509.0
2025-11-24 08:30:00+00:00,420.62,420.95
2025-11-24 09:30:00+00:00,316.48,317.12
2025-11-24 10:30:00+00:00,152.5,153.02
2025-11-24 11:30:00+00:00,24.7,24.7
2025-11-24 12:30:00+00:00,0.0,0.0
2025-11-24 13:30:00+00:00,0.0,0.0
2025-11-24 14:30:00+00:00,0.0,0.0
2025-11-24 15:30:00+00:00,0.0,0.0
2025-11-24 16:30:00+00:00,0.0,0.0
2025-11-24 17:30:00+00:00,0.0,0.0
2025-11-24 18:30:00+00:00,0.0,0.0
2025-11-24 19:30:00+00:00,0.0,0.0
2025-11-24 20:30:00+00:00,0.0,0.0
2025-11-24 21:30:00+00:00,0.0,0.0
2025-11-24 22:30:00+00:00,0.0,0.0
2025-11-24 23:30:00+00:00,0.0,0.0
2025-11-25 00:30:00+00:00,0.0,0.0
2025-11-25 01:30:00+00:00,11.65,11.68
2025-11-25 02:30:00+00:00,122.07,122.35
2025-11-25 03:30:00+00:00,269.6,270.15
2025-11-25 04:30:00+00:00,418.8,419.38
2025-11-25 05:30:00+00:00,525.28,525.75
2025-11-25 06:30:00+00:00,576.7,577.0
2025-11-25 07:30:00+00:00,552.2,552.38
2025-11-25 08:30:00+00:00,461.35,462.02
2025-11-25 09:30:00+00:00,319.25,320.15
2025-11-25 10:30:00+00:00,167.0,167.68
2025-11-25 11:30:00+00:00,26.15,26.1
2025-11-25 12:30:00+00:00,0.0,0.0
2025-11-25 13:30:00+00:00,0.0,0.0
2025-11-25 14:30:00+00:00,0.0,0.0
2025-11-25 15:30:00+00:00,0.0,0.0
2025-11-25 16:30:00+00:00,0.0,0.0
2025-11-25 17:30:00+00:00,0.0,0.0
2025-11-25 18:30:00+00:00,0.0,0.0
2025-11-25 19:30:00+00:00,0.0,0.0
2025-11-25 20:30:00+00:00,0.0,0.0
2025-11-25 21:30:00+00:00,0.0,0.0
2025-11-25 22:30:00+00:00,0.0,0.0
2025-11-25 23:30:00+00:00,0.0,0.0
2025-11-26 00:30:00+00:00,0.0,0.0
2025-11-26 01:30:00+00:00,12.15,12.12
2025-11-26 02:30:00+00:00,128.57,129.77
2025-11-26 03:30:00+00:00,296.98,300.4
2025-11-26 04:30:00+00:00,447.45,450.67
2025-11-26 05:30:00+00:00,552.0,553.9
2025-11-26 06:30:00+00:00,586.92,586.92
2025-11-26 07:30:00+00:00,559.22,559.22
2025-11-26 08:30:00+00:00,467.17,467.17
2025-11-26 09:30:00+00:00,321.5,322.38
2025-11-26 10:30:00+00:00,161.12,161.77
2025-11-26 11:30:00+00:00,25.85,25.8
2025-11-26 12:30:00+00:00,0.0,0.0
2025-11-26 13:30:00+00:00,0.0,0.0
2025-11-26 14:30:00+00:00,0.0,0.0
2025-11-26 15:30:00+00:00,0.0,0.0
2025-11-26 16:30:00+00:00,0.0,0.0
2025-11-26 17:30:00+00:00,0.0,0.0
2025-11-26 18:30:00+00:00,0.0,0.0
2025-11-26 19:30:00+00:00,0.0,0.0
2025-11-26 20:30:00+00:00,0.0,0.0
2025-11-26 21:30:00+00:00,0.0,0.0
2025-11-26 22:30:00+00:00,0.0,0.0
2025-11-26 23:30:00+00:00,0.0,0.0
2025-11-27 00:30:00+00:00,0.0,0.0
2025-11-27 01:30:00+00:00,10.18,10.23
2025-11-27 02:30:00+00:00,109.1,110.75
2025-11-27 03:30:00+00:00,265.3,268.42
2025-11-27 04:30:00+00:00,400.17,403.77
2025-11-27 05:30:00+00:00,475.75,477.25
2025-11-27 06:30:00+00:00,561.8,562.33
2025-11-27 07:30:00+00:00,540.78,541.05
2025-11-27 08:30:00+00:00,448.77,448.77
2025-11-27 09:30:00+00:00,332.2,332.58
2025-11-27 10:30:00+00:00,163.0,163.38
2025-11-27 11:30:00+00:00,25.38,25.42
2025-11-27 12:30:00+00:00,0.0,0.0
2025-11-27 13:30:00+00:00,0.0,0.0
2025-11-27 14:30:00+00:00,0.0,0.0
2025-11-27 15:30:00+00:00,0.0,0.0
2025-11-27 16:30:00+00:00,0.0,0.0
2025-11-27 17:30:00+00:00,0.0,0.0
2025-11-27 18:30:00+00:00,0.0,0.0
2025-11-27 19:30:00+00:00,0.0,0.0
2025-11-27 20:30:00+00:00,0.0,0.0
2025-11-27 21:30:00+00:00,0.0,0.0
2025-11-27 22:30:00+00:00,0.0,0.0
2025-11-27 23:30:00+00:00,0.0,0.0
2025-11-28 00:30:00+00:00,0.0,0.0
2025-11-28 01:30:00+00:00,8.75,9.05
2025-11-28 02:30:00+00:00,93.7,102.3
2025-11-28 03:30:00+00:00,230.48,254.93
2025-11-28 04:30:00+00:00,327.92,392.05
2025-11-28 05:30:00+00:00,400.88,497.35
2025-11-28 06:30:00+00:00,506.7,571.5
2025-11-28 07:30:00+00:00,501.7,549.55
2025-11-28 08:30:00+00:00,442.0,462.58
2025-11-28 09:30:00+00:00,311.3,324.2
2025-11-28 10:30:00+00:00,159.95,162.38
2025-11-28 11:30:00+00:00,25.3,25.4
2025-11-28 12:30:00+00:00,0.0,0.0
2025-11-28 13:30:00+00:00,0.0,0.0
2025-11-28 14:30:00+00:00,0.0,0.0
2025-11-28 15:30:00+00:00,0.0,0.0
2025-11-28 16:30:00+00:00,0.0,0.0
2025-11-28 17:30:00+00:00,0.0,0.0
2025-11-28 18:30:00+00:00,0.0,0.0
2025-11-28 19:30:00+00:00,0.0,0.0
2025-11-28 20:30:00+00:00,0.0,0.0
2025-11-28 21:30:00+00:00,0.0,0.0
2025-11-28 22:30:00+00:00,0.0,0.0
2025-11-28 23:30:00+00:00,0.0,0.0
2025-11-29 00:30:00+00:00,0.0,0.0
2025-11-29 01:30:00+00:00,8.8,8.8
2025-11-29 02:30:00+00:00,117.25,117.43
2025-11-29 03:30:00+00:00,282.98,283.35
2025-11-29 04:30:00+00:00,388.3,388.62
2025-11-29 05:30:00+00:00,492.7,492.98
2025-11-29 06:30:00+00:00,553.2,553.4
2025-11-29 07:30:00+00:00,529.45,529.58
2025-11-29 08:30:00+00:00,441.02,441.15
2025-11-29 09:30:00+00:00,304.73,304.83
2025-11-29 10:30:00+00:00,162.25,162.32
2025-11-29 11:30:00+00:00,25.5,25.5
2025-11-29 12:30:00+00:00,0.0,0.0
2025-11-29 13:30:00+00:00,0.0,0.0
2025-11-29 14:30:00+00:00,0.0,0.0
2025-11-29 15:30:00+00:00,0.0,0.0
2025-11-29 16:30:00+00:00,0.0,0.0
2025-11-29 17:30:00+00:00,0.0,0.0
2025-11-29 18:30:00+00:00,0.0,0.0
2025-11-29 19:30:00+00:00,0.0,0.0
2025-11-29 20:30:00+00:00,0.0,0.0
2025-11-29 21:30:00+00:00,0.0,0.0
2025-11-29 22:30:00+00:00,0.0,0.0
2025-11-29 23:30:00+00:00,0.0,0.0
2025-11-30 00:30:00+00:00,0.0,0.0
2025-11-30 01:30:00+00:00,9.2,9.1
2025-11-30 02:30:00+00:00,111.9,114.97
2025-11-30 03:30:00+00:00,253.82,279.92
2025-11-30 04:30:00+00:00,387.95,435.65
2025-11-30 05:30:00+00:00,472.73,544.97
2025-11-30 06:30:00+00:00,509.35,561.2
2025-11-30 07:30:00+00:00,480.6,533.8
2025-11-30 08:30:00+00:00,365.2,442.62
2025-11-30 09:30:00+00:00,281.1,310.65
2025-11-30 10:30:00+00:00,136.02,147.45
2025-11-30 11:30:00+00:00,22.88,23.15
2025-11-30 12:30:00+00:00,0.0,0.0
2025-11-30 13:30:00+00:00,0.0,0.0
2025-11-30 14:30:00+00:00,0.0,0.0
2025-11-30 15:30:00+00:00,0.0,0.0
2025-11-30 16:30:00+00:00,0.0,0.0
2025-11-30 17:30:00+00:00,0.0,0.0
2025-11-30 18:30:00+00:00,0.0,0.0
2025-11-30 19:30:00+00:00,0.0,0.0
2025-11-30 20:30:00+00:00,0.0,0.0
2025-11-30 21:30:00+00:00,0.0,0.0
2025-11-30 22:30:00+00:00,0.0,0.0
2025-11-30 23:30:00+00:00,0.0,0.0
2025-12-01 00:30:00+00:00,0.0,0.0
2025-12-01 01:30:00+00:00,8.43,8.43
2025-12-01 02:30:00+00:00,115.55,115.55
2025-12-01 03:30:00+00:00,287.6,287.62
2025-12-01 04:30:00+00:00,415.4,415.4
2025-12-01 05:30:00+00:00,524.75,524.78
2025-12-01 06:30:00+00:00,557.65,557.65
2025-12-01 07:30:00+00:00,530.8,530.8
2025-12-01 08:30:00+00:00,441.52,441.55
2025-12-01 09:30:00+00:00,327.48,327.55
2025-12-01 10:30:00+00:00,159.73,159.8
2025-12-01 11:30:00+00:00,24.62,24.62
2025-12-01 12:30:00+00:00,0.0,0.0
2025-12-01 13:30:00+00:00,0.0,0.0
2025-12-01 14:30:00+00:00,0.0,0.0
2025-12-01 15:30:00+00:00,0.0,0.0
2025-12-01 16:30:00+00:00,0.0,0.0
2025-12-01 17:30:00+00:00,0.0,0.0
2025-12-01 18:30:00+00:00,0.0,0.0
2025-12-01 19:30:00+00:00,0.0,0.0
2025-12-01 20:30:00+00:00,0.0,0.0
2025-12-01 21:30:00+00:00,0.0,0.0
2025-12-01 22:30:00+00:00,0.0,0.0
2025-12-01 23:30:00+00:00,0.0,0.0
2025-12-02 00:30:00+00:00,0.0,0.0
2025-12-02 01:30:00+00:00,7.47,7.43
2025-12-02 02:30:00+00:00,95.97,96.07
2025-12-02 03:30:00+00:00,248.18,248.75
2025-12-02 04:30:00+00:00,382.7,384.65
2025-12-02 05:30:00+00:00,487.17,488.7
2025-12-02 06:30:00+00:00,465.48,466.33
2025-12-02 07:30:00+00:00,446.8,447.23
2025-12-02 08:30:00+00:00,369.27,369.35
2025-12-02 09:30:00+00:00,279.67,279.7
2025-12-02 10:30:00+00:00,145.15,145.18
2025-12-02 11:30:00+00:00,21.08,21.08
2025-12-02 12:30:00+00:00,0.0,0.0
2025-12-02 13:30:00+00:00,0.0,0.0
2025-12-02 14:30:00+00:00,0.0,0.0
2025-12-02 15:30:00+00:00,0.0,0.0
2025-12-02 16:30:00+00:00,0.0,0.0
2025-12-02 17:30:00+00:00,0.0,0.0
2025-12-02 18:30:00+00:00,0.0,0.0
2025-12-02 19:30:00+00:00,0.0,0.0
2025-12-02 20:30:00+00:00,0.0,0.0
2025-12-02 21:30:00+00:00,0.0,0.0
2025-12-02 22:30:00+00:00,0.0,0.0
2025-12-02 23:30:00+00:00,0.0,0.0
2025-12-03 00:30:00+00:00,0.0,0.0
2025-12-03 01:30:00+00:00,8.25,8.25
2025-12-03 02:30:00+00:00,126.32,126.32
2025-12-03 03:30:00+00:00,292.08,292.08
2025-12-03 04:30:00+00:00,458.55,458.58
2025-12-03 05:30:00+00:00,576.65,576.65
2025-12-03 06:30:00+00:00,593.3,593.3
2025-12-03 07:30:00+00:00,573.88,573.88
2025-12-03 08:30:00+00:00,485.25,485.25
2025-12-03 09:30:00+00:00,343.98,344.0
2025-12-03 10:30:00+00:00,187.32,187.38
2025-12-03 11:30:00+00:00,28.48,28.48
2025-12-03 12:30:00+00:00,0.0,0.0
2025-12-03 13:30:00+00:00,0.0,0.0
2025-12-03 14:30:00+00:00,0.0,0.0
2025-12-03 15:30:00+00:00,0.0,0.0
2025-12-03 16:30:00+00:00,0.0,0.0
2025-12-03 17:30:00+00:00,0.0,0.0
2025-12-03 18:30:00+00:00,0.0,0.0
2025-12-03 19:30:00+00:00,0.0,0.0
2025-12-03 20:30:00+00:00,0.0,0.0
2025-12-03 21:30:00+00:00,0.0,0.0
2025-12-03 22:30:00+00:00,0.0,0.0
2025-12-03 23:30:00+00:00,0.0,0.0
2025-12-04 00:30:00+00:00,0.0,0.0
2025-12-04 01:30:00+00:00,8.45,8.62
2025-12-04 02:30:00+00:00,122.5,127.45
2025-12-04 03:30:00+00:00,289.33,309.75
2025-12-04 04:30:00+00:00,445.0,471.6
2025-12-04 05:30:00+00:00,520.92,582.67
2025-12-04 06:30:00+00:00,553.78,617.78
2025-12-04 07:30:00+00:00,581.5,595.55
2025-12-04 08:30:00+00:00,494.4,505.17
2025-12-04 09:30:00+00:00,352.33,358.98
2025-12-04 10:30:00+00:00,182.7,184.98
2025-12-04 11:30:00+00:00,29.4,29.52
2025-12-04 12:30:00+00:00,0.0,0.0
2025-12-04 13:30:00+00:00,0.0,0.0
2025-12-04 14:30:00+00:00,0.0,0.0
2025-12-04 15:30:00+00:00,0.0,0.0
2025-12-04 16:30:00+00:00,0.0,0.0
2025-12-04 17:30:00+00:00,0.0,0.0
2025-12-04 18:30:00+00:00,0.0,0.0
2025-12-04 19:30:00+00:00,0.0,0.0
2025-12-04 20:30:00+00:00,0.0,0.0
2025-12-04 21:30:00+00:00,0.0,0.0
2025-12-04 22:30:00+00:00,0.0,0.0
2025-12-04 23:30:00+00:00,0.0,0.0
2025-12-05 00:30:00+00:00,0.0,0.0
2025-12-05 01:30:00+00:00,7.72,7.72
2025-12-05 02:30:00+00:00,119.47,119.97
2025-12-05 03:30:00+00:00,288.8,290.15
2025-12-05 04:30:00+00:00,446.65,448.62
2025-12-05 05:30:00+00:00,556.88,559.2
2025-12-05 06:30:00+00:00,572.97,575.83
2025-12-05 07:30:00+00:00,551.5,554.62
2025-12-05 08:30:00+00:00,464.73,467.42
2025-12-05 09:30:00+00:00,318.05,319.9
2025-12-05 10:30:00+00:00,170.93,172.02
2025-12-05 11:30:00+00:00,27.27,27.35
2025-12-05 12:30:00+00:00,0.0,0.0
2025-12-05 13:30:00+00:00,0.0,0.0
2025-12-05 14:30:00+00:00,0.0,0.0
2025-12-05 15:30:00+00:00,0.0,0.0
2025-12-05 16:30:00+00:00,0.0,0.0
2025-12-05 17:30:00+00:00,0.0,0.0
2025-12-05 18:30:00+00:00,0.0,0.0
2025-12-05 19:30:00+00:00,0.0,0.0
2025-12-05 20:30:00+00:00,0.0,0.0
2025-12-05 21:30:00+00:00,0.0,0.0
2025-12-05 22:30:00+00:00,0.0,0.0
2025-12-05 23:30:00+00:00,0.0,0.0
2025-12-06 00:30:00+00:00,0.0,0.0
2025-12-06 01:30:00+00:00,7.25,7.25
2025-12-06 02:30:00+00:00,117.28,117.82
2025-12-06 03:30:00+00:00,288.6,290.1
2025-12-06 04:30:00+00:00,443.92,446.12
2025-12-06 05:30:00+00:00,560.92,564.0
2025-12-06 06:30:00+00:00,592.62,596.7
2025-12-06 07:30:00+00:00,571.12,577.3
2025-12-06 08:30:00+00:00,490.05,491.95
2025-12-06 09:30:00+00:00,344.52,351.0
2025-12-06 10:30:00+00:00,175.93,179.1
2025-12-06 11:30:00+00:00,29.0,28.62
2025-12-06 12:30:00+00:00,0.0,0.0
2025-12-06 13:30:00+00:00,0.0,0.0
2025-12-06 14:30:00+00:00,0.0,0.0
2025-12-06 15:30:00+00:00,0.0,0.0
2025-12-06 16:30:00+00:00,0.0,0.0
2025-12-06 17:30:00+00:00,0.0,0.0
2025-12-06 18:30:00+00:00,0.0,0.0
2025-12-06 19:30:00+00:00,0.0,0.0
2025-12-06 20:30:00+00:00,0.0,0.0
2025-12-06 21:30:00+00:00,0.0,0.0
2025-12-06 22:30:00+00:00,0.0,0.0
2025-12-06 23:30:00+00:00,0.0,0.0
2025-12-07 00:30:00+00:00,0.0,0.0
2025-12-07 01:30:00+00:00,6.6,6.57
2025-12-07 02:30:00+00:00,112.25,112.35
2025-12-07 03:30:00+00:00,273.9,274.1
2025-12-07 04:30:00+00:00,428.15,428.38
2025-12-07 05:30:00+00:00,535.8,536.0
2025-12-07 06:30:00+00:00,604.4,604.55
2025-12-07 07:30:00+00:00,588.28,588.35
2025-12-07 08:30:00+00:00,503.92,503.92
2025-12-07 09:30:00+00:00,360.4,363.12
2025-12-07 10:30:00+00:00,186.8,188.2
2025-12-07 11:30:00+00:00,30.12,30.35
2025-12-07 12:30:00+00:00,0.0,0.0
2025-12-07 13:30:00+00:00,0.0,0.0
2025-12-07 14:30:00+00:00,0.0,0.0
2025-12-07 15:30:00+00:00,0.0,0.0
2025-12-07 16:30:00+00:00,0.0,0.0
2025-12-07 17:30:00+00:00,0.0,0.0
2025-12-07 18:30:00+00:00,0.0,0.0
2025-12-07 19:30:00+00:00,0.0,0.0
2025-12-07 20:30:00+00:00,0.0,0.0
2025-12-07 21:30:00+00:00,0.0,0.0
2025-12-07 22:30:00+00:00,0.0,0.0
2025-12-07 23:30:00+00:00,0.0,0.0
2025-12-08 00:30:00+00:00,0.0,0.0
2025-12-08 01:30:00+00:00,6.68,6.68
2025-12-08 02:30:00+00:00,119.15,120.12
2025-12-08 03:30:00+00:00,292.42,294.45
2025-12-08 04:30:00+00:00,449.73,451.98
2025-12-08 05:30:00+00:00,558.83,560.78
2025-12-08 06:30:00+00:00,606.3,607.65
2025-12-08 07:30:00+00:00,594.8,595.5
2025-12-08 08:30:00+00:00,513.95,513.95
2025-12-08 09:30:00+00:00,375.1,375.15
2025-12-08 10:30:00+00:00,200.9,200.98
2025-12-08 11:30:00+00:00,33.78,33.8
2025-12-08 12:30:00+00:00,0.0,0.0
2025-12-08 13:30:00+00:00,0.0,0.0
2025-12-08 14:30:00+00:00,0.0,0.0
2025-12-08 15:30:00+00:00,0.0,0.0
2025-12-08 16:30:00+00:00,0.0,0.0
2025-12-08 17:30:00+00:00,0.0,0.0
2025-12-08 18:30:00+00:00,0.0,0.0
2025-12-08 19:30:00+00:00,0.0,0.0
2025-12-08 20:30:00+00:00,0.0,0.0
2025-12-08 21:30:00+00:00,0.0,0.0
2025-12-08 22:30:00+00:00,0.0,0.0
2025-12-08 23:30:00+00:00,0.0,0.0
2025-12-09 00:30:00+00:00,0.0,0.0
2025-12-09 01:30:00+00:00,6.88,6.9
2025-12-09 02:30:00+00:00,131.68,131.8
2025-12-09 03:30:00+00:00,320.95,321.23
2025-12-09 04:30:00+00:00,486.27,486.58
2025-12-09 05:30:00+00:00,600.3,600.58
2025-12-09 06:30:00+00:00,627.75,627.92
2025-12-09 07:30:00+00:00,611.08,611.2
2025-12-09 08:30:00+00:00,524.88,525.38
2025-12-09 09:30:00+00:00,380.9,381.67
2025-12-09 10:30:00+00:00,203.25,203.95
2025-12-09 11:30:00+00:00,34.17,34.28
2025-12-09 12:30:00+00:00,0.0,0.0
2025-12-09 13:30:00+00:00,0.0,0.0
2025-12-09 14:30:00+00:00,0.0,0.0
2025-12-09 15:30:00+00:00,0.0,0.0
2025-12-09 16:30:00+00:00,0.0,0.0
2025-12-09 17:30:00+00:00,0.0,0.0
2025-12-09 18:30:00+00:00,0.0,0.0
2025-12-09 19:30:00+00:00,0.0,0.0
2025-12-09 20:30:00+00:00,0.0,0.0
2025-12-09 21:30:00+00:00,0.0,0.0
2025-12-09 22:30:00+00:00,0.0,0.0
2025-12-09 23:30:00+00:00,0.0,0.0
2025-12-10 00:30:00+00:00,0.0,0.0
2025-12-10 01:30:00+00:00,6.25,6.3
2025-12-10 02:30:00+00:00,120.72,122.65
2025-12-10 03:30:00+00:00,303.58,307.52
2025-12-10 04:30:00+00:00,465.75,469.12
2025-12-10 05:30:00+00:00,577.15,579.6
2025-12-10 06:30:00+00:00,619.6,620.95
2025-12-10 07:30:00+00:00,602.08,602.33
2025-12-10 08:30:00+00:00,514.88,515.17
2025-12-10 09:30:00+00:00,370.62,370.98
2025-12-10 10:30:00+00:00,194.2,194.45
2025-12-10 11:30:00+00:00,32.35,32.4
2025-12-10 12:30:00+00:00,0.0,0.0
2025-12-10 13:30:00+00:00,0.0,0.0
2025-12-10 14:30:00+00:00,0.0,0.0
2025-12-10 15:30:00+00:00,0.0,0.0
2025-12-10 16:30:00+00:00,0.0,0.0
2025-12-10 17:30:00+00:00,0.0,0.0
2025-12-10 18:30:00+00:00,0.0,0.0
2025-12-10 19:30:00+00:00,0.0,0.0
2025-12-10 20:30:00+00:00,0.0,0.0
2025-12-10 21:30:00+00:00,0.0,0.0
2025-12-10 22:30:00+00:00,0.0,0.0
2025-12-10 23:30:00+00:00,0.0,0.0
2025-12-11 00:30:00+00:00,0.0,0.0
2025-12-11 01:30:00+00:00,5.6,5.6
2025-12-11 02:30:00+00:00,112.35,112.55
2025-12-11 03:30:00+00:00,287.1,287.52
2025-12-11 04:30:00+00:00,451.4,451.85
2025-12-11 05:30:00+00:00,566.25,566.65
2025-12-11 06:30:00+00:00,605.45,608.05
2025-12-11 07:30:00+00:00,588.1,592.65
2025-12-11 08:30:00+00:00,502.5,507.38
2025-12-11 09:30:00+00:00,360.33,364.88
2025-12-11 10:30:00+00:00,186.12,188.25
2025-12-11 11:30:00+00:00,30.88,31.08
2025-12-11 12:30:00+00:00,0.0,0.0
2025-12-11 13:30:00+00:00,0.0,0.0
2025-12-11 14:30:00+00:00,0.0,0.0
2025-12-11 15:30:00+00:00,0.0,0.0
2025-12-11 16:30:00+00:00,0.0,0.0
2025-12-11 17:30:00+00:00,0.0,0.0
2025-12-11 18:30:00+00:00,0.0,0.0
2025-12-11 19:30:00+00:00,0.0,0.0
2025-12-11 20:30:00+00:00,0.0,0.0
2025-12-11 21:30:00+00:00,0.0,0.0
2025-12-11 22:30:00+00:00,0.0,0.0
2025-12-11 23:30:00+00:00,0.0,0.0
2025-12-12 00:30:00+00:00,0.0,0.0
2025-12-12 01:30:00+00:00,5.15,5.2
2025-12-12 02:30:00+00:00,106.4,109.28
2025-12-12 03:30:00+00:00,274.3,286.65
2025-12-12 04:30:00+00:00,425.27,446.52
2025-12-12 05:30:00+00:00,529.92,557.3
2025-12-12 06:30:00+00:00,529.72,556.6
2025-12-12 07:30:00+00:00,510.27,539.05
2025-12-12 08:30:00+00:00,446.95,454.92
2025-12-12 09:30:00+00:00,310.83,318.3
2025-12-12 10:30:00+00:00,157.25,159.55
2025-12-12 11:30:00+00:00,26.83,26.88
2025-12-12 12:30:00+00:00,0.0,0.0
2025-12-12 13:30:00+00:00,0.0,0.0
2025-12-12 14:30:00+00:00,0.0,0.0
2025-12-12 15:30:00+00:00,0.0,0.0
2025-12-12 16:30:00+00:00,0.0,0.0
2025-12-12 17:30:00+00:00,0.0,0.0
2025-12-12 18:30:00+00:00,0.0,0.0
2025-12-12 19:30:00+00:00,0.0,0.0
2025-12-12 20:30:00+00:00,0.0,0.0
2025-12-12 21:30:00+00:00,0.0,0.0
2025-12-12 22:30:00+00:00,0.0,0.0
2025-12-12 23:30:00+00:00,0.0,0.0
2025-12-13 00:30:00+00:00,0.0,0.0
2025-12-13 01:30:00+00:00,4.05,4.45
2025-12-13 02:30:00+00:00,80.12,90.57
2025-12-13 03:30:00+00:00,208.1,247.1
2025-12-13 04:30:00+00:00,340.88,398.98
2025-12-13 05:30:00+00:00,479.02,507.1
2025-12-13 06:30:00+00:00,460.4,478.35
2025-12-13 07:30:00+00:00,391.15,463.42
2025-12-13 08:30:00+00:00,316.6,388.25
2025-12-13 09:30:00+00:00,235.45,275.52
2025-12-13 10:30:00+00:00,120.4,133.35
2025-12-13 11:30:00+00:00,25.52,23.65
2025-12-13 12:30:00+00:00,0.0,0.0
2025-12-13 13:30:00+00:00,0.0,0.0
2025-12-13 14:30:00+00:00,0.0,0.0
2025-12-13 15:30:00+00:00,0.0,0.0
2025-12-13 16:30:00+00:00,0.0,0.0
2025-12-13 17:30:00+00:00,0.0,0.0
2025-12-13 18:30:00+00:00,0.0,0.0
2025-12-13 19:30:00+00:00,0.0,0.0
2025-12-13 20:30:00+00:00,0.0,0.0
2025-12-13 21:30:00+00:00,0.0,0.0
2025-12-13 22:30:00+00:00,0.0,0.0
2025-12-13 23:30:00+00:00,0.0,0.0
2025-12-14 00:30:00+00:00,0.0,0.0
2025-12-14 01:30:00+00:00,3.53,4.22
2025-12-14 02:30:00+00:00,68.53,91.03
2025-12-14 03:30:00+00:00,166.25,250.43
2025-12-14 04:30:00+00:00,264.75,403.62
2025-12-14 05:30:00+00:00,355.48,512.22
2025-12-14 06:30:00+00:00,428.17,486.98
2025-12-14 07:30:00+00:00,415.65,459.52
2025-12-14 08:30:00+00:00,339.83,382.2
2025-12-14 09:30:00+00:00,256.55,269.33
2025-12-14 10:30:00+00:00,129.75,129.15
2025-12-14 11:30:00+00:00,23.4,23.05
2025-12-14 12:30:00+00:00,0.0,0.0
2025-12-14 13:30:00+00:00,0.0,0.0
2025-12-14 14:30:00+00:00,0.0,0.0
2025-12-14 15:30:00+00:00,0.0,0.0
2025-12-14 16:30:00+00:00,0.0,0.0
2025-12-14 17:30:00+00:00,0.0,0.0
2025-12-14 18:30:00+00:00,0.0,0.0
2025-12-14 19:30:00+00:00,0.0,0.0
2025-12-14 20:30:00+00:00,0.0,0.0
2025-12-14 21:30:00+00:00,0.0,0.0
2025-12-14 22:30:00+00:00,0.0,0.0
2025-12-14 23:30:00+00:00,0.0,0.0
2025-12-15 00:30:00+00:00,0.0,0.0
2025-12-15 01:30:00+00:00,3.22,3.65
2025-12-15 02:30:00+00:00,67.65,79.8
2025-12-15 03:30:00+00:00,186.85,231.57
2025-12-15 04:30:00+00:00,275.73,374.98
2025-12-15 05:30:00+00:00,358.73,484.67
2025-12-15 06:30:00+00:00,470.58,514.08
2025-12-15 07:30:00+00:00,475.8,503.48
2025-12-15 08:30:00+00:00,408.23,428.5
2025-12-15 09:30:00+00:00,290.73,302.4
2025-12-15 10:30:00+00:00,150.9,154.32
2025-12-15 11:30:00+00:00,27.17,27.33
2025-12-15 12:30:00+00:00,0.0,0.0
2025-12-15 13:30:00+00:00,0.0,0.0
2025-12-15 14:30:00+00:00,0.0,0.0
2025-12-15 15:30:00+00:00,0.0,0.0
2025-12-15 16:30:00+00:00,0.0,0.0
2025-12-15 17:30:00+00:00,0.0,0.0
2025-12-15 18:30:00+00:00,0.0,0.0
2025-12-15 19:30:00+00:00,0.0,0.0
2025-12-15 20:30:00+00:00,0.0,0.0
2025-12-15 21:30:00+00:00,0.0,0.0
2025-12-15 22:30:00+00:00,0.0,0.0
2025-12-15 23:30:00+00:00,0.0,0.0
2025-12-16 00:30:00+00:00,0.0,0.0
2025-12-16 01:30:00+00:00,4.1,4.12
2025-12-16 02:30:00+00:00,103.32,103.78
2025-12-16 03:30:00+00:00,273.5,274.73
2025-12-16 04:30:00+00:00,433.35,434.92
2025-12-16 05:30:00+00:00,549.78,551.38
2025-12-16 06:30:00+00:00,590.83,592.12
2025-12-16 07:30:00+00:00,579.12,580.3
2025-12-16 08:30:00+00:00,498.2,499.62
2025-12-16 09:30:00+00:00,361.02,362.62
2025-12-16 10:30:00+00:00,194.2,195.45
2025-12-16 11:30:00+00:00,34.75,34.97
2025-12-16 12:30:00+00:00,0.0,0.0
2025-12-16 13:30:00+00:00,0.0,0.0
2025-12-16 14:30:00+00:00,0.0,0.0
2025-12-16 15:30:00+00:00,0.0,0.0
2025-12-16 16:30:00+00:00,0.0,0.0
2025-12-16 17:30:00+00:00,0.0,0.0
2025-12-16 18:30:00+00:00,0.0,0.0
2025-12-16 19:30:00+00:00,0.0,0.0
2025-12-16 20:30:00+00:00,0.0,0.0
2025-12-16 21:30:00+00:00,0.0,0.0
2025-12-16 22:30:00+00:00,0.0,0.0
2025-12-16 23:30:00+00:00,0.0,0.0
2025-12-17 00:30:00+00:00,0.0,0.0
2025-12-17 01:30:00+00:00,3.95,3.97
2025-12-17 02:30:00+00:00,102.57,104.03
2025-12-17 03:30:00+00:00,275.27,284.17
2025-12-17 04:30:00+00:00,431.65,447.08
2025-12-17 05:30:00+00:00,540.95,561.38
2025-12-17 06:30:00+00:00,535.85,549.72
2025-12-17 07:30:00+00:00,496.48,537.62
2025-12-17 08:30:00+00:00,443.33,460.6
2025-12-17 09:30:00+00:00,319.92,330.75
2025-12-17 10:30:00+00:00,171.7,173.18
2025-12-17 11:30:00+00:00,31.88,32.08
2025-12-17 12:30:00+00:00,0.0,0.0
2025-12-17 13:30:00+00:00,0.0,0.0
2025-12-17 14:30:00+00:00,0.0,0.0
2025-12-17 15:30:00+00:00,0.0,0.0
2025-12-17 16:30:00+00:00,0.0,0.0
2025-12-17 17:30:00+00:00,0.0,0.0
2025-12-17 18:30:00+00:00,0.0,0.0
2025-12-17 19:30:00+00:00,0.0,0.0
2025-12-17 20:30:00+00:00,0.0,0.0
2025-12-17 21:30:00+00:00,0.0,0.0
2025-12-17 22:30:00+00:00,0.0,0.0
2025-12-17 23:30:00+00:00,0.0,0.0
2025-12-18 00:30:00+00:00,0.0,0.0
2025-12-18 01:30:00+00:00,2.75,3.83
2025-12-18 02:30:00+00:00,65.62,103.22
2025-12-18 03:30:00+00:00,157.5,283.73
2025-12-18 04:30:00+00:00,242.55,449.62
2025-12-18 05:30:00+00:00,282.75,565.45
2025-12-18 06:30:00+00:00,319.12,557.62
2025-12-18 07:30:00+00:00,345.02,544.38
2025-12-18 08:30:00+00:00,334.1,465.38
2025-12-18 09:30:00+00:00,247.62,331.42
2025-12-18 10:30:00+00:00,130.95,168.02
2025-12-18 11:30:00+00:00,27.42,30.4
2025-12-18 12:30:00+00:00,0.0,0.0
2025-12-18 13:30:00+00:00,0.0,0.0
2025-12-18 14:30:00+00:00,0.0,0.0
2025-12-18 15:30:00+00:00,0.0,0.0
2025-12-18 16:30:00+00:00,0.0,0.0
2025-12-18 17:30:00+00:00,0.0,0.0
2025-12-18 18:30:00+00:00,0.0,0.0
2025-12-18 19:30:00+00:00,0.0,0.0
2025-12-18 20:30:00+00:00,0.0,0.0
2025-12-18 21:30:00+00:00,0.0,0.0
2025-12-18 22:30:00+00:00,0.0,0.0
2025-12-18 23:30:00+00:00,0.0,0.0
2025-12-19 00:30:00+00:00,0.0,0.0
2025-12-19 01:30:00+00:00,0.0,0.0
2025-12-19 02:30:00+00:00,74.4,96.85
2025-12-19 03:30:00+00:00,159.4,257.38
2025-12-19 04:30:00+00:00,233.8,420.77
2025-12-19 05:30:00+00:00,286.55,542.72
2025-12-19 06:30:00+00:00,378.08,542.33
2025-12-19 07:30:00+00:00,429.88,528.88
2025-12-19 08:30:00+00:00,426.83,457.17
2025-12-19 09:30:00+00:00,310.42,330.38
2025-12-19 10:30:00+00:00,171.5,174.05
2025-12-19 11:30:00+00:00,32.3,32.15
2025-12-19 12:30:00+00:00,0.0,0.0
2025-12-19 13:30:00+00:00,0.0,0.0
2025-12-19 14:30:00+00:00,0.0,0.0
2025-12-19 15:30:00+00:00,0.0,0.0
2025-12-19 16:30:00+00:00,0.0,0.0
2025-12-19 17:30:00+00:00,0.0,0.0
2025-12-19 18:30:00+00:00,0.0,0.0
2025-12-19 19:30:00+00:00,0.0,0.0
2025-12-19 20:30:00+00:00,0.0,0.0
2025-12-19 21:30:00+00:00,0.0,0.0
2025-12-19 22:30:00+00:00,0.0,0.0
2025-12-19 23:30:00+00:00,0.0,0.0
2025-12-20 00:30:00+00:00,0.0,0.0
2025-12-20 01:30:00+00:00,0.0,0.0
2025-12-20 02:30:00+00:00,54.15,109.35
2025-12-20 03:30:00+00:00,115.85,281.58
2025-12-20 04:30:00+00:00,170.88,443.58
2025-12-20 05:30:00+00:00,205.23,558.15
2025-12-20 06:30:00+00:00,235.8,513.05
2025-12-20 07:30:00+00:00,273.17,502.05
2025-12-20 08:30:00+00:00,257.85,420.88
2025-12-20 09:30:00+00:00,212.32,305.05
2025-12-20 10:30:00+00:00,115.8,153.2
2025-12-20 11:30:00+00:00,26.05,28.42
2025-12-20 12:30:00+00:00,0.0,0.0
2025-12-20 13:30:00+00:00,0.0,0.0
2025-12-20 14:30:00+00:00,0.0,0.0
2025-12-20 15:30:00+00:00,0.0,0.0
2025-12-20 16:30:00+00:00,0.0,0.0
2025-12-20 17:30:00+00:00,0.0,0.0
2025-12-20 18:30:00+00:00,0.0,0.0
2025-12-20 19:30:00+00:00,0.0,0.0
2025-12-20 20:30:00+00:00,0.0,0.0
2025-12-20 21:30:00+00:00,0.0,0.0
2025-12-20 22:30:00+00:00,0.0,0.0
2025-12-20 23:30:00+00:00,0.0,0.0
2025-12-21 00:30:00+00:00,0.0,0.0
2025-12-21 01:30:00+00:00,0.0,0.0
2025-12-21 02:30:00+00:00,63.17,88.97
2025-12-21 03:30:00+00:00,127.45,241.88
2025-12-21 04:30:00+00:00,190.85,398.08
2025-12-21 05:30:00+00:00,229.25,508.7
2025-12-21 06:30:00+00:00,305.8,559.3
2025-12-21 07:30:00+00:00,309.38,543.42
2025-12-21 08:30:00+00:00,306.0,463.6
2025-12-21 09:30:00+00:00,212.12,327.9
2025-12-21 10:30:00+00:00,125.38,169.77
2025-12-21 11:30:00+00:00,28.67,31.27
2025-12-21 12:30:00+00:00,0.0,0.0
2025-12-21 13:30:00+00:00,0.0,0.0
2025-12-21 14:30:00+00:00,0.0,0.0
2025-12-21 15:30:00+00:00,0.0,0.0
2025-12-21 16:30:00+00:00,0.0,0.0
2025-12-21 17:30:00+00:00,0.0,0.0
2025-12-21 18:30:00+00:00,0.0,0.0
2025-12-21 19:30:00+00:00,0.0,0.0
2025-12-21 20:30:00+00:00,0.0,0.0
2025-12-21 21:30:00+00:00,0.0,0.0
2025-12-21 22:30:00+00:00,0.0,0.0
2025-12-21 23:30:00+00:00,0.0,0.0
2025-12-22 00:30:00+00:00,0.0,0.0
2025-12-22 01:30:00+00:00,0.0,0.0
2025-12-22 02:30:00+00:00,47.2,77.3
2025-12-22 03:30:00+00:00,125.25,219.57
2025-12-22 04:30:00+00:00,194.77,366.1
2025-12-22 05:30:00+00:00,256.27,474.35
2025-12-22 06:30:00+00:00,361.02,447.42
2025-12-22 07:30:00+00:00,370.77,436.12
2025-12-22 08:30:00+00:00,317.67,366.33
2025-12-22 09:30:00+00:00,238.73,260.92
2025-12-22 10:30:00+00:00,120.78,128.2
2025-12-22 11:30:00+00:00,24.83,25.02
2025-12-22 12:30:00+00:00,0.0,0.0
2025-12-22 13:30:00+00:00,0.0,0.0
2025-12-22 14:30:00+00:00,0.0,0.0
2025-12-22 15:30:00+00:00,0.0,0.0
2025-12-22 16:30:00+00:00,0.0,0.0
2025-12-22 17:30:00+00:00,0.0,0.0
2025-12-22 18:30:00+00:00,0.0,0.0
2025-12-22 19:30:00+00:00,0.0,0.0
2025-12-22 20:30:00+00:00,0.0,0.0
2025-12-22 21:30:00+00:00,0.0,0.0
2025-12-22 22:30:00+00:00,0.0,0.0
2025-12-22 23:30:00+00:00,0.0,0.0
2025-12-23 00:30:00+00:00,0.0,0.0
2025-12-23 01:30:00+00:00,0.0,0.0
2025-12-23 02:30:00+00:00,78.72,81.12
2025-12-23 03:30:00+00:00,213.38,231.15
2025-12-23 04:30:00+00:00,368.7,389.15
2025-12-23 05:30:00+00:00,494.0,498.35
2025-12-23 06:30:00+00:00,532.28,532.47
2025-12-23 07:30:00+00:00,538.33,538.42
2025-12-23 08:30:00+00:00,469.48,469.48
2025-12-23 09:30:00+00:00,343.38,343.42
2025-12-23 10:30:00+00:00,190.48,190.52
2025-12-23 11:30:00+00:00,38.47,38.47
2025-12-23 12:30:00+00:00,0.0,0.0
2025-12-23 13:30:00+00:00,0.0,0.0
2025-12-23 14:30:00+00:00,0.0,0.0
2025-12-23 15:30:00+00:00,0.0,0.0
2025-12-23 16:30:00+00:00,0.0,0.0
2025-12-23 17:30:00+00:00,0.0,0.0
2025-12-23 18:30:00+00:00,0.0,0.0
2025-12-23 19:30:00+00:00,0.0,0.0
2025-12-23 20:30:00+00:00,0.0,0.0
2025-12-23 21:30:00+00:00,0.0,0.0
2025-12-23 22:30:00+00:00,0.0,0.0
2025-12-23 23:30:00+00:00,0.0,0.0
2025-12-24 00:30:00+00:00,0.0,0.0
2025-12-24 01:30:00+00:00,0.0,0.0
2025-12-24 02:30:00+00:00,104.15,104.18
2025-12-24 03:30:00+00:00,271.73,271.77
2025-12-24 04:30:00+00:00,440.08,440.1
2025-12-24 05:30:00+00:00,562.95,562.95
2025-12-24 06:30:00+00:00,617.88,617.88
2025-12-24 07:30:00+00:00,613.55,613.55
2025-12-24 08:30:00+00:00,539.25,539.25
2025-12-24 09:30:00+00:00,405.08,405.2
2025-12-24 10:30:00+00:00,229.38,229.52
2025-12-24 11:30:00+00:00,48.97,49.03
2025-12-24 12:30:00+00:00,0.0,0.0
2025-12-24 13:30:00+00:00,0.0,0.0
2025-12-24 14:30:00+00:00,0.0,0.0
2025-12-24 15:30:00+00:00,0.0,0.0
2025-12-24 16:30:00+00:00,0.0,0.0
2025-12-24 17:30:00+00:00,0.0,0.0
2025-12-24 18:30:00+00:00,0.0,0.0
2025-12-24 19:30:00+00:00,0.0,0.0
2025-12-24 20:30:00+00:00,0.0,0.0
2025-12-24 21:30:00+00:00,0.0,0.0
2025-12-24 22:30:00+00:00,0.0,0.0
2025-12-24 23:30:00+00:00,0.0,0.0
2025-12-25 00:30:00+00:00,0.0,0.0
2025-12-25 01:30:00+00:00,0.0,0.0
2025-12-25 02:30:00+00:00,105.3,113.3
2025-12-25 03:30:00+00:00,268.52,297.48
2025-12-25 04:30:00+00:00,419.17,466.42
2025-12-25 05:30:00+00:00,523.97,585.47
2025-12-25 06:30:00+00:00,558.72,584.85
2025-12-25 07:30:00+00:00,572.03,573.12
2025-12-25 08:30:00+00:00,494.58,497.98
2025-12-25 09:30:00+00:00,359.6,363.75
2025-12-25 10:30:00+00:00,193.12,195.3
2025-12-25 11:30:00+00:00,38.62,38.9
2025-12-25 12:30:00+00:00,0.0,0.0
2025-12-25 13:30:00+00:00,0.0,0.0
2025-12-25 14:30:00+00:00,0.0,0.0
2025-12-25 15:30:00+00:00,0.0,0.0
2025-12-25 16:30:00+00:00,0.0,0.0
2025-12-25 17:30:00+00:00,0.0,0.0
2025-12-25 18:30:00+00:00,0.0,0.0
2025-12-25 19:30:00+00:00,0.0,0.0
2025-12-25 20:30:00+00:00,0.0,0.0
2025-12-25 21:30:00+00:00,0.0,0.0
2025-12-25 22:30:00+00:00,0.0,0.0
2025-12-25 23:30:00+00:00,0.0,0.0
2025-12-26 00:30:00+00:00,0.0,0.0
2025-12-26 01:30:00+00:00,0.0,0.0
2025-12-26 02:30:00+00:00,61.55,90.2
2025-12-26 03:30:00+00:00,157.4,258.65
2025-12-26 04:30:00+00:00,265.58,422.45
2025-12-26 05:30:00+00:00,349.1,540.4
2025-12-26 06:30:00+00:00,529.15,546.03
2025-12-26 07:30:00+00:00,532.53,539.1
2025-12-26 08:30:00+00:00,460.35,461.9
2025-12-26 09:30:00+00:00,330.5,332.48
2025-12-26 10:30:00+00:00,174.48,175.2
2025-12-26 11:30:00+00:00,34.67,34.65
2025-12-26 12:30:00+00:00,0.0,0.0
2025-12-26 13:30:00+00:00,0.0,0.0
2025-12-26 14:30:00+00:00,0.0,0.0
2025-12-26 15:30:00+00:00,0.0,0.0
2025-12-26 16:30:00+00:00,0.0,0.0
2025-12-26 17:30:00+00:00,0.0,0.0
2025-12-26 18:30:00+00:00,0.0,0.0
2025-12-26 19:30:00+00:00,0.0,0.0
2025-12-26 20:30:00+00:00,0.0,0.0
2025-12-26 21:30:00+00:00,0.0,0.0
2025-12-26 22:30:00+00:00,0.0,0.0
2025-12-26 23:30:00+00:00,0.0,0.0
2025-12-27 00:30:00+00:00,0.0,0.0
2025-12-27 01:30:00+00:00,0.0,0.0
2025-12-27 02:30:00+00:00,54.22,69.4
2025-12-27 03:30:00+00:00,140.32,207.88
2025-12-27 04:30:00+00:00,239.0,358.17
2025-12-27 05:30:00+00:00,321.33,473.0
2025-12-27 06:30:00+00:00,425.77,476.65
2025-12-27 07:30:00+00:00,404.42,470.75
2025-12-27 08:30:00+00:00,368.58,403.3
2025-12-27 09:30:00+00:00,256.38,286.62
2025-12-27 10:30:00+00:00,141.93,149.88
2025-12-27 11:30:00+00:00,32.62,31.12
2025-12-27 12:30:00+00:00,0.0,0.0
2025-12-27 13:30:00+00:00,0.0,0.0
2025-12-27 14:30:00+00:00,0.0,0.0
2025-12-27 15:30:00+00:00,0.0,0.0
2025-12-27 16:30:00+00:00,0.0,0.0
2025-12-27 17:30:00+00:00,0.0,0.0
2025-12-27 18:30:00+00:00,0.0,0.0
2025-12-27 19:30:00+00:00,0.0,0.0
2025-12-27 20:30:00+00:00,0.0,0.0
2025-12-27 21:30:00+00:00,0.0,0.0
2025-12-27 22:30:00+00:00,0.0,0.0
2025-12-27 23:30:00+00:00,0.0,0.0
2025-12-28 00:30:00+00:00,0.0,0.0
2025-12-28 01:30:00+00:00,0.0,0.0
2025-12-28 02:30:00+00:00,57.72,70.68
2025-12-28 03:30:00+00:00,154.52,215.95
2025-12-28 04:30:00+00:00,228.15,362.08
2025-12-28 05:30:00+00:00,294.4,476.1
2025-12-28 06:30:00+00:00,322.83,451.02
2025-12-28 07:30:00+00:00,266.33,445.65
2025-12-28 08:30:00+00:00,341.17,380.67
2025-12-28 09:30:00+00:00,252.8,277.83
2025-12-28 10:30:00+00:00,133.38,141.6
2025-12-28 11:30:00+00:00,30.0,30.17
2025-12-28 12:30:00+00:00,0.0,0.0
2025-12-28 13:30:00+00:00,0.0,0.0
2025-12-28 14:30:00+00:00,0.0,0.0
2025-12-28 15:30:00+00:00,0.0,0.0
2025-12-28 16:30:00+00:00,0.0,0.0
2025-12-28 17:30:00+00:00,0.0,0.0
2025-12-28 18:30:00+00:00,0.0,0.0
2025-12-28 19:30:00+00:00,0.0,0.0
2025-12-28 20:30:00+00:00,0.0,0.0
2025-12-28 21:30:00+00:00,0.0,0.0
2025-12-28 22:30:00+00:00,0.0,0.0
2025-12-28 23:30:00+00:00,0.0,0.0
2025-12-29 00:30:00+00:00,0.0,0.0
2025-12-29 01:30:00+00:00,0.0,0.0
2025-12-29 02:30:00+00:00,31.38,72.93
2025-12-29 03:30:00+00:00,78.55,225.38
2025-12-29 04:30:00+00:00,123.3,385.5
2025-12-29 05:30:00+00:00,155.6,507.92
2025-12-29 06:30:00+00:00,192.3,441.92
2025-12-29 07:30:00+00:00,263.02,441.0
2025-12-29 08:30:00+00:00,265.4,399.23
2025-12-29 09:30:00+00:00,215.75,292.33
2025-12-29 10:30:00+00:00,127.88,154.5
2025-12-29 11:30:00+00:00,32.75,33.88
2025-12-29 12:30:00+00:00,0.0,0.0
2025-12-29 13:30:00+00:00,0.0,0.0
2025-12-29 14:30:00+00:00,0.0,0.0
2025-12-29 15:30:00+00:00,0.0,0.0
2025-12-29 16:30:00+00:00,0.0,0.0
2025-12-29 17:30:00+00:00,0.0,0.0
2025-12-29 18:30:00+00:00,0.0,0.0
2025-12-29 19:30:00+00:00,0.0,0.0
2025-12-29 20:30:00+00:00,0.0,0.0
2025-12-29 21:30:00+00:00,0.0,0.0
2025-12-29 22:30:00+00:00,0.0,0.0
2025-12-29 23:30:00+00:00,0.0,0.0
2025-12-30 00:30:00+00:00,0.0,0.0
2025-12-30 01:30:00+00:00,0.0,0.0
2025-12-30 02:30:00+00:00,48.3,79.2
2025-12-30 03:30:00+00:00,128.65,238.2
2025-12-30 04:30:00+00:00,207.6,398.6
2025-12-30 05:30:00+00:00,270.12,518.88
2025-12-30 06:30:00+00:00,382.67,553.25
2025-12-30 07:30:00+00:00,463.58,551.03
2025-12-30 08:30:00+00:00,435.25,482.38
2025-12-30 09:30:00+00:00,328.73,357.92
2025-12-30 10:30:00+00:00,188.75,199.27
2025-12-30 11:30:00+00:00,43.6,44.83
2025-12-30 12:30:00+00:00,0.0,0.0
2025-12-30 13:30:00+00:00,0.0,0.0
2025-12-30 14:30:00+00:00,0.0,0.0
2025-12-30 15:30:00+00:00,0.0,0.0
2025-12-30 16:30:00+00:00,0.0,0.0
2025-12-30 17:30:00+00:00,0.0,0.0
2025-12-30 18:30:00+00:00,0.0,0.0
2025-12-30 19:30:00+00:00,0.0,0.0
2025-12-30 20:30:00+00:00,0.0,0.0
2025-12-30 21:30:00+00:00,0.0,0.0
2025-12-30 22:30:00+00:00,0.0,0.0
2025-12-30 23:30:00+00:00,0.0,0.0
2025-12-31 00:30:00+00:00,0.0,0.0
2025-12-31 01:30:00+00:00,0.0,0.0
2025-12-31 02:30:00+00:00,40.62,88.15
2025-12-31 03:30:00+00:00,107.47,256.05
2025-12-31 04:30:00+00:00,167.15,416.7
2025-12-31 05:30:00+00:00,169.7,531.97
2025-12-31 06:30:00+00:00,223.1,530.12
2025-12-31 07:30:00+00:00,227.95,520.12
2025-12-31 08:30:00+00:00,243.38,446.62
2025-12-31 09:30:00+00:00,185.18,321.7
2025-12-31 10:30:00+00:00,113.07,169.5
2025-12-31 11:30:00+00:00,31.02,37.95
2025-12-31 12:30:00+00:00,0.0,0.0
2025-12-31 13:30:00+00:00,0.0,0.0
2025-12-31 14:30:00+00:00,0.0,0.0
2025-12-31 15:30:00+00:00,0.0,0.0
2025-12-31 16:30:00+00:00,0.0,0.0
2025-12-31 17:30:00+00:00,0.0,0.0
2025-12-31 18:30:00+00:00,0.0,0.0
2025-12-31 19:30:00+00:00,0.0,0.0
2025-12-31 20:30:00+00:00,0.0,0.0
2025-12-31 21:30:00+00:00,0.0,0.0
2025-12-31 22:30:00+00:00,0.0,0.0
2025-12-31 23:30:00+00:00,0.0,0.0
2026-01-01 00:30:00+00:00,0.0,0.0
2026-01-01 01:30:00+00:00,0.0,0.0
2026-01-01 02:30:00+00:00,31.85,55.53
2026-01-01 03:30:00+00:00,91.12,174.0
2026-01-01 04:30:00+00:00,151.43,309.35
2026-01-01 05:30:00+00:00,196.1,418.17
2026-01-01 06:30:00+00:00,155.38,301.08
2026-01-01 07:30:00+00:00,153.55,299.98
2026-01-01 08:30:00+00:00,148.65,259.65
2026-01-01 09:30:00+00:00,115.35,190.1
2026-01-01 10:30:00+00:00,64.72,99.43
2026-01-01 11:30:00+00:00,18.73,24.15
2026-01-01 12:30:00+00:00,0.0,0.0
2026-01-01 13:30:00+00:00,0.0,0.0
2026-01-01 14:30:00+00:00,0.0,0.0
2026-01-01 15:30:00+00:00,0.0,0.0
2026-01-01 16:30:00+00:00,0.0,0.0
2026-01-01 17:30:00+00:00,0.0,0.0
2026-01-01 18:30:00+00:00,0.0,0.0
2026-01-01 19:30:00+00:00,0.0,0.0
2026-01-01 20:30:00+00:00,0.0,0.0
2026-01-01 21:30:00+00:00,0.0,0.0
2026-01-01 22:30:00+00:00,0.0,0.0
2026-01-01 23:30:00+00:00,0.0,0.0
2026-01-02 00:30:00+00:00,0.0,0.0
2026-01-02 01:30:00+00:00,0.0,0.0
2026-01-02 02:30:00+00:00,38.15,55.65
2026-01-02 03:30:00+00:00,85.95,177.07
2026-01-02 04:30:00+00:00,129.07,316.05
2026-01-02 05:30:00+00:00,155.75,428.2
2026-01-02 06:30:00+00:00,218.9,498.5
2026-01-02 07:30:00+00:00,223.57,497.7
2026-01-02 08:30:00+00:00,259.52,433.88
2026-01-02 09:30:00+00:00,208.68,320.33
2026-01-02 10:30:00+00:00,122.32,172.5
2026-01-02 11:30:00+00:00,36.88,41.0
2026-01-02 12:30:00+00:00,0.0,0.0
2026-01-02 13:30:00+00:00,0.0,0.0
2026-01-02 14:30:00+00:00,0.0,0.0
2026-01-02 15:30:00+00:00,0.0,0.0
2026-01-02 16:30:00+00:00,0.0,0.0
2026-01-02 17:30:00+00:00,0.0,0.0
2026-01-02 18:30:00+00:00,0.0,0.0
2026-01-02 19:30:00+00:00,0.0,0.0
2026-01-02 20:30:00+00:00,0.0,0.0
2026-01-02 21:30:00+00:00,0.0,0.0
2026-01-02 22:30:00+00:00,0.0,0.0
2026-01-02 23:30:00+00:00,0.0,0.0
2026-01-03 00:30:00+00:00,0.0,0.0
2026-01-03 01:30:00+00:00,0.0,0.0
2026-01-03 02:30:00+00:00,48.72,69.68
2026-01-03 03:30:00+00:00,107.47,216.25
2026-01-03 04:30:00+00:00,170.45,368.58
2026-01-03 05:30:00+00:00,208.38,483.73
2026-01-03 06:30:00+00:00,249.88,499.58
2026-01-03 07:30:00+00:00,275.95,502.38
2026-01-03 08:30:00+00:00,256.55,440.4
2026-01-03 09:30:00+00:00,206.82,326.75
2026-01-03 10:30:00+00:00,125.57,176.02
2026-01-03 11:30:00+00:00,35.62,42.25
2026-01-03 12:30:00+00:00,0.0,0.0
2026-01-03 13:30:00+00:00,0.0,0.0
2026-01-03 14:30:00+00:00,0.0,0.0
2026-01-03 15:30:00+00:00,0.0,0.0
2026-01-03 16:30:00+00:00,0.0,0.0
2026-01-03 17:30:00+00:00,0.0,0.0
2026-01-03 18:30:00+00:00,0.0,0.0
2026-01-03 19:30:00+00:00,0.0,0.0
2026-01-03 20:30:00+00:00,0.0,0.0
2026-01-03 21:30:00+00:00,0.0,0.0
2026-01-03 22:30:00+00:00,0.0,0.0
2026-01-03 23:30:00+00:00,0.0,0.0
2026-01-04 00:30:00+00:00,0.0,0.0
2026-01-04 01:30:00+00:00,0.0,0.0
2026-01-04 02:30:00+00:00,62.03,69.47
2026-01-04 03:30:00+00:00,174.95,219.07
2026-01-04 04:30:00+00:00,247.38,366.58
2026-01-04 05:30:00+00:00,319.52,481.7
2026-01-04 06:30:00+00:00,338.33,516.12
2026-01-04 07:30:00+00:00,324.45,509.17
2026-01-04 08:30:00+00:00,282.5,433.23
2026-01-04 09:30:00+00:00,234.93,321.5
2026-01-04 10:30:00+00:00,133.68,170.98
2026-01-04 11:30:00+00:00,37.22,41.65
2026-01-04 12:30:00+00:00,0.0,0.0
2026-01-04 13:30:00+00:00,0.0,0.0
2026-01-04 14:30:00+00:00,0.0,0.0
2026-01-04 15:30:00+00:00,0.0,0.0
2026-01-04 16:30:00+00:00,0.0,0.0
2026-01-04 17:30:00+00:00,0.0,0.0
2026-01-04 18:30:00+00:00,0.0,0.0
2026-01-04 19:30:00+00:00,0.0,0.0
2026-01-04 20:30:00+00:00,0.0,0.0
2026-01-04 21:30:00+00:00,0.0,0.0
2026-01-04 22:30:00+00:00,0.0,0.0
2026-01-04 23:30:00+00:00,0.0,0.0
2026-01-05 00:30:00+00:00,0.0,0.0
2026-01-05 01:30:00+00:00,0.0,0.0
2026-01-05 02:30:00+00:00,54.55,67.85
2026-01-05 03:30:00+00:00,169.57,217.18
2026-01-05 04:30:00+00:00,267.73,366.92
2026-01-05 05:30:00+00:00,367.52,484.3
2026-01-05 06:30:00+00:00,509.83,519.38
2026-01-05 07:30:00+00:00,511.12,512.2
2026-01-05 08:30:00+00:00,447.42,453.95
2026-01-05 09:30:00+00:00,325.73,333.92
2026-01-05 10:30:00+00:00,183.32,186.02
2026-01-05 11:30:00+00:00,46.17,46.35
2026-01-05 12:30:00+00:00,0.0,0.0
2026-01-05 13:30:00+00:00,0.0,0.0
2026-01-05 14:30:00+00:00,0.0,0.0
2026-01-05 15:30:00+00:00,0.0,0.0
2026-01-05 16:30:00+00:00,0.0,0.0
2026-01-05 17:30:00+00:00,0.0,0.0
2026-01-05 18:30:00+00:00,0.0,0.0
2026-01-05 19:30:00+00:00,0.0,0.0
2026-01-05 20:30:00+00:00,0.0,0.0
2026-01-05 21:30:00+00:00,0.0,0.0
2026-01-05 22:30:00+00:00,0.0,0.0
2026-01-05 23:30:00+00:00,0.0,0.0
2026-01-06 00:30:00+00:00,0.0,0.0
2026-01-06 01:30:00+00:00,0.0,0.0
2026-01-06 02:30:00+00:00,47.7,68.7
2026-01-06 03:30:00+00:00,125.93,218.95
2026-01-06 04:30:00+00:00,193.68,376.77
2026-01-06 05:30:00+00:00,215.7,496.92
2026-01-06 06:30:00+00:00,277.55,476.52
2026-01-06 07:30:00+00:00,298.77,467.88
2026-01-06 08:30:00+00:00,313.88,404.67
2026-01-06 09:30:00+00:00,261.42,301.6
2026-01-06 10:30:00+00:00,144.38,160.1
2026-01-06 11:30:00+00:00,39.8,40.92
2026-01-06 12:30:00+00:00,0.0,0.0
2026-01-06 13:30:00+00:00,0.0,0.0
2026-01-06 14:30:00+00:00,0.0,0.0
2026-01-06 15:30:00+00:00,0.0,0.0
2026-01-06 16:30:00+00:00,0.0,0.0
2026-01-06 17:30:00+00:00,0.0,0.0
2026-01-06 18:30:00+00:00,0.0,0.0
2026-01-06 19:30:00+00:00,0.0,0.0
2026-01-06 20:30:00+00:00,0.0,0.0
2026-01-06 21:30:00+00:00,0.0,0.0
2026-01-06 22:30:00+00:00,0.0,0.0
2026-01-06 23:30:00+00:00,0.0,0.0
2026-01-07 00:30:00+00:00,0.0,0.0
2026-01-07 01:30:00+00:00,0.0,0.0
2026-01-07 02:30:00+00:00,45.83,65.32
2026-01-07 03:30:00+00:00,102.03,212.9
2026-01-07 04:30:00+00:00,156.9,371.9
2026-01-07 05:30:00+00:00,201.7,495.38
2026-01-07 06:30:00+00:00,267.35,504.9
2026-01-07 07:30:00+00:00,279.52,505.33
2026-01-07 08:30:00+00:00,408.1,434.1
2026-01-07 09:30:00+00:00,317.9,326.35
2026-01-07 10:30:00+00:00,174.68,177.7
2026-01-07 11:30:00+00:00,44.92,45.15
2026-01-07 12:30:00+00:00,0.0,0.0
2026-01-07 13:30:00+00:00,0.0,0.0
2026-01-07 14:30:00+00:00,0.0,0.0
2026-01-07 15:30:00+00:00,0.0,0.0
2026-01-07 16:30:00+00:00,0.0,0.0
2026-01-07 17:30:00+00:00,0.0,0.0
2026-01-07 18:30:00+00:00,0.0,0.0
2026-01-07 19:30:00+00:00,0.0,0.0
2026-01-07 20:30:00+00:00,0.0,0.0
2026-01-07 21:30:00+00:00,0.0,0.0
2026-01-07 22:30:00+00:00,0.0,0.0
2026-01-07 23:30:00+00:00,0.0,0.0
2026-01-08 00:30:00+00:00,0.0,0.0
2026-01-08 01:30:00+00:00,0.0,0.0
2026-01-08 02:30:00+00:00,52.65,63.8
2026-01-08 03:30:00+00:00,146.15,208.7
2026-01-08 04:30:00+00:00,250.38,367.8
2026-01-08 05:30:00+00:00,297.62,479.88
2026-01-08 06:30:00+00:00,478.27,529.35
2026-01-08 07:30:00+00:00,513.53,526.3
2026-01-08 08:30:00+00:00,445.42,445.52
2026-01-08 09:30:00+00:00,360.85,361.17
2026-01-08 10:30:00+00:00,212.3,212.75
2026-01-08 11:30:00+00:00,53.83,53.97
2026-01-08 12:30:00+00:00,0.0,0.0
2026-01-08 13:30:00+00:00,0.0,0.0
2026-01-08 14:30:00+00:00,0.0,0.0
2026-01-08 15:30:00+00:00,0.0,0.0
2026-01-08 16:30:00+00:00,0.0,0.0
2026-01-08 17:30:00+00:00,0.0,0.0
2026-01-08 18:30:00+00:00,0.0,0.0
2026-01-08 19:30:00+00:00,0.0,0.0
2026-01-08 20:30:00+00:00,0.0,0.0
2026-01-08 21:30:00+00:00,0.0,0.0
2026-01-08 22:30:00+00:00,0.0,0.0
2026-01-08 23:30:00+00:00,0.0,0.0
2026-01-09 00:30:00+00:00,0.0,0.0
2026-01-09 01:30:00+00:00,0.0,0.0
2026-01-09 02:30:00+00:00,48.17,61.88
2026-01-09 03:30:00+00:00,132.2,202.38
2026-01-09 04:30:00+00:00,217.95,355.0
2026-01-09 05:30:00+00:00,293.9,474.0
2026-01-09 06:30:00+00:00,405.33,480.73
2026-01-09 07:30:00+00:00,424.65,480.25
2026-01-09 08:30:00+00:00,416.58,429.58
2026-01-09 09:30:00+00:00,310.23,315.55
2026-01-09 10:30:00+00:00,170.1,172.18
2026-01-09 11:30:00+00:00,45.22,45.47
2026-01-09 12:30:00+00:00,0.0,0.0
2026-01-09 13:30:00+00:00,0.0,0.0
2026-01-09 14:30:00+00:00,0.0,0.0
2026-01-09 15:30:00+00:00,0.0,0.0
2026-01-09 16:30:00+00:00,0.0,0.0
2026-01-09 17:30:00+00:00,0.0,0.0
2026-01-09 18:30:00+00:00,0.0,0.0
2026-01-09 19:30:00+00:00,0.0,0.0
2026-01-09 20:30:00+00:00,0.0,0.0
2026-01-09 21:30:00+00:00,0.0,0.0
2026-01-09 22:30:00+00:00,0.0,0.0
2026-01-09 23:30:00+00:00,0.0,0.0
2026-01-10 00:30:00+00:00,0.0,0.0
2026-01-10 01:30:00+00:00,0.0,0.0
2026-01-10 02:30:00+00:00,65.38,66.82
2026-01-10 03:30:00+00:00,215.3,220.55
2026-01-10 04:30:00+00:00,352.45,377.02
2026-01-10 05:30:00+00:00,477.02,503.48
2026-01-10 06:30:00+00:00,540.95,548.22
2026-01-10 07:30:00+00:00,538.58,538.6
2026-01-10 08:30:00+00:00,455.6,455.92
2026-01-10 09:30:00+00:00,368.0,368.3
2026-01-10 10:30:00+00:00,209.3,209.52
2026-01-10 11:30:00+00:00,58.72,58.8
2026-01-10 12:30:00+00:00,0.0,0.0
2026-01-10 13:30:00+00:00,0.0,0.0
2026-01-10 14:30:00+00:00,0.0,0.0
2026-01-10 15:30:00+00:00,0.0,0.0
2026-01-10 16:30:00+00:00,0.0,0.0
2026-01-10 17:30:00+00:00,0.0,0.0
2026-01-10 18:30:00+00:00,0.0,0.0
2026-01-10 19:30:00+00:00,0.0,0.0
2026-01-10 20:30:00+00:00,0.0,0.0
2026-01-10 21:30:00+00:00,0.0,0.0
2026-01-10 22:30:00+00:00,0.0,0.0
2026-01-10 23:30:00+00:00,0.0,0.0
2026-01-11 00:30:00+00:00,0.0,0.0
2026-01-11 01:30:00+00:00,0.0,0.0
2026-01-11 02:30:00+00:00,76.68,78.78
2026-01-11 03:30:00+00:00,234.62,248.5
2026-01-11 04:30:00+00:00,405.27,421.7
2026-01-11 05:30:00+00:00,538.9,552.2
2026-01-11 06:30:00+00:00,608.72,609.42
2026-01-11 07:30:00+00:00,613.38,613.38
2026-01-11 08:30:00+00:00,540.03,540.42
2026-01-11 09:30:00+00:00,411.98,412.35
2026-01-11 10:30:00+00:00,239.48,239.73
2026-01-11 11:30:00+00:00,73.88,73.97
2026-01-11 12:30:00+00:00,0.0,0.0
2026-01-11 13:30:00+00:00,0.0,0.0
2026-01-11 14:30:00+00:00,0.0,0.0
2026-01-11 15:30:00+00:00,0.0,0.0
2026-01-11 16:30:00+00:00,0.0,0.0
2026-01-11 17:30:00+00:00,0.0,0.0
2026-01-11 18:30:00+00:00,0.0,0.0
2026-01-11 19:30:00+00:00,0.0,0.0
2026-01-11 20:30:00+00:00,0.0,0.0
2026-01-11 21:30:00+00:00,0.0,0.0
2026-01-11 22:30:00+00:00,0.0,0.0
2026-01-11 23:30:00+00:00,0.0,0.0
2026-01-12 00:30:00+00:00,0.0,0.0
2026-01-12 01:30:00+00:00,0.0,0.0
2026-01-12 02:30:00+00:00,84.6,90.35
2026-01-12 03:30:00+00:00,248.73,273.8
2026-01-12 04:30:00+00:00,412.27,449.77
2026-01-12 05:30:00+00:00,537.45,578.53
2026-01-12 06:30:00+00:00,611.7,612.53
2026-01-12 07:30:00+00:00,610.17,610.85
2026-01-12 08:30:00+00:00,537.25,538.9
2026-01-12 09:30:00+00:00,404.83,406.52
2026-01-12 10:30:00+00:00,233.0,234.05
2026-01-12 11:30:00+00:00,71.9,72.18
2026-01-12 12:30:00+00:00,0.0,0.0
2026-01-12 13:30:00+00:00,0.0,0.0
2026-01-12 14:30:00+00:00,0.0,0.0
2026-01-12 15:30:00+00:00,0.0,0.0
2026-01-12 16:30:00+00:00,0.0,0.0
2026-01-12 17:30:00+00:00,0.0,0.0
2026-01-12 18:30:00+00:00,0.0,0.0
2026-01-12 19:30:00+00:00,0.0,0.0
2026-01-12 20:30:00+00:00,0.0,0.0
2026-01-12 21:30:00+00:00,0.0,0.0
2026-01-12 22:30:00+00:00,0.0,0.0
2026-01-12 23:30:00+00:00,0.0,0.0
2026-01-13 00:30:00+00:00,0.0,0.0
2026-01-13 01:30:00+00:00,0.0,0.0
2026-01-13 02:30:00+00:00,70.68,77.0
2026-01-13 03:30:00+00:00,208.35,242.23
2026-01-13 04:30:00+00:00,354.6,411.6
2026-01-13 05:30:00+00:00,501.62,540.2
2026-01-13 06:30:00+00:00,562.0,580.65
2026-01-13 07:30:00+00:00,562.15,577.5
2026-01-13 08:30:00+00:00,501.65,506.85
2026-01-13 09:30:00+00:00,371.27,377.88
2026-01-13 10:30:00+00:00,209.98,213.55
2026-01-13 11:30:00+00:00,62.1,62.38
2026-01-13 12:30:00+00:00,0.0,0.0
2026-01-13 13:30:00+00:00,0.0,0.0
2026-01-13 14:30:00+00:00,0.0,0.0
2026-01-13 15:30:00+00:00,0.0,0.0
2026-01-13 16:30:00+00:00,0.0,0.0
2026-01-13 17:30:00+00:00,0.0,0.0
2026-01-13 18:30:00+00:00,0.0,0.0
2026-01-13 19:30:00+00:00,0.0,0.0
2026-01-13 20:30:00+00:00,0.0,0.0
2026-01-13 21:30:00+00:00,0.0,0.0
2026-01-13 22:30:00+00:00,0.0,0.0
2026-01-13 23:30:00+00:00,0.0,0.0
2026-01-14 00:30:00+00:00,0.0,0.0
2026-01-14 01:30:00+00:00,0.0,0.0
2026-01-14 02:30:00+00:00,73.32,79.97
2026-01-14 03:30:00+00:00,205.93,251.18
2026-01-14 04:30:00+00:00,341.8,426.23
2026-01-14 05:30:00+00:00,450.15,558.72
2026-01-14 06:30:00+00:00,544.03,582.25
2026-01-14 07:30:00+00:00,567.72,570.55
2026-01-14 08:30:00+00:00,509.6,509.6
2026-01-14 09:30:00+00:00,383.48,383.5
2026-01-14 10:30:00+00:00,246.75,246.77
2026-01-14 11:30:00+00:00,70.55,70.57
2026-01-14 12:30:00+00:00,0.0,0.0
2026-01-14 13:30:00+00:00,0.0,0.0
2026-01-14 14:30:00+00:00,0.0,0.0
2026-01-14 15:30:00+00:00,0.0,0.0
2026-01-14 16:30:00+00:00,0.0,0.0
2026-01-14 17:30:00+00:00,0.0,0.0
2026-01-14 18:30:00+00:00,0.0,0.0
2026-01-14 19:30:00+00:00,0.0,0.0
2026-01-14 20:30:00+00:00,0.0,0.0
2026-01-14 21:30:00+00:00,0.0,0.0
2026-01-14 22:30:00+00:00,0.0,0.0
2026-01-14 23:30:00+00:00,0.0,0.0
2026-01-15 00:30:00+00:00,0.0,0.0
2026-01-15 01:30:00+00:00,0.0,0.0
2026-01-15 02:30:00+00:00,64.28,80.35
2026-01-15 03:30:00+00:00,159.95,251.5
2026-01-15 04:30:00+00:00,262.27,426.2
2026-01-15 05:30:00+00:00,402.25,557.95
2026-01-15 06:30:00+00:00,586.95,605.47
2026-01-15 07:30:00+00:00,601.1,605.85
2026-01-15 08:30:00+00:00,534.1,534.12
2026-01-15 09:30:00+00:00,406.02,406.15
2026-01-15 10:30:00+00:00,237.38,237.6
2026-01-15 11:30:00+00:00,76.9,77.03
2026-01-15 12:30:00+00:00,0.0,0.0
2026-01-15 13:30:00+00:00,0.0,0.0
2026-01-15 14:30:00+00:00,0.0,0.0
2026-01-15 15:30:00+00:00,0.0,0.0
2026-01-15 16:30:00+00:00,0.0,0.0
2026-01-15 17:30:00+00:00,0.0,0.0
2026-01-15 18:30:00+00:00,0.0,0.0
2026-01-15 19:30:00+00:00,0.0,0.0
2026-01-15 20:30:00+00:00,0.0,0.0
2026-01-15 21:30:00+00:00,0.0,0.0
2026-01-15 22:30:00+00:00,0.0,0.0
2026-01-15 23:30:00+00:00,0.0,0.0
2026-01-16 00:30:00+00:00,0.0,0.0
2026-01-16 01:30:00+00:00,0.0,0.0
2026-01-16 02:30:00+00:00,63.22,84.32
2026-01-16 03:30:00+00:00,174.62,260.83
2026-01-16 04:30:00+00:00,290.48,436.05
2026-01-16 05:30:00+00:00,387.3,566.28
2026-01-16 06:30:00+00:00,532.78,624.62
2026-01-16 07:30:00+00:00,559.2,624.83
2026-01-16 08:30:00+00:00,452.73,558.4
2026-01-16 09:30:00+00:00,338.23,427.25
2026-01-16 10:30:00+00:00,202.0,254.55
2026-01-16 11:30:00+00:00,71.05,82.05
2026-01-16 12:30:00+00:00,0.0,0.0
2026-01-16 13:30:00+00:00,0.0,0.0
2026-01-16 14:30:00+00:00,0.0,0.0
2026-01-16 15:30:00+00:00,0.0,0.0
2026-01-16 16:30:00+00:00,0.0,0.0
2026-01-16 17:30:00+00:00,0.0,0.0
2026-01-16 18:30:00+00:00,0.0,0.0
2026-01-16 19:30:00+00:00,0.0,0.0
2026-01-16 20:30:00+00:00,0.0,0.0
2026-01-16 21:30:00+00:00,0.0,0.0
2026-01-16 22:30:00+00:00,0.0,0.0
2026-01-16 23:30:00+00:00,0.0,0.0
2026-01-17 00:30:00+00:00,0.0,0.0
2026-01-17 01:30:00+00:00,0.0,0.0
2026-01-17 02:30:00+00:00,60.97,99.75
2026-01-17 03:30:00+00:00,163.05,291.4
2026-01-17 04:30:00+00:00,258.88,471.05
2026-01-17 05:30:00+00:00,354.5,602.25
2026-01-17 06:30:00+00:00,527.4,619.45
2026-01-17 07:30:00+00:00,588.75,625.08
2026-01-17 08:30:00+00:00,512.25,558.53
2026-01-17 09:30:00+00:00,389.12,431.12
2026-01-17 10:30:00+00:00,234.27,259.27
2026-01-17 11:30:00+00:00,80.62,86.25
2026-01-17 12:30:00+00:00,0.0,0.0
2026-01-17 13:30:00+00:00,0.0,0.0
2026-01-17 14:30:00+00:00,0.0,0.0
2026-01-17 15:30:00+00:00,0.0,0.0
2026-01-17 16:30:00+00:00,0.0,0.0
2026-01-17 17:30:00+00:00,0.0,0.0
2026-01-17 18:30:00+00:00,0.0,0.0
2026-01-17 19:30:00+00:00,0.0,0.0
2026-01-17 20:30:00+00:00,0.0,0.0
2026-01-17 21:30:00+00:00,0.0,0.0
2026-01-17 22:30:00+00:00,0.0,0.0
2026-01-17 23:30:00+00:00,0.0,0.0
2026-01-18 00:30:00+00:00,0.0,0.0
2026-01-18 01:30:00+00:00,0.0,0.0
2026-01-18 02:30:00+00:00,64.93,77.8
2026-01-18 03:30:00+00:00,178.05,238.32
2026-01-18 04:30:00+00:00,310.88,404.45
2026-01-18 05:30:00+00:00,448.25,530.85
2026-01-18 06:30:00+00:00,487.23,501.6
2026-01-18 07:30:00+00:00,460.62,503.65
2026-01-18 08:30:00+00:00,412.35,445.17
2026-01-18 09:30:00+00:00,331.95,344.83
2026-01-18 10:30:00+00:00,193.07,199.82
2026-01-18 11:30:00+00:00,62.8,64.45
2026-01-18 12:30:00+00:00,0.0,0.0
2026-01-18 13:30:00+00:00,0.0,0.0
2026-01-18 14:30:00+00:00,0.0,0.0
2026-01-18 15:30:00+00:00,0.0,0.0
2026-01-18 16:30:00+00:00,0.0,0.0
2026-01-18 17:30:00+00:00,0.0,0.0
2026-01-18 18:30:00+00:00,0.0,0.0
2026-01-18 19:30:00+00:00,0.0,0.0
2026-01-18 20:30:00+00:00,0.0,0.0
2026-01-18 21:30:00+00:00,0.0,0.0
2026-01-18 22:30:00+00:00,0.0,0.0
2026-01-18 23:30:00+00:00,0.0,0.0
2026-01-19 00:30:00+00:00,0.0,0.0
2026-01-19 01:30:00+00:00,0.0,0.0
2026-01-19 02:30:00+00:00,64.07,65.5
2026-01-19 03:30:00+00:00,202.48,211.15
2026-01-19 04:30:00+00:00,330.48,361.05
2026-01-19 05:30:00+00:00,443.55,485.6
2026-01-19 06:30:00+00:00,517.22,524.1
2026-01-19 07:30:00+00:00,496.88,498.58
2026-01-19 08:30:00+00:00,449.62,450.4
2026-01-19 09:30:00+00:00,366.92,369.12
2026-01-19 10:30:00+00:00,213.95,215.52
2026-01-19 11:30:00+00:00,72.6,73.12
2026-01-19 12:30:00+00:00,0.0,0.0
2026-01-19 13:30:00+00:00,0.0,0.0
2026-01-19 14:30:00+00:00,0.0,0.0
2026-01-19 15:30:00+00:00,0.0,0.0
2026-01-19 16:30:00+00:00,0.0,0.0
2026-01-19 17:30:00+00:00,0.0,0.0
2026-01-19 18:30:00+00:00,0.0,0.0
2026-01-19 19:30:00+00:00,0.0,0.0
2026-01-19 20:30:00+00:00,0.0,0.0
2026-01-19 21:30:00+00:00,0.0,0.0
2026-01-19 22:30:00+00:00,0.0,0.0
2026-01-19 23:30:00+00:00,0.0,0.0
2026-01-20 00:30:00+00:00,0.0,0.0
2026-01-20 01:30:00+00:00,0.0,0.0
2026-01-20 02:30:00+00:00,60.33,60.42
2026-01-20 03:30:00+00:00,193.35,194.75
2026-01-20 04:30:00+00:00,343.35,345.85
2026-01-20 05:30:00+00:00,464.17,467.73
2026-01-20 06:30:00+00:00,552.25,556.35
2026-01-20 07:30:00+00:00,557.4,560.1
2026-01-20 08:30:00+00:00,495.83,495.95
2026-01-20 09:30:00+00:00,373.2,373.6
2026-01-20 10:30:00+00:00,249.6,250.12
2026-01-20 11:30:00+00:00,87.95,88.2
2026-01-20 12:30:00+00:00,0.0,0.0
2026-01-20 13:30:00+00:00,0.0,0.0
2026-01-20 14:30:00+00:00,0.0,0.0
2026-01-20 15:30:00+00:00,0.0,0.0
2026-01-20 16:30:00+00:00,0.0,0.0
2026-01-20 17:30:00+00:00,0.0,0.0
2026-01-20 18:30:00+00:00,0.0,0.0
2026-01-20 19:30:00+00:00,0.0,0.0
2026-01-20 20:30:00+00:00,0.0,0.0
2026-01-20 21:30:00+00:00,0.0,0.0
2026-01-20 22:30:00+00:00,0.0,0.0
2026-01-20 23:30:00+00:00,0.0,0.0
2026-01-21 00:30:00+00:00,0.0,0.0
2026-01-21 01:30:00+00:00,0.0,0.0
2026-01-21 02:30:00+00:00,78.2,78.45
2026-01-21 03:30:00+00:00,239.6,242.68
2026-01-21 04:30:00+00:00,413.3,417.7
2026-01-21 05:30:00+00:00,546.38,549.03
2026-01-21 06:30:00+00:00,566.95,569.08
2026-01-21 07:30:00+00:00,575.08,576.88
2026-01-21 08:30:00+00:00,511.8,514.6
2026-01-21 09:30:00+00:00,389.55,392.25
2026-01-21 10:30:00+00:00,249.9,251.82
2026-01-21 11:30:00+00:00,89.65,90.3
2026-01-21 12:30:00+00:00,0.0,0.0
2026-01-21 13:30:00+00:00,0.0,0.0
2026-01-21 14:30:00+00:00,0.0,0.0
2026-01-21 15:30:00+00:00,0.0,0.0
2026-01-21 16:30:00+00:00,0.0,0.0
2026-01-21 17:30:00+00:00,0.0,0.0
2026-01-21 18:30:00+00:00,0.0,0.0
2026-01-21 19:30:00+00:00,0.0,0.0
2026-01-21 20:30:00+00:00,0.0,0.0
2026-01-21 21:30:00+00:00,0.0,0.0
2026-01-21 22:30:00+00:00,0.0,0.0
2026-01-21 23:30:00+00:00,0.0,0.0
2026-01-22 00:30:00+00:00,0.0,0.0
2026-01-22 01:30:00+00:00,0.0,0.0
2026-01-22 02:30:00+00:00,81.07,81.8
2026-01-22 03:30:00+00:00,229.2,231.32
2026-01-22 04:30:00+00:00,386.98,390.23
2026-01-22 05:30:00+00:00,503.6,507.08
2026-01-22 06:30:00+00:00,615.8,618.8
2026-01-22 07:30:00+00:00,612.53,613.95
2026-01-22 08:30:00+00:00,531.67,542.42
2026-01-22 09:30:00+00:00,394.65,409.67
2026-01-22 10:30:00+00:00,228.52,240.18
2026-01-22 11:30:00+00:00,84.5,84.72
2026-01-22 12:30:00+00:00,0.0,0.0
2026-01-22 13:30:00+00:00,0.0,0.0
2026-01-22 14:30:00+00:00,0.0,0.0
2026-01-22 15:30:00+00:00,0.0,0.0
2026-01-22 16:30:00+00:00,0.0,0.0
2026-01-22 17:30:00+00:00,0.0,0.0
2026-01-22 18:30:00+00:00,0.0,0.0
2026-01-22 19:30:00+00:00,0.0,0.0
2026-01-22 20:30:00+00:00,0.0,0.0
2026-01-22 21:30:00+00:00,0.0,0.0
2026-01-22 22:30:00+00:00,0.0,0.0
2026-01-22 23:30:00+00:00,0.0,0.0
2026-01-23 00:30:00+00:00,0.0,0.0
2026-01-23 01:30:00+00:00,0.0,0.0
2026-01-23 02:30:00+00:00,11.75,53.67
2026-01-23 03:30:00+00:00,21.25,164.85
2026-01-23 04:30:00+00:00,25.83,292.88
2026-01-23 05:30:00+00:00,25.7,405.17
2026-01-23 06:30:00+00:00,136.85,392.3
2026-01-23 07:30:00+00:00,117.18,412.3
2026-01-23 08:30:00+00:00,233.93,388.42
2026-01-23 09:30:00+00:00,187.3,313.9
2026-01-23 10:30:00+00:00,110.12,192.1
2026-01-23 11:30:00+00:00,38.17,72.2
2026-01-23 12:30:00+00:00,0.0,0.0
2026-01-23 13:30:00+00:00,0.0,0.0
2026-01-23 14:30:00+00:00,0.0,0.0
2026-01-23 15:30:00+00:00,0.0,0.0
2026-01-23 16:30:00+00:00,0.0,0.0
2026-01-23 17:30:00+00:00,0.0,0.0
2026-01-23 18:30:00+00:00,0.0,0.0
2026-01-23 19:30:00+00:00,0.0,0.0
2026-01-23 20:30:00+00:00,0.0,0.0
2026-01-23 21:30:00+00:00,0.0,0.0
2026-01-23 22:30:00+00:00,0.0,0.0
2026-01-23 23:30:00+00:00,0.0,0.0
2026-01-24 00:30:00+00:00,0.0,0.0
2026-01-24 01:30:00+00:00,0.0,0.0
2026-01-24 02:30:00+00:00,87.03,93.8
2026-01-24 03:30:00+00:00,243.85,272.02
2026-01-24 04:30:00+00:00,408.02,446.35
2026-01-24 05:30:00+00:00,541.92,574.0
2026-01-24 06:30:00+00:00,553.53,571.45
2026-01-24 07:30:00+00:00,557.17,564.42
2026-01-24 08:30:00+00:00,484.15,484.6
2026-01-24 09:30:00+00:00,371.75,374.52
2026-01-24 10:30:00+00:00,213.4,215.48
2026-01-24 11:30:00+00:00,71.2,70.15
2026-01-24 12:30:00+00:00,2.78,2.72
2026-01-24 13:30:00+00:00,0.0,0.0
2026-01-24 14:30:00+00:00,0.0,0.0
2026-01-24 15:30:00+00:00,0.0,0.0
2026-01-24 16:30:00+00:00,0.0,0.0
2026-01-24 17:30:00+00:00,0.0,0.0
2026-01-24 18:30:00+00:00,0.0,0.0
2026-01-24 19:30:00+00:00,0.0,0.0
2026-01-24 20:30:00+00:00,0.0,0.0
2026-01-24 21:30:00+00:00,0.0,0.0
2026-01-24 22:30:00+00:00,0.0,0.0
2026-01-24 23:30:00+00:00,0.0,0.0
2026-01-25 00:30:00+00:00,0.0,0.0
2026-01-25 01:30:00+00:00,0.0,0.0
2026-01-25 02:30:00+00:00,74.88,73.75
2026-01-25 03:30:00+00:00,226.18,231.25
2026-01-25 04:30:00+00:00,385.7,395.33
2026-01-25 05:30:00+00:00,523.55,532.45
2026-01-25 06:30:00+00:00,665.95,674.28
2026-01-25 07:30:00+00:00,672.97,677.0
2026-01-25 08:30:00+00:00,606.58,606.65
2026-01-25 09:30:00+00:00,473.3,473.65
2026-01-25 10:30:00+00:00,292.9,293.38
2026-01-25 11:30:00+00:00,110.3,110.6
2026-01-25 12:30:00+00:00,3.9,3.9
2026-01-25 13:30:00+00:00,0.0,0.0
2026-01-25 14:30:00+00:00,0.0,0.0
2026-01-25 15:30:00+00:00,0.0,0.0
2026-01-25 16:30:00+00:00,0.0,0.0
2026-01-25 17:30:00+00:00,0.0,0.0
2026-01-25 18:30:00+00:00,0.0,0.0
2026-01-25 19:30:00+00:00,0.0,0.0
2026-01-25 20:30:00+00:00,0.0,0.0
2026-01-25 21:30:00+00:00,0.0,0.0
2026-01-25 22:30:00+00:00,0.0,0.0
2026-01-25 23:30:00+00:00,0.0,0.0
2026-01-26 00:30:00+00:00,0.0,0.0
2026-01-26 01:30:00+00:00,0.0,0.0
2026-01-26 02:30:00+00:00,86.12,87.0
2026-01-26 03:30:00+00:00,248.35,250.23
2026-01-26 04:30:00+00:00,384.55,386.23
2026-01-26 05:30:00+00:00,499.6,500.3
2026-01-26 06:30:00+00:00,598.5,598.8
2026-01-26 07:30:00+00:00,598.75,599.12
2026-01-26 08:30:00+00:00,507.65,508.73
2026-01-26 09:30:00+00:00,380.8,401.7
2026-01-26 10:30:00+00:00,216.57,233.38
2026-01-26 11:30:00+00:00,75.55,76.12
2026-01-26 12:30:00+00:00,2.88,3.22
2026-01-26 13:30:00+00:00,0.0,0.0
2026-01-26 14:30:00+00:00,0.0,0.0
2026-01-26 15:30:00+00:00,0.0,0.0
2026-01-26 16:30:00+00:00,0.0,0.0
2026-01-26 17:30:00+00:00,0.0,0.0
2026-01-26 18:30:00+00:00,0.0,0.0
2026-01-26 19:30:00+00:00,0.0,0.0
2026-01-26 20:30:00+00:00,0.0,0.0
2026-01-26 21:30:00+00:00,0.0,0.0
2026-01-26 22:30:00+00:00,0.0,0.0
2026-01-26 23:30:00+00:00,0.0,0.0
2026-01-27 00:30:00+00:00,0.0,0.0
2026-01-27 01:30:00+00:00,0.0,0.0
2026-01-27 02:30:00+00:00,35.25,60.58
2026-01-27 03:30:00+00:00,87.3,186.05
2026-01-27 04:30:00+00:00,122.5,328.08
2026-01-27 05:30:00+00:00,63.97,443.3
2026-01-27 06:30:00+00:00,113.8,480.17
2026-01-27 07:30:00+00:00,147.77,472.98
2026-01-27 08:30:00+00:00,153.57,408.95
2026-01-27 09:30:00+00:00,102.75,298.65
2026-01-27 10:30:00+00:00,53.8,169.18
2026-01-27 11:30:00+00:00,21.23,57.97
2026-01-27 12:30:00+00:00,1.17,2.83
2026-01-27 13:30:00+00:00,0.0,0.0
2026-01-27 14:30:00+00:00,0.0,0.0
2026-01-27 15:30:00+00:00,0.0,0.0
2026-01-27 16:30:00+00:00,0.0,0.0
2026-01-27 17:30:00+00:00,0.0,0.0
2026-01-27 18:30:00+00:00,0.0,0.0
2026-01-27 19:30:00+00:00,0.0,0.0
2026-01-27 20:30:00+00:00,0.0,0.0
2026-01-27 21:30:00+00:00,0.0,0.0
2026-01-27 22:30:00+00:00,0.0,0.0
2026-01-27 23:30:00+00:00,0.0,0.0
2026-01-28 00:30:00+00:00,0.0,0.0
2026-01-28 01:30:00+00:00,0.0,0.0
2026-01-28 02:30:00+00:00,40.72,70.7
2026-01-28 03:30:00+00:00,88.25,210.6
2026-01-28 04:30:00+00:00,129.35,367.45
2026-01-28 05:30:00+00:00,218.45,492.45
2026-01-28 06:30:00+00:00,168.18,385.27
2026-01-28 07:30:00+00:00,180.07,392.2
2026-01-28 08:30:00+00:00,167.82,345.15
2026-01-28 09:30:00+00:00,125.57,255.77
2026-01-28 10:30:00+00:00,89.0,148.98
2026-01-28 11:30:00+00:00,40.62,52.38
2026-01-28 12:30:00+00:00,2.72,2.78
2026-01-28 13:30:00+00:00,0.0,0.0
2026-01-28 14:30:00+00:00,0.0,0.0
2026-01-28 15:30:00+00:00,0.0,0.0
2026-01-28 16:30:00+00:00,0.0,0.0
2026-01-28 17:30:00+00:00,0.0,0.0
2026-01-28 18:30:00+00:00,0.0,0.0
2026-01-28 19:30:00+00:00,0.0,0.0
2026-01-28 20:30:00+00:00,0.0,0.0
2026-01-28 21:30:00+00:00,0.0,0.0
2026-01-28 22:30:00+00:00,0.0,0.0
2026-01-28 23:30:00+00:00,0.0,0.0
2026-01-29 00:30:00+00:00,0.0,0.0
2026-01-29 01:30:00+00:00,0.0,0.0
2026-01-29 02:30:00+00:00,28.92,64.95
2026-01-29 03:30:00+00:00,80.9,197.7
2026-01-29 04:30:00+00:00,132.32,357.35
2026-01-29 05:30:00+00:00,276.58,492.27
2026-01-29 06:30:00+00:00,408.8,546.75
2026-01-29 07:30:00+00:00,434.48,561.22
2026-01-29 08:30:00+00:00,465.45,506.65
2026-01-29 09:30:00+00:00,398.85,402.45
2026-01-29 10:30:00+00:00,243.75,245.57
2026-01-29 11:30:00+00:00,85.95,86.88
2026-01-29 12:30:00+00:00,4.47,4.43
2026-01-29 13:30:00+00:00,0.0,0.0
2026-01-29 14:30:00+00:00,0.0,0.0
2026-01-29 15:30:00+00:00,0.0,0.0
2026-01-29 16:30:00+00:00,0.0,0.0
2026-01-29 17:30:00+00:00,0.0,0.0
2026-01-29 18:30:00+00:00,0.0,0.0
2026-01-29 19:30:00+00:00,0.0,0.0
2026-01-29 20:30:00+00:00,0.0,0.0
2026-01-29 21:30:00+00:00,0.0,0.0
2026-01-29 22:30:00+00:00,0.0,0.0
2026-01-29 23:30:00+00:00,0.0,0.0
2026-01-30 00:30:00+00:00,0.0,0.0
2026-01-30 01:30:00+00:00,0.0,0.0
2026-01-30 02:30:00+00:00,87.45,90.35
2026-01-30 03:30:00+00:00,227.65,255.6
2026-01-30 04:30:00+00:00,396.25,430.8
2026-01-30 05:30:00+00:00,506.27,564.5
2026-01-30 06:30:00+00:00,634.8,658.35
2026-01-30 07:30:00+00:00,639.67,664.85
2026-01-30 08:30:00+00:00,568.15,601.03
2026-01-30 09:30:00+00:00,402.45,473.48
2026-01-30 10:30:00+00:00,256.67,298.52
2026-01-30 11:30:00+00:00,104.22,112.47
2026-01-30 12:30:00+00:00,5.45,5.55
2026-01-30 13:30:00+00:00,0.0,0.0
2026-01-30 14:30:00+00:00,0.0,0.0
2026-01-30 15:30:00+00:00,0.0,0.0
2026-01-30 16:30:00+00:00,0.0,0.0
2026-01-30 17:30:00+00:00,0.0,0.0
2026-01-30 18:30:00+00:00,0.0,0.0
2026-01-30 19:30:00+00:00,0.0,0.0
2026-01-30 20:30:00+00:00,0.0,0.0
2026-01-30 21:30:00+00:00,0.0,0.0
2026-01-30 22:30:00+00:00,0.0,0.0
2026-01-30 23:30:00+00:00,0.0,0.0
2026-01-31 00:30:00+00:00,0.0,0.0
2026-01-31 01:30:00+00:00,0.0,0.0
2026-01-31 02:30:00+00:00,66.93,84.1
2026-01-31 03:30:00+00:00,159.82,241.05
2026-01-31 04:30:00+00:00,235.1,404.75
2026-01-31 05:30:00+00:00,304.33,525.25
2026-01-31 06:30:00+00:00,353.8,531.85
2026-01-31 07:30:00+00:00,411.55,539.4
2026-01-31 08:30:00+00:00,346.6,479.12
2026-01-31 09:30:00+00:00,368.9,373.42
2026-01-31 10:30:00+00:00,214.77,222.18
2026-01-31 11:30:00+00:00,75.2,78.0
2026-01-31 12:30:00+00:00,4.55,4.57
2026-01-31 13:30:00+00:00,0.0,0.0
2026-01-31 14:30:00+00:00,0.0,0.0
2026-01-31 15:30:00+00:00,0.0,0.0
2026-01-31 16:30:00+00:00,0.0,0.0
2026-01-31 17:30:00+00:00,0.0,0.0
2026-01-31 18:30:00+00:00,0.0,0.0
2026-01-31 19:30:00+00:00,0.0,0.0
2026-01-31 20:30:00+00:00,0.0,0.0
2026-01-31 21:30:00+00:00,0.0,0.0
2026-01-31 22:30:00+00:00,0.0,0.0
2026-01-31 23:30:00+00:00,0.0,0.0
2026-02-01 00:30:00+00:00,0.0,0.0
2026-02-01 01:30:00+00:00,0.0,0.0
2026-02-01 02:30:00+00:00,43.15,69.55
2026-02-01 03:30:00+00:00,122.35,200.95
2026-02-01 04:30:00+00:00,215.45,351.58
2026-02-01 05:30:00+00:00,351.67,468.33
2026-02-01 06:30:00+00:00,452.67,547.7
2026-02-01 07:30:00+00:00,509.98,552.42
2026-02-01 08:30:00+00:00,455.85,491.33
2026-02-01 09:30:00+00:00,332.4,373.48
2026-02-01 10:30:00+00:00,218.8,228.62
2026-02-01 11:30:00+00:00,80.6,81.47
2026-02-01 12:30:00+00:00,4.93,4.88
2026-02-01 13:30:00+00:00,0.0,0.0
2026-02-01 14:30:00+00:00,0.0,0.0
2026-02-01 15:30:00+00:00,0.0,0.0
2026-02-01 16:30:00+00:00,0.0,0.0
2026-02-01 17:30:00+00:00,0.0,0.0
2026-02-01 18:30:00+00:00,0.0,0.0
2026-02-01 19:30:00+00:00,0.0,0.0
2026-02-01 20:30:00+00:00,0.0,0.0
2026-02-01 21:30:00+00:00,0.0,0.0
2026-02-01 22:30:00+00:00,0.0,0.0
2026-02-01 23:30:00+00:00,0.0,0.0
2026-02-02 00:30:00+00:00,0.0,0.0
2026-02-02 01:30:00+00:00,1.92,2.6
2026-02-02 02:30:00+00:00,45.1,68.97
2026-02-02 03:30:00+00:00,112.45,212.9
2026-02-02 04:30:00+00:00,89.35,365.2
2026-02-02 05:30:00+00:00,160.62,488.42
2026-02-02 06:30:00+00:00,274.23,592.92
2026-02-02 07:30:00+00:00,296.5,600.12
2026-02-02 08:30:00+00:00,309.1,533.9
2026-02-02 09:30:00+00:00,278.73,412.58
2026-02-02 10:30:00+00:00,190.73,258.62
2026-02-02 11:30:00+00:00,77.35,94.62
2026-02-02 12:30:00+00:00,5.65,5.75
2026-02-02 13:30:00+00:00,0.0,0.0
2026-02-02 14:30:00+00:00,0.0,0.0
2026-02-02 15:30:00+00:00,0.0,0.0
2026-02-02 16:30:00+00:00,0.0,0.0
2026-02-02 17:30:00+00:00,0.0,0.0
2026-02-02 18:30:00+00:00,0.0,0.0
2026-02-02 19:30:00+00:00,0.0,0.0
2026-02-02 20:30:00+00:00,0.0,0.0
2026-02-02 21:30:00+00:00,0.0,0.0
2026-02-02 22:30:00+00:00,0.0,0.0
2026-02-02 23:30:00+00:00,0.0,0.0
2026-02-03 00:30:00+00:00,0.0,0.0
2026-02-03 01:30:00+00:00,1.48,3.12
2026-02-03 02:30:00+00:00,35.42,84.6
2026-02-03 03:30:00+00:00,94.95,257.73
2026-02-03 04:30:00+00:00,158.23,435.5
2026-02-03 05:30:00+00:00,278.9,574.12
2026-02-03 06:30:00+00:00,389.88,592.12
2026-02-03 07:30:00+00:00,423.2,600.75
2026-02-03 08:30:00+00:00,480.12,538.5
2026-02-03 09:30:00+00:00,408.12,415.12
2026-02-03 10:30:00+00:00,253.9,258.77
2026-02-03 11:30:00+00:00,91.4,94.15
2026-02-03 12:30:00+00:00,5.93,6.15
2026-02-03 13:30:00+00:00,0.0,0.0
2026-02-03 14:30:00+00:00,0.0,0.0
2026-02-03 15:30:00+00:00,0.0,0.0
2026-02-03 16:30:00+00:00,0.0,0.0
2026-02-03 17:30:00+00:00,0.0,0.0
2026-02-03 18:30:00+00:00,0.0,0.0
2026-02-03 19:30:00+00:00,0.0,0.0
2026-02-03 20:30:00+00:00,0.0,0.0
2026-02-03 21:30:00+00:00,0.0,0.0
2026-02-03 22:30:00+00:00,0.0,0.0
2026-02-03 23:30:00+00:00,0.0,0.0
2026-02-04 00:30:00+00:00,0.0,0.0
2026-02-04 01:30:00+00:00,2.55,3.15
2026-02-04 02:30:00+00:00,53.45,74.7
2026-02-04 03:30:00+00:00,146.48,229.23
2026-02-04 04:30:00+00:00,215.15,386.85
2026-02-04 05:30:00+00:00,371.45,522.42
2026-02-04 06:30:00+00:00,539.3,609.6
2026-02-04 07:30:00+00:00,605.85,606.45
2026-02-04 08:30:00+00:00,559.3,560.83
2026-02-04 09:30:00+00:00,428.35,428.7
2026-02-04 10:30:00+00:00,271.8,272.08
2026-02-04 11:30:00+00:00,113.05,113.18
2026-02-04 12:30:00+00:00,7.6,7.6
2026-02-04 13:30:00+00:00,0.0,0.0
2026-02-04 14:30:00+00:00,0.0,0.0
2026-02-04 15:30:00+00:00,0.0,0.0
2026-02-04 16:30:00+00:00,0.0,0.0
2026-02-04 17:30:00+00:00,0.0,0.0
2026-02-04 18:30:00+00:00,0.0,0.0
2026-02-04 19:30:00+00:00,0.0,0.0
2026-02-04 20:30:00+00:00,0.0,0.0
2026-02-04 21:30:00+00:00,0.0,0.0
2026-02-04 22:30:00+00:00,0.0,0.0
2026-02-04 23:30:00+00:00,0.0,0.0
2026-02-05 00:30:00+00:00,0.0,0.0
2026-02-05 01:30:00+00:00,4.3,4.3
2026-02-05 02:30:00+00:00,113.32,113.45
2026-02-05 03:30:00+00:00,307.3,307.58
2026-02-05 04:30:00+00:00,498.52,498.85
2026-02-05 05:30:00+00:00,642.33,642.65
2026-02-05 06:30:00+00:00,711.95,712.28
2026-02-05 07:30:00+00:00,720.53,720.7
2026-02-05 08:30:00+00:00,655.58,655.58
2026-02-05 09:30:00+00:00,521.12,522.92
2026-02-05 10:30:00+00:00,330.85,343.1
2026-02-05 11:30:00+00:00,134.55,140.95
2026-02-05 12:30:00+00:00,9.27,9.15
2026-02-05 13:30:00+00:00,0.0,0.0
2026-02-05 14:30:00+00:00,0.0,0.0
2026-02-05 15:30:00+00:00,0.0,0.0
2026-02-05 16:30:00+00:00,0.0,0.0
2026-02-05 17:30:00+00:00,0.0,0.0
2026-02-05 18:30:00+00:00,0.0,0.0
2026-02-05 19:30:00+00:00,0.0,0.0
2026-02-05 20:30:00+00:00,0.0,0.0
2026-02-05 21:30:00+00:00,0.0,0.0
2026-02-05 22:30:00+00:00,0.0,0.0
2026-02-05 23:30:00+00:00,0.0,0.0
2026-02-06 00:30:00+00:00,0.0,0.0
2026-02-06 01:30:00+00:00,5.03,5.03
2026-02-06 02:30:00+00:00,129.9,129.93
2026-02-06 03:30:00+00:00,337.83,337.88
2026-02-06 04:30:00+00:00,528.33,528.38
2026-02-06 05:30:00+00:00,669.58,669.6
2026-02-06 06:30:00+00:00,729.65,729.67
2026-02-06 07:30:00+00:00,734.83,734.83
2026-02-06 08:30:00+00:00,667.15,667.17
2026-02-06 09:30:00+00:00,533.85,533.85
2026-02-06 10:30:00+00:00,349.95,349.98
2026-02-06 11:30:00+00:00,147.93,147.95
2026-02-06 12:30:00+00:00,9.93,9.93
2026-02-06 13:30:00+00:00,0.0,0.0
2026-02-06 14:30:00+00:00,0.0,0.0
2026-02-06 15:30:00+00:00,0.0,0.0
2026-02-06 16:30:00+00:00,0.0,0.0
2026-02-06 17:30:00+00:00,0.0,0.0
2026-02-06 18:30:00+00:00,0.0,0.0
2026-02-06 19:30:00+00:00,0.0,0.0
2026-02-06 20:30:00+00:00,0.0,0.0
2026-02-06 21:30:00+00:00,0.0,0.0
2026-02-06 22:30:00+00:00,0.0,0.0
2026-02-06 23:30:00+00:00,0.0,0.0
2026-02-07 00:30:00+00:00,0.0,0.0
2026-02-07 01:30:00+00:00,5.03,5.0
2026-02-07 02:30:00+00:00,112.72,116.03
2026-02-07 03:30:00+00:00,301.77,314.25
2026-02-07 04:30:00+00:00,485.85,501.15
2026-02-07 05:30:00+00:00,640.08,641.55
2026-02-07 06:30:00+00:00,699.2,702.65
2026-02-07 07:30:00+00:00,705.72,712.97
2026-02-07 08:30:00+00:00,648.2,649.05
2026-02-07 09:30:00+00:00,518.3,518.65
2026-02-07 10:30:00+00:00,340.35,340.65
2026-02-07 11:30:00+00:00,143.93,144.1
2026-02-07 12:30:00+00:00,10.45,10.45
2026-02-07 13:30:00+00:00,0.0,0.0
2026-02-07 14:30:00+00:00,0.0,0.0
2026-02-07 15:30:00+00:00,0.0,0.0
2026-02-07 16:30:00+00:00,0.0,0.0
2026-02-07 17:30:00+00:00,0.0,0.0
2026-02-07 18:30:00+00:00,0.0,0.0
2026-02-07 19:30:00+00:00,0.0,0.0
2026-02-07 20:30:00+00:00,0.0,0.0
2026-02-07 21:30:00+00:00,0.0,0.0
2026-02-07 22:30:00+00:00,0.0,0.0
2026-02-07 23:30:00+00:00,0.0,0.0
2026-02-08 00:30:00+00:00,0.0,0.0
2026-02-08 01:30:00+00:00,5.75,5.82
2026-02-08 02:30:00+00:00,127.07,133.95
2026-02-08 03:30:00+00:00,321.83,347.2
2026-02-08 04:30:00+00:00,498.25,540.15
2026-02-08 05:30:00+00:00,620.62,683.2
2026-02-08 06:30:00+00:00,657.7,746.25
2026-02-08 07:30:00+00:00,711.4,750.85
2026-02-08 08:30:00+00:00,682.5,682.62
2026-02-08 09:30:00+00:00,545.9,546.65
2026-02-08 10:30:00+00:00,357.8,359.05
2026-02-08 11:30:00+00:00,152.07,153.1
2026-02-08 12:30:00+00:00,11.15,11.2
2026-02-08 13:30:00+00:00,0.0,0.0
2026-02-08 14:30:00+00:00,0.0,0.0
2026-02-08 15:30:00+00:00,0.0,0.0
2026-02-08 16:30:00+00:00,0.0,0.0
2026-02-08 17:30:00+00:00,0.0,0.0
2026-02-08 18:30:00+00:00,0.0,0.0
2026-02-08 19:30:00+00:00,0.0,0.0
2026-02-08 20:30:00+00:00,0.0,0.0
2026-02-08 21:30:00+00:00,0.0,0.0
2026-02-08 22:30:00+00:00,0.0,0.0
2026-02-08 23:30:00+00:00,0.0,0.0
2026-02-09 00:30:00+00:00,0.0,0.0
2026-02-09 01:30:00+00:00,5.68,6.03
2026-02-09 02:30:00+00:00,107.72,131.4
2026-02-09 03:30:00+00:00,246.27,341.85
2026-02-09 04:30:00+00:00,404.8,532.4
2026-02-09 05:30:00+00:00,609.33,674.25
2026-02-09 06:30:00+00:00,689.78,722.53
2026-02-09 07:30:00+00:00,671.65,729.05
2026-02-09 08:30:00+00:00,642.05,662.88
2026-02-09 09:30:00+00:00,506.23,530.28
2026-02-09 10:30:00+00:00,332.52,347.17
2026-02-09 11:30:00+00:00,142.38,145.7
2026-02-09 12:30:00+00:00,11.27,11.35
2026-02-09 13:30:00+00:00,0.0,0.0
2026-02-09 14:30:00+00:00,0.0,0.0
2026-02-09 15:30:00+00:00,0.0,0.0
2026-02-09 16:30:00+00:00,0.0,0.0
2026-02-09 17:30:00+00:00,0.0,0.0
2026-02-09 18:30:00+00:00,0.0,0.0
2026-02-09 19:30:00+00:00,0.0,0.0
2026-02-09 20:30:00+00:00,0.0,0.0
2026-02-09 21:30:00+00:00,0.0,0.0
2026-02-09 22:30:00+00:00,0.0,0.0
2026-02-09 23:30:00+00:00,0.0,0.0
2026-02-10 00:30:00+00:00,0.0,0.0
2026-02-10 01:30:00+00:00,5.85,5.88
2026-02-10 02:30:00+00:00,116.28,118.03
2026-02-10 03:30:00+00:00,311.05,314.73
2026-02-10 04:30:00+00:00,492.58,493.23
2026-02-10 05:30:00+00:00,626.65,639.45
2026-02-10 06:30:00+00:00,659.55,683.45
2026-02-10 07:30:00+00:00,665.9,689.2
2026-02-10 08:30:00+00:00,617.75,622.15
2026-02-10 09:30:00+00:00,486.1,490.9
2026-02-10 10:30:00+00:00,309.73,313.5
2026-02-10 11:30:00+00:00,126.8,128.02
2026-02-10 12:30:00+00:00,10.5,10.45
2026-02-10 13:30:00+00:00,0.0,0.0
2026-02-10 14:30:00+00:00,0.0,0.0
2026-02-10 15:30:00+00:00,0.0,0.0
2026-02-10 16:30:00+00:00,0.0,0.0
2026-02-10 17:30:00+00:00,0.0,0.0
2026-02-10 18:30:00+00:00,0.0,0.0
2026-02-10 19:30:00+00:00,0.0,0.0
2026-02-10 20:30:00+00:00,0.0,0.0
2026-02-10 21:30:00+00:00,0.0,0.0
2026-02-10 22:30:00+00:00,0.0,0.0
2026-02-10 23:30:00+00:00,0.0,0.0
2026-02-11 00:30:00+00:00,0.0,0.0
2026-02-11 01:30:00+00:00,5.0,5.7
2026-02-11 02:30:00+00:00,101.12,106.88
2026-02-11 03:30:00+00:00,257.73,290.7
2026-02-11 04:30:00+00:00,432.85,473.42
2026-02-11 05:30:00+00:00,576.05,613.83
2026-02-11 06:30:00+00:00,630.0,653.85
2026-02-11 07:30:00+00:00,657.88,657.9
2026-02-11 08:30:00+00:00,594.08,594.1
2026-02-11 09:30:00+00:00,467.05,467.08
2026-02-11 10:30:00+00:00,295.58,295.6
2026-02-11 11:30:00+00:00,130.57,130.57
2026-02-11 12:30:00+00:00,10.98,10.98
2026-02-11 13:30:00+00:00,0.0,0.0
2026-02-11 14:30:00+00:00,0.0,0.0
2026-02-11 15:30:00+00:00,0.0,0.0
2026-02-11 16:30:00+00:00,0.0,0.0
2026-02-11 17:30:00+00:00,0.0,0.0
2026-02-11 18:30:00+00:00,0.0,0.0
2026-02-11 19:30:00+00:00,0.0,0.0
2026-02-11 20:30:00+00:00,0.0,0.0
2026-02-11 21:30:00+00:00,0.0,0.0
2026-02-11 22:30:00+00:00,0.0,0.0
2026-02-11 23:30:00+00:00,0.0,0.0
2026-02-12 00:30:00+00:00,0.0,0.0
2026-02-12 01:30:00+00:00,6.78,6.8
2026-02-12 02:30:00+00:00,119.68,127.82
2026-02-12 03:30:00+00:00,300.77,334.42
2026-02-12 04:30:00+00:00,471.33,528.15
2026-02-12 05:30:00+00:00,604.75,674.17
2026-02-12 06:30:00+00:00,704.72,736.45
2026-02-12 07:30:00+00:00,711.5,743.7
2026-02-12 08:30:00+00:00,577.12,675.28
2026-02-12 09:30:00+00:00,493.33,540.88
2026-02-12 10:30:00+00:00,320.9,355.67
2026-02-12 11:30:00+00:00,137.05,151.95
2026-02-12 12:30:00+00:00,12.2,12.82
2026-02-12 13:30:00+00:00,0.0,0.0
2026-02-12 14:30:00+00:00,0.0,0.0
2026-02-12 15:30:00+00:00,0.0,0.0
2026-02-12 16:30:00+00:00,0.0,0.0
2026-02-12 17:30:00+00:00,0.0,0.0
2026-02-12 18:30:00+00:00,0.0,0.0
2026-02-12 19:30:00+00:00,0.0,0.0
2026-02-12 20:30:00+00:00,0.0,0.0
2026-02-12 21:30:00+00:00,0.0,0.0
2026-02-12 22:30:00+00:00,0.0,0.0
2026-02-12 23:30:00+00:00,0.0,0.0
2026-02-13 00:30:00+00:00,0.0,0.0
2026-02-13 01:30:00+00:00,7.25,7.32
2026-02-13 02:30:00+00:00,120.22,131.45
2026-02-13 03:30:00+00:00,304.52,337.48
2026-02-13 04:30:00+00:00,483.05,529.55
2026-02-13 05:30:00+00:00,631.2,672.47
2026-02-13 06:30:00+00:00,679.5,751.75
2026-02-13 07:30:00+00:00,742.22,757.5
2026-02-13 08:30:00+00:00,669.55,689.9
2026-02-13 09:30:00+00:00,483.77,555.72
2026-02-13 10:30:00+00:00,322.95,369.42
2026-02-13 11:30:00+00:00,144.9,161.65
2026-02-13 12:30:00+00:00,14.0,14.23
2026-02-13 13:30:00+00:00,0.0,0.0
2026-02-13 14:30:00+00:00,0.0,0.0
2026-02-13 15:30:00+00:00,0.0,0.0
2026-02-13 16:30:00+00:00,0.0,0.0
2026-02-13 17:30:00+00:00,0.0,0.0
2026-02-13 18:30:00+00:00,0.0,0.0
2026-02-13 19:30:00+00:00,0.0,0.0
2026-02-13 20:30:00+00:00,0.0,0.0
2026-02-13 21:30:00+00:00,0.0,0.0
2026-02-13 22:30:00+00:00,0.0,0.0
2026-02-13 23:30:00+00:00,0.0,0.0
2026-02-14 00:30:00+00:00,0.0,0.0
2026-02-14 01:30:00+00:00,8.12,8.15
2026-02-14 02:30:00+00:00,135.45,136.5
2026-02-14 03:30:00+00:00,340.33,342.83
2026-02-14 04:30:00+00:00,532.42,535.97
2026-02-14 05:30:00+00:00,678.42,680.53
2026-02-14 06:30:00+00:00,746.62,756.4
2026-02-14 07:30:00+00:00,760.4,763.15
2026-02-14 08:30:00+00:00,696.15,696.45
2026-02-14 09:30:00+00:00,562.53,562.83
2026-02-14 10:30:00+00:00,376.8,377.08
2026-02-14 11:30:00+00:00,169.93,170.12
2026-02-14 12:30:00+00:00,15.68,15.68
2026-02-14 13:30:00+00:00,0.0,0.0
2026-02-14 14:30:00+00:00,0.0,0.0
2026-02-14 15:30:00+00:00,0.0,0.0
2026-02-14 16:30:00+00:00,0.0,0.0
2026-02-14 17:30:00+00:00,0.0,0.0
2026-02-14 18:30:00+00:00,0.0,0.0
2026-02-14 19:30:00+00:00,0.0,0.0
2026-02-14 20:30:00+00:00,0.0,0.0
2026-02-14 21:30:00+00:00,0.0,0.0
2026-02-14 22:30:00+00:00,0.0,0.0
2026-02-14 23:30:00+00:00,0.0,0.0
2026-02-15 00:30:00+00:00,0.0,0.0
2026-02-15 01:30:00+00:00,9.2,9.2
2026-02-15 02:30:00+00:00,151.25,151.32
2026-02-15 03:30:00+00:00,363.4,363.48
2026-02-15 04:30:00+00:00,558.08,558.12
2026-02-15 05:30:00+00:00,703.12,703.17
2026-02-15 06:30:00+00:00,761.72,761.78
2026-02-15 07:30:00+00:00,770.15,770.17
2026-02-15 08:30:00+00:00,704.22,704.22
2026-02-15 09:30:00+00:00,570.72,570.75
2026-02-15 10:30:00+00:00,383.95,383.98
2026-02-15 11:30:00+00:00,173.85,173.85
2026-02-15 12:30:00+00:00,16.48,16.48
2026-02-15 13:30:00+00:00,0.0,0.0
2026-02-15 14:30:00+00:00,0.0,0.0
2026-02-15 15:30:00+00:00,0.0,0.0
2026-02-15 16:30:00+00:00,0.0,0.0
2026-02-15 17:30:00+00:00,0.0,0.0
2026-02-15 18:30:00+00:00,0.0,0.0
2026-02-15 19:30:00+00:00,0.0,0.0
2026-02-15 20:30:00+00:00,0.0,0.0
2026-02-15 21:30:00+00:00,0.0,0.0
2026-02-15 22:30:00+00:00,0.0,0.0
2026-02-15 23:30:00+00:00,0.0,0.0
2026-02-16 00:30:00+00:00,0.0,0.0
2026-02-16 01:30:00+00:00,9.98,9.98
2026-02-16 02:30:00+00:00,156.02,156.23
2026-02-16 03:30:00+00:00,372.38,372.8
2026-02-16 04:30:00+00:00,567.8,568.4
2026-02-16 05:30:00+00:00,713.4,714.12
2026-02-16 06:30:00+00:00,773.4,774.3
2026-02-16 07:30:00+00:00,779.38,780.53
2026-02-16 08:30:00+00:00,711.22,711.28
2026-02-16 09:30:00+00:00,574.3,575.15
2026-02-16 10:30:00+00:00,385.58,386.12
2026-02-16 11:30:00+00:00,174.82,175.1
2026-02-16 12:30:00+00:00,16.83,16.83
2026-02-16 13:30:00+00:00,0.0,0.0
2026-02-16 14:30:00+00:00,0.0,0.0
2026-02-16 15:30:00+00:00,0.0,0.0
2026-02-16 16:30:00+00:00,0.0,0.0
2026-02-16 17:30:00+00:00,0.0,0.0
2026-02-16 18:30:00+00:00,0.0,0.0
2026-02-16 19:30:00+00:00,0.0,0.0
2026-02-16 20:30:00+00:00,0.0,0.0
2026-02-16 21:30:00+00:00,0.0,0.0
2026-02-16 22:30:00+00:00,0.0,0.0
2026-02-16 23:30:00+00:00,0.0,0.0
2026-02-17 00:30:00+00:00,0.0,0.0
2026-02-17 01:30:00+00:00,9.75,9.75
2026-02-17 02:30:00+00:00,147.5,147.52
2026-02-17 03:30:00+00:00,346.77,346.83
2026-02-17 04:30:00+00:00,534.28,534.35
2026-02-17 05:30:00+00:00,673.2,673.3
2026-02-17 06:30:00+00:00,744.5,744.62
2026-02-17 07:30:00+00:00,745.35,745.47
2026-02-17 08:30:00+00:00,670.47,672.6
2026-02-17 09:30:00+00:00,530.7,533.97
2026-02-17 10:30:00+00:00,344.98,348.55
2026-02-17 11:30:00+00:00,148.77,150.3
2026-02-17 12:30:00+00:00,15.0,15.07
2026-02-17 13:30:00+00:00,0.0,0.0
2026-02-17 14:30:00+00:00,0.0,0.0
2026-02-17 15:30:00+00:00,0.0,0.0
2026-02-17 16:30:00+00:00,0.0,0.0
2026-02-17 17:30:00+00:00,0.0,0.0
2026-02-17 18:30:00+00:00,0.0,0.0
2026-02-17 19:30:00+00:00,0.0,0.0
2026-02-17 20:30:00+00:00,0.0,0.0
2026-02-17 21:30:00+00:00,0.0,0.0
2026-02-17 22:30:00+00:00,0.0,0.0
2026-02-17 23:30:00+00:00,0.0,0.0
2026-02-18 00:30:00+00:00,0.0,0.0
2026-02-18 01:30:00+00:00,2.5,7.68
2026-02-18 02:30:00+00:00,30.65,95.38
2026-02-18 03:30:00+00:00,88.72,254.23
2026-02-18 04:30:00+00:00,126.57,423.45
2026-02-18 05:30:00+00:00,192.65,556.28
2026-02-18 06:30:00+00:00,174.45,610.25
2026-02-18 07:30:00+00:00,173.62,606.42
2026-02-18 08:30:00+00:00,121.65,515.4
2026-02-18 09:30:00+00:00,103.53,390.7
2026-02-18 10:30:00+00:00,134.12,244.62
2026-02-18 11:30:00+00:00,59.42,100.53
2026-02-18 12:30:00+00:00,7.88,11.32
2026-02-18 13:30:00+00:00,0.0,0.0
2026-02-18 14:30:00+00:00,0.0,0.0
2026-02-18 15:30:00+00:00,0.0,0.0
2026-02-18 16:30:00+00:00,0.0,0.0
2026-02-18 17:30:00+00:00,0.0,0.0
2026-02-18 18:30:00+00:00,0.0,0.0
2026-02-18 19:30:00+00:00,0.0,0.0
2026-02-18 20:30:00+00:00,0.0,0.0
2026-02-18 21:30:00+00:00,0.0,0.0
2026-02-18 22:30:00+00:00,0.0,0.0
2026-02-18 23:30:00+00:00,0.0,0.0
2026-02-19 00:30:00+00:00,0.0,0.0
2026-02-19 01:30:00+00:00,7.85,7.9
2026-02-19 02:30:00+00:00,102.07,103.12
2026-02-19 03:30:00+00:00,280.92,284.27
2026-02-19 04:30:00+00:00,397.27,401.73
2026-02-19 05:30:00+00:00,516.5,521.15
2026-02-19 06:30:00+00:00,696.17,700.9
2026-02-19 07:30:00+00:00,712.17,714.12
2026-02-19 08:30:00+00:00,650.95,652.08
2026-02-19 09:30:00+00:00,515.33,519.62
2026-02-19 10:30:00+00:00,338.15,341.27
2026-02-19 11:30:00+00:00,156.35,157.9
2026-02-19 12:30:00+00:00,16.58,16.62
2026-02-19 13:30:00+00:00,0.0,0.0
2026-02-19 14:30:00+00:00,0.0,0.0
2026-02-19 15:30:00+00:00,0.0,0.0
2026-02-19 16:30:00+00:00,0.0,0.0
2026-02-19 17:30:00+00:00,0.0,0.0
2026-02-19 18:30:00+00:00,0.0,0.0
2026-02-19 19:30:00+00:00,0.0,0.0
2026-02-19 20:30:00+00:00,0.0,0.0
2026-02-19 21:30:00+00:00,0.0,0.0
2026-02-19 22:30:00+00:00,0.0,0.0
2026-02-19 23:30:00+00:00,0.0,0.0
2026-02-20 00:30:00+00:00,0.0,0.0
2026-02-20 01:30:00+00:00,10.68,10.68
2026-02-20 02:30:00+00:00,140.4,140.5
2026-02-20 03:30:00+00:00,323.92,324.12
2026-02-20 04:30:00+00:00,516.6,516.85
2026-02-20 05:30:00+00:00,659.92,660.22
2026-02-20 06:30:00+00:00,705.58,705.92
2026-02-20 07:30:00+00:00,712.03,712.4
2026-02-20 08:30:00+00:00,649.9,650.42
2026-02-20 09:30:00+00:00,516.05,517.17
2026-02-20 10:30:00+00:00,336.92,337.92
2026-02-20 11:30:00+00:00,162.2,162.82
2026-02-20 12:30:00+00:00,17.08,17.1
2026-02-20 13:30:00+00:00,0.0,0.0
2026-02-20 14:30:00+00:00,0.0,0.0
2026-02-20 15:30:00+00:00,0.0,0.0
2026-02-20 16:30:00+00:00,0.0,0.0
2026-02-20 17:30:00+00:00,0.0,0.0
2026-02-20 18:30:00+00:00,0.0,0.0
2026-02-20 19:30:00+00:00,0.0,0.0
2026-02-20 20:30:00+00:00,0.0,0.0
2026-02-20 21:30:00+00:00,0.0,0.0
2026-02-20 22:30:00+00:00,0.0,0.0
2026-02-20 23:30:00+00:00,0.0,0.0
2026-02-21 00:30:00+00:00,0.0,0.0
2026-02-21 01:30:00+00:00,11.6,11.6
2026-02-21 02:30:00+00:00,150.38,150.52
2026-02-21 03:30:00+00:00,338.75,339.0
2026-02-21 04:30:00+00:00,528.78,529.03
2026-02-21 05:30:00+00:00,670.83,671.05
2026-02-21 06:30:00+00:00,739.6,739.72
2026-02-21 07:30:00+00:00,746.62,746.7
2026-02-21 08:30:00+00:00,678.5,678.5
2026-02-21 09:30:00+00:00,542.67,543.03
2026-02-21 10:30:00+00:00,360.08,360.35
2026-02-21 11:30:00+00:00,168.38,168.55
2026-02-21 12:30:00+00:00,18.75,18.75
2026-02-21 13:30:00+00:00,0.0,0.0
2026-02-21 14:30:00+00:00,0.0,0.0
2026-02-21 15:30:00+00:00,0.0,0.0
2026-02-21 16:30:00+00:00,0.0,0.0
2026-02-21 17:30:00+00:00,0.0,0.0
2026-02-21 18:30:00+00:00,0.0,0.0
2026-02-21 19:30:00+00:00,0.0,0.0
2026-02-21 20:30:00+00:00,0.0,0.0
2026-02-21 21:30:00+00:00,0.0,0.0
2026-02-21 22:30:00+00:00,0.0,0.0
2026-02-21 23:30:00+00:00,0.0,0.0
2026-02-22 00:30:00+00:00,0.0,0.0
2026-02-22 01:30:00+00:00,13.12,13.1
2026-02-22 02:30:00+00:00,159.57,159.9
2026-02-22 03:30:00+00:00,356.42,356.95
2026-02-22 04:30:00+00:00,548.6,549.2
2026-02-22 05:30:00+00:00,692.0,692.53
2026-02-22 06:30:00+00:00,758.85,759.2
2026-02-22 07:30:00+00:00,764.92,765.05
2026-02-22 08:30:00+00:00,693.12,695.55
2026-02-22 09:30:00+00:00,557.3,560.17
2026-02-22 10:30:00+00:00,371.2,373.5
2026-02-22 11:30:00+00:00,178.55,179.9
2026-02-22 12:30:00+00:00,20.2,20.3
2026-02-22 13:30:00+00:00,0.0,0.0
2026-02-22 14:30:00+00:00,0.0,0.0
2026-02-22 15:30:00+00:00,0.0,0.0
2026-02-22 16:30:00+00:00,0.0,0.0
2026-02-22 17:30:00+00:00,0.0,0.0
2026-02-22 18:30:00+00:00,0.0,0.0
2026-02-22 19:30:00+00:00,0.0,0.0
2026-02-22 20:30:00+00:00,0.0,0.0
2026-02-22 21:30:00+00:00,0.0,0.0
2026-02-22 22:30:00+00:00,0.0,0.0
2026-02-22 23:30:00+00:00,0.0,0.0
2026-02-23 00:30:00+00:00,0.0,0.0
2026-02-23 01:30:00+00:00,13.5,13.5
2026-02-23 02:30:00+00:00,154.07,154.15
2026-02-23 03:30:00+00:00,352.2,352.33
2026-02-23 04:30:00+00:00,543.08,543.2
2026-02-23 05:30:00+00:00,686.8,686.92
2026-02-23 06:30:00+00:00,762.6,762.7
2026-02-23 07:30:00+00:00,764.97,765.05
2026-02-23 08:30:00+00:00,689.62,693.97
2026-02-23 09:30:00+00:00,549.3,558.0
2026-02-23 10:30:00+00:00,365.2,370.95
2026-02-23 11:30:00+00:00,168.15,168.55
2026-02-23 12:30:00+00:00,20.02,20.15
2026-02-23 13:30:00+00:00,0.0,0.0
2026-02-23 14:30:00+00:00,0.0,0.0
2026-02-23 15:30:00+00:00,0.0,0.0
2026-02-23 16:30:00+00:00,0.0,0.0
2026-02-23 17:30:00+00:00,0.0,0.0
2026-02-23 18:30:00+00:00,0.0,0.0
2026-02-23 19:30:00+00:00,0.0,0.0
2026-02-23 20:30:00+00:00,0.0,0.0
2026-02-23 21:30:00+00:00,0.0,0.0
2026-02-23 22:30:00+00:00,0.0,0.0
2026-02-23 23:30:00+00:00,0.0,0.0
2026-02-24 00:30:00+00:00,0.0,0.0
2026-02-24 01:30:00+00:00,13.85,13.88
2026-02-24 02:30:00+00:00,151.0,151.48
2026-02-24 03:30:00+00:00,338.77,339.5
2026-02-24 04:30:00+00:00,530.62,531.35
2026-02-24 05:30:00+00:00,676.65,677.15
2026-02-24 06:30:00+00:00,748.33,748.6
2026-02-24 07:30:00+00:00,754.45,763.1
2026-02-24 08:30:00+00:00,694.83,694.83
2026-02-24 09:30:00+00:00,555.55,556.5
2026-02-24 10:30:00+00:00,370.45,371.1
2026-02-24 11:30:00+00:00,180.7,181.1
2026-02-24 12:30:00+00:00,21.33,21.33
2026-02-24 13:30:00+00:00,0.0,0.0
2026-02-24 14:30:00+00:00,0.0,0.0
2026-02-24 15:30:00+00:00,0.0,0.0
2026-02-24 16:30:00+00:00,0.0,0.0
2026-02-24 17:30:00+00:00,0.0,0.0
2026-02-24 18:30:00+00:00,0.0,0.0
2026-02-24 19:30:00+00:00,0.0,0.0
2026-02-24 20:30:00+00:00,0.0,0.0
2026-02-24 21:30:00+00:00,0.0,0.0
2026-02-24 22:30:00+00:00,0.0,0.0
2026-02-24 23:30:00+00:00,0.0,0.0
2026-02-25 00:30:00+00:00,0.0,0.0
2026-02-25 01:30:00+00:00,15.0,15.0
2026-02-25 02:30:00+00:00,158.1,158.4
2026-02-25 03:30:00+00:00,353.35,353.92
2026-02-25 04:30:00+00:00,548.42,549.08
2026-02-25 05:30:00+00:00,695.08,695.72
2026-02-25 06:30:00+00:00,770.03,770.28
2026-02-25 07:30:00+00:00,777.22,777.78
2026-02-25 08:30:00+00:00,710.67,710.7
2026-02-25 09:30:00+00:00,574.45,574.55
2026-02-25 10:30:00+00:00,386.67,386.83
2026-02-25 11:30:00+00:00,185.32,185.45
2026-02-25 12:30:00+00:00,23.08,23.1
2026-02-25 13:30:00+00:00,0.0,0.0
2026-02-25 14:30:00+00:00,0.0,0.0
2026-02-25 15:30:00+00:00,0.0,0.0
2026-02-25 16:30:00+00:00,0.0,0.0
2026-02-25 17:30:00+00:00,0.0,0.0
2026-02-25 18:30:00+00:00,0.0,0.0
2026-02-25 19:30:00+00:00,0.0,0.0
2026-02-25 20:30:00+00:00,0.0,0.0
2026-02-25 21:30:00+00:00,0.0,0.0
2026-02-25 22:30:00+00:00,0.0,0.0
2026-02-25 23:30:00+00:00,0.0,0.0
2026-02-26 00:30:00+00:00,0.0,0.0
2026-02-26 01:30:00+00:00,17.6,17.73
2026-02-26 02:30:00+00:00,178.48,179.1
2026-02-26 03:30:00+00:00,392.52,396.4
2026-02-26 04:30:00+00:00,588.35,592.42
2026-02-26 05:30:00+00:00,733.65,737.1
2026-02-26 06:30:00+00:00,804.72,807.08
2026-02-26 07:30:00+00:00,809.5,810.67
2026-02-26 08:30:00+00:00,739.12,739.12
2026-02-26 09:30:00+00:00,600.62,600.67
2026-02-26 10:30:00+00:00,409.15,409.25
2026-02-26 11:30:00+00:00,197.68,197.75
2026-02-26 12:30:00+00:00,25.25,25.27
2026-02-26 13:30:00+00:00,0.0,0.0
2026-02-26 14:30:00+00:00,0.0,0.0
2026-02-26 15:30:00+00:00,0.0,0.0
2026-02-26 16:30:00+00:00,0.0,0.0
2026-02-26 17:30:00+00:00,0.0,0.0
2026-02-26 18:30:00+00:00,0.0,0.0
2026-02-26 19:30:00+00:00,0.0,0.0
2026-02-26 20:30:00+00:00,0.0,0.0
2026-02-26 21:30:00+00:00,0.0,0.0
2026-02-26 22:30:00+00:00,0.0,0.0
2026-02-26 23:30:00+00:00,0.0,0.0
2026-02-27 00:30:00+00:00,0.0,0.0
2026-02-27 01:30:00+00:00,18.88,18.9
2026-02-27 02:30:00+00:00,183.9,184.02
2026-02-27 03:30:00+00:00,392.3,392.48
2026-02-27 04:30:00+00:00,586.35,586.47
2026-02-27 05:30:00+00:00,729.75,729.83
2026-02-27 06:30:00+00:00,793.25,793.28
2026-02-27 07:30:00+00:00,796.55,796.55
2026-02-27 08:30:00+00:00,723.2,723.62
2026-02-27 09:30:00+00:00,584.05,584.62
2026-02-27 10:30:00+00:00,393.35,393.73
2026-02-27 11:30:00+00:00,188.35,188.55
2026-02-27 12:30:00+00:00,24.75,24.75
2026-02-27 13:30:00+00:00,0.0,0.0
2026-02-27 14:30:00+00:00,0.0,0.0
2026-02-27 15:30:00+00:00,0.0,0.0
2026-02-27 16:30:00+00:00,0.0,0.0
2026-02-27 17:30:00+00:00,0.0,0.0
2026-02-27 18:30:00+00:00,0.0,0.0
2026-02-27 19:30:00+00:00,0.0,0.0
2026-02-27 20:30:00+00:00,0.0,0.0
2026-02-27 21:30:00+00:00,0.0,0.0
2026-02-27 22:30:00+00:00,0.0,0.0
2026-02-27 23:30:00+00:00,0.0,0.0
2026-02-28 00:30:00+00:00,0.0,0.0
2026-02-28 01:30:00+00:00,16.1,17.35
2026-02-28 02:30:00+00:00,149.18,159.98
2026-02-28 03:30:00+00:00,339.4,360.65
2026-02-28 04:30:00+00:00,511.8,548.58
2026-02-28 05:30:00+00:00,657.88,690.55
2026-02-28 06:30:00+00:00,739.15,760.67
2026-02-28 07:30:00+00:00,765.9,765.9
2026-02-28 08:30:00+00:00,694.33,696.75
2026-02-28 09:30:00+00:00,562.1,565.08
2026-02-28 10:30:00+00:00,379.0,381.05
2026-02-28 11:30:00+00:00,187.2,188.25
2026-02-28 12:30:00+00:00,24.73,24.77
2026-02-28 13:30:00+00:00,0.0,0.0
2026-02-28 14:30:00+00:00,0.0,0.0
2026-02-28 15:30:00+00:00,0.0,0.0
2026-02-28 16:30:00+00:00,0.0,0.0
2026-02-28 17:30:00+00:00,0.0,0.0
2026-02-28 18:30:00+00:00,0.0,0.0
2026-02-28 19:30:00+00:00,0.0,0.0
2026-02-28 20:30:00+00:00,0.0,0.0
2026-02-28 21:30:00+00:00,0.0,0.0
2026-02-28 22:30:00+00:00,0.0,0.0
2026-02-28 23:30:00+00:00,0.0,0.0
2026-03-01 00:30:00+00:00,0.0,0.0
2026-03-01 01:30:00+00:00,24.21,24.78
2026-03-01 02:30:00+00:00,188.33,197.14
2026-03-01 03:30:00+00:00,389.02,409.48
2026-03-01 04:30:00+00:00,491.33,567.43
2026-03-01 05:30:00+00:00,642.03,719.46
2026-03-01 06:30:00+00:00,681.76,783.94
2026-03-01 07:30:00+00:00,886.95,886.95
2026-03-01 08:30:00+00:00,817.28,817.3
2026-03-01 09:30:00+00:00,680.95,681.0
2026-03-01 10:30:00+00:00,489.48,489.52
2026-03-01 11:30:00+00:00,260.98,261.05
2026-03-01 12:30:00+00:00,43.0,43.03
2026-03-01 13:30:00+00:00,0.0,0.0
2026-03-01 14:30:00+00:00,0.0,0.0
2026-03-01 15:30:00+00:00,0.0,0.0
2026-03-01 16:30:00+00:00,0.0,0.0
2026-03-01 17:30:00+00:00,0.0,0.0
2026-03-01 18:30:00+00:00,0.0,0.0
2026-03-01 19:30:00+00:00,0.0,0.0
2026-03-01 20:30:00+00:00,0.0,0.0
2026-03-01 21:30:00+00:00,0.0,0.0
2026-03-01 22:30:00+00:00,0.0,0.0
2026-03-01 23:30:00+00:00,0.0,0.0
2026-03-02 00:30:00+00:00,0.0,0.0
2026-03-02 01:30:00+00:00,33.4,33.62
2026-03-02 02:30:00+00:00,242.5,243.82
2026-03-02 03:30:00+00:00,470.83,472.75
2026-03-02 04:30:00+00:00,665.2,666.92
2026-03-02 05:30:00+00:00,806.2,807.35
2026-03-02 06:30:00+00:00,875.1,875.6
2026-03-02 07:30:00+00:00,879.97,880.75
2026-03-02 08:30:00+00:00,810.67,812.8
2026-03-02 09:30:00+00:00,672.47,678.12
2026-03-02 10:30:00+00:00,483.45,488.0
2026-03-02 11:30:00+00:00,256.02,260.65
2026-03-02 12:30:00+00:00,42.28,43.38
2026-03-02 13:30:00+00:00,0.0,0.0
2026-03-02 14:30:00+00:00,0.0,0.0
2026-03-02 15:30:00+00:00,0.0,0.0
2026-03-02 16:30:00+00:00,0.0,0.0
2026-03-02 17:30:00+00:00,0.0,0.0
2026-03-02 18:30:00+00:00,0.0,0.0
2026-03-02 19:30:00+00:00,0.0,0.0
2026-03-02 20:30:00+00:00,0.0,0.0
2026-03-02 21:30:00+00:00,0.0,0.0
2026-03-02 22:30:00+00:00,0.0,0.0
2026-03-02 23:30:00+00:00,0.0,0.0
2026-03-03 00:30:00+00:00,0.0,0.0
2026-03-03 01:30:00+00:00,34.97,36.45
2026-03-03 02:30:00+00:00,244.0,252.95
2026-03-03 03:30:00+00:00,474.67,485.75
2026-03-03 04:30:00+00:00,672.55,683.38
2026-03-03 05:30:00+00:00,817.0,826.45
2026-03-03 06:30:00+00:00,886.0,892.47
2026-03-03 07:30:00+00:00,892.1,895.33
2026-03-03 08:30:00+00:00,824.95,824.95
2026-03-03 09:30:00+00:00,686.17,686.53
2026-03-03 10:30:00+00:00,491.92,492.5
2026-03-03 11:30:00+00:00,261.2,261.73
2026-03-03 12:30:00+00:00,43.03,43.15
2026-03-03 13:30:00+00:00,0.0,0.0
2026-03-03 14:30:00+00:00,0.0,0.0
2026-03-03 15:30:00+00:00,0.0,0.0
2026-03-03 16:30:00+00:00,0.0,0.0
2026-03-03 17:30:00+00:00,0.0,0.0
2026-03-03 18:30:00+00:00,0.0,0.0
2026-03-03 19:30:00+00:00,0.0,0.0
2026-03-03 20:30:00+00:00,0.0,0.0
2026-03-03 21:30:00+00:00,0.0,0.0
2026-03-03 22:30:00+00:00,0.0,0.0
2026-03-03 23:30:00+00:00,0.0,0.0
2026-03-04 00:30:00+00:00,0.0,0.0
2026-03-04 01:30:00+00:00,33.1,36.03
2026-03-04 02:30:00+00:00,231.02,247.55
2026-03-04 03:30:00+00:00,458.85,476.7
2026-03-04 04:30:00+00:00,650.38,671.55
2026-03-04 05:30:00+00:00,794.97,812.47
2026-03-04 06:30:00+00:00,851.45,864.12
2026-03-04 07:30:00+00:00,860.08,866.35
2026-03-04 08:30:00+00:00,795.75,795.75
2026-03-04 09:30:00+00:00,658.05,658.05
2026-03-04 10:30:00+00:00,465.58,465.6
2026-03-04 11:30:00+00:00,240.3,240.32
2026-03-04 12:30:00+00:00,37.05,37.05
2026-03-04 13:30:00+00:00,0.0,0.0
2026-03-04 14:30:00+00:00,0.0,0.0
2026-03-04 15:30:00+00:00,0.0,0.0
2026-03-04 16:30:00+00:00,0.0,0.0
2026-03-04 17:30:00+00:00,0.0,0.0
2026-03-04 18:30:00+00:00,0.0,0.0
2026-03-04 19:30:00+00:00,0.0,0.0
2026-03-04 20:30:00+00:00,0.0,0.0
2026-03-04 21:30:00+00:00,0.0,0.0
2026-03-04 22:30:00+00:00,0.0,0.0
2026-03-04 23:30:00+00:00,0.0,0.0
2026-03-05 00:30:00+00:00,0.0,0.0
2026-03-05 01:30:00+00:00,29.6,29.7
2026-03-05 02:30:00+00:00,217.32,218.52
2026-03-05 03:30:00+00:00,436.7,438.42
2026-03-05 04:30:00+00:00,631.05,632.72
2026-03-05 05:30:00+00:00,772.9,774.17
2026-03-05 06:30:00+00:00,817.28,818.0
2026-03-05 07:30:00+00:00,821.83,821.97
2026-03-05 08:30:00+00:00,751.55,752.25
2026-03-05 09:30:00+00:00,615.1,616.25
2026-03-05 10:30:00+00:00,426.6,427.9
2026-03-05 11:30:00+00:00,215.82,216.77
2026-03-05 12:30:00+00:00,33.22,33.33
2026-03-05 13:30:00+00:00,0.0,0.0
2026-03-05 14:30:00+00:00,0.0,0.0
2026-03-05 15:30:00+00:00,0.0,0.0
2026-03-05 16:30:00+00:00,0.0,0.0
2026-03-05 17:30:00+00:00,0.0,0.0
2026-03-05 18:30:00+00:00,0.0,0.0
2026-03-05 19:30:00+00:00,0.0,0.0
2026-03-05 20:30:00+00:00,0.0,0.0
2026-03-05 21:30:00+00:00,0.0,0.0
2026-03-05 22:30:00+00:00,0.0,0.0
2026-03-05 23:30:00+00:00,0.0,0.0
2026-03-06 00:30:00+00:00,0.0,0.0
2026-03-06 01:30:00+00:00,31.12,32.08
2026-03-06 02:30:00+00:00,217.9,228.7
2026-03-06 03:30:00+00:00,443.62,454.9
2026-03-06 04:30:00+00:00,649.55,649.97
2026-03-06 05:30:00+00:00,791.03,791.8
2026-03-06 06:30:00+00:00,816.72,817.62
2026-03-06 07:30:00+00:00,821.22,821.28
2026-03-06 08:30:00+00:00,750.15,750.45
2026-03-06 09:30:00+00:00,613.12,613.4
2026-03-06 10:30:00+00:00,424.77,425.02
2026-03-06 11:30:00+00:00,217.45,217.62
2026-03-06 12:30:00+00:00,32.1,32.12
2026-03-06 13:30:00+00:00,0.0,0.0
2026-03-06 14:30:00+00:00,0.0,0.0
2026-03-06 15:30:00+00:00,0.0,0.0
2026-03-06 16:30:00+00:00,0.0,0.0
2026-03-06 17:30:00+00:00,0.0,0.0
2026-03-06 18:30:00+00:00,0.0,0.0
2026-03-06 19:30:00+00:00,0.0,0.0
2026-03-06 20:30:00+00:00,0.0,0.0
2026-03-06 21:30:00+00:00,0.0,0.0
2026-03-06 22:30:00+00:00,0.0,0.0
2026-03-06 23:30:00+00:00,0.0,0.0
2026-03-07 00:30:00+00:00,0.0,0.0
2026-03-07 01:30:00+00:00,29.15,29.33
2026-03-07 02:30:00+00:00,197.75,209.02
2026-03-07 03:30:00+00:00,411.92,426.98
2026-03-07 04:30:00+00:00,618.45,620.3
2026-03-07 05:30:00+00:00,762.5,764.72
2026-03-07 06:30:00+00:00,792.33,794.35
2026-03-07 07:30:00+00:00,794.97,801.42
2026-03-07 08:30:00+00:00,730.7,730.7
2026-03-07 09:30:00+00:00,594.0,594.7
2026-03-07 10:30:00+00:00,404.25,405.83
2026-03-07 11:30:00+00:00,204.12,205.57
2026-03-07 12:30:00+00:00,31.33,31.6
2026-03-07 13:30:00+00:00,0.0,0.0
2026-03-07 14:30:00+00:00,0.0,0.0
2026-03-07 15:30:00+00:00,0.0,0.0
2026-03-07 16:30:00+00:00,0.0,0.0
2026-03-07 17:30:00+00:00,0.0,0.0
2026-03-07 18:30:00+00:00,0.0,0.0
2026-03-07 19:30:00+00:00,0.0,0.0
2026-03-07 20:30:00+00:00,0.0,0.0
2026-03-07 21:30:00+00:00,0.0,0.0
2026-03-07 22:30:00+00:00,0.0,0.0
2026-03-07 23:30:00+00:00,0.0,0.0
2026-03-08 00:30:00+00:00,0.0,0.0
2026-03-08 01:30:00+00:00,30.92,31.77
2026-03-08 02:30:00+00:00,209.52,217.1
2026-03-08 03:30:00+00:00,423.75,437.25
2026-03-08 04:30:00+00:00,617.45,631.83
2026-03-08 05:30:00+00:00,761.7,774.12
2026-03-08 06:30:00+00:00,806.95,815.9
2026-03-08 07:30:00+00:00,814.33,818.38
2026-03-08 08:30:00+00:00,749.15,749.15
2026-03-08 09:30:00+00:00,608.0,614.33
2026-03-08 10:30:00+00:00,418.4,427.38
2026-03-08 11:30:00+00:00,208.98,214.98
2026-03-08 12:30:00+00:00,33.92,34.35
2026-03-08 13:30:00+00:00,0.0,0.0
2026-03-08 14:30:00+00:00,0.0,0.0
2026-03-08 15:30:00+00:00,0.0,0.0
2026-03-08 16:30:00+00:00,0.0,0.0
2026-03-08 17:30:00+00:00,0.0,0.0
2026-03-08 18:30:00+00:00,0.0,0.0
2026-03-08 19:30:00+00:00,0.0,0.0
2026-03-08 20:30:00+00:00,0.0,0.0
2026-03-08 21:30:00+00:00,0.0,0.0
2026-03-08 22:30:00+00:00,0.0,0.0
2026-03-08 23:30:00+00:00,0.0,0.0
2026-03-09 00:30:00+00:00,0.0,0.0
2026-03-09 01:30:00+00:00,33.88,34.65
2026-03-09 02:30:00+00:00,208.85,220.8
2026-03-09 03:30:00+00:00,402.48,438.2
2026-03-09 04:30:00+00:00,572.58,630.85
2026-03-09 05:30:00+00:00,721.22,771.65
2026-03-09 06:30:00+00:00,778.85,822.35
2026-03-09 07:30:00+00:00,821.78,823.9
2026-03-09 08:30:00+00:00,751.03,751.53
2026-03-09 09:30:00+00:00,596.42,613.58
2026-03-09 10:30:00+00:00,401.38,423.17
2026-03-09 11:30:00+00:00,202.1,210.68
2026-03-09 12:30:00+00:00,33.47,33.85
2026-03-09 13:30:00+00:00,0.0,0.0
2026-03-09 14:30:00+00:00,0.0,0.0
2026-03-09 15:30:00+00:00,0.0,0.0
2026-03-09 16:30:00+00:00,0.0,0.0
2026-03-09 17:30:00+00:00,0.0,0.0
2026-03-09 18:30:00+00:00,0.0,0.0
2026-03-09 19:30:00+00:00,0.0,0.0
2026-03-09 20:30:00+00:00,0.0,0.0
2026-03-09 21:30:00+00:00,0.0,0.0
2026-03-09 22:30:00+00:00,0.0,0.0
2026-03-09 23:30:00+00:00,0.0,0.0
2026-03-10 00:30:00+00:00,0.0,0.0
2026-03-10 01:30:00+00:00,32.38,35.15
2026-03-10 02:30:00+00:00,185.7,220.73
2026-03-10 03:30:00+00:00,350.35,440.25
2026-03-10 04:30:00+00:00,522.6,635.65
2026-03-10 05:30:00+00:00,754.08,778.7
2026-03-10 06:30:00+00:00,810.72,813.35
2026-03-10 07:30:00+00:00,817.8,819.17
2026-03-10 08:30:00+00:00,746.3,749.03
2026-03-10 09:30:00+00:00,606.97,613.9
2026-03-10 10:30:00+00:00,422.6,426.38
2026-03-10 11:30:00+00:00,211.88,213.07
2026-03-10 12:30:00+00:00,37.35,37.6
2026-03-10 13:30:00+00:00,0.0,0.0
2026-03-10 14:30:00+00:00,0.0,0.0
2026-03-10 15:30:00+00:00,0.0,0.0
2026-03-10 16:30:00+00:00,0.0,0.0
2026-03-10 17:30:00+00:00,0.0,0.0
2026-03-10 18:30:00+00:00,0.0,0.0
2026-03-10 19:30:00+00:00,0.0,0.0
2026-03-10 20:30:00+00:00,0.0,0.0
2026-03-10 21:30:00+00:00,0.0,0.0
2026-03-10 22:30:00+00:00,0.0,0.0
2026-03-10 23:30:00+00:00,0.0,0.0
2026-03-11 00:30:00+00:00,0.0,0.0
2026-03-11 01:30:00+00:00,39.67,39.9
2026-03-11 02:30:00+00:00,235.18,237.38
2026-03-11 03:30:00+00:00,461.52,462.55
2026-03-11 04:30:00+00:00,660.53,661.58
2026-03-11 05:30:00+00:00,796.3,807.8
2026-03-11 06:30:00+00:00,853.8,856.2
2026-03-11 07:30:00+00:00,861.1,861.75
2026-03-11 08:30:00+00:00,753.08,791.0
2026-03-11 09:30:00+00:00,630.6,652.03
2026-03-11 10:30:00+00:00,455.38,457.1
2026-03-11 11:30:00+00:00,228.07,234.07
2026-03-11 12:30:00+00:00,39.03,39.97
2026-03-11 13:30:00+00:00,0.0,0.0
2026-03-11 14:30:00+00:00,0.0,0.0
2026-03-11 15:30:00+00:00,0.0,0.0
2026-03-11 16:30:00+00:00,0.0,0.0
2026-03-11 17:30:00+00:00,0.0,0.0
2026-03-11 18:30:00+00:00,0.0,0.0
2026-03-11 19:30:00+00:00,0.0,0.0
2026-03-11 20:30:00+00:00,0.0,0.0
2026-03-11 21:30:00+00:00,0.0,0.0
2026-03-11 22:30:00+00:00,0.0,0.0
2026-03-11 23:30:00+00:00,0.0,0.0
2026-03-12 00:30:00+00:00,0.0,0.0
2026-03-12 01:30:00+00:00,38.65,41.42
2026-03-12 02:30:00+00:00,220.88,235.8
2026-03-12 03:30:00+00:00,434.73,459.55
2026-03-12 04:30:00+00:00,622.17,655.0
2026-03-12 05:30:00+00:00,728.88,795.85
2026-03-12 06:30:00+00:00,588.58,844.42
2026-03-12 07:30:00+00:00,681.17,845.8
2026-03-12 08:30:00+00:00,580.97,771.38
2026-03-12 09:30:00+00:00,457.9,628.9
2026-03-12 10:30:00+00:00,314.05,434.25
2026-03-12 11:30:00+00:00,162.88,215.3
2026-03-12 12:30:00+00:00,34.0,36.47
2026-03-12 13:30:00+00:00,0.0,0.0
2026-03-12 14:30:00+00:00,0.0,0.0
2026-03-12 15:30:00+00:00,0.0,0.0
2026-03-12 16:30:00+00:00,0.0,0.0
2026-03-12 17:30:00+00:00,0.0,0.0
2026-03-12 18:30:00+00:00,0.0,0.0
2026-03-12 19:30:00+00:00,0.0,0.0
2026-03-12 20:30:00+00:00,0.0,0.0
2026-03-12 21:30:00+00:00,0.0,0.0
2026-03-12 22:30:00+00:00,0.0,0.0
2026-03-12 23:30:00+00:00,0.0,0.0
2026-03-13 00:30:00+00:00,0.0,0.0
2026-03-13 01:30:00+00:00,35.22,36.78
2026-03-13 02:30:00+00:00,174.65,204.12
2026-03-13 03:30:00+00:00,363.4,415.83
2026-03-13 04:30:00+00:00,549.7,608.25
2026-03-13 05:30:00+00:00,624.4,750.45
2026-03-13 06:30:00+00:00,672.7,818.12
2026-03-13 07:30:00+00:00,700.05,814.88
2026-03-13 08:30:00+00:00,631.05,748.25
2026-03-13 09:30:00+00:00,481.6,609.15
2026-03-13 10:30:00+00:00,327.05,414.05
2026-03-13 11:30:00+00:00,167.07,204.15
2026-03-13 12:30:00+00:00,36.08,36.42
2026-03-13 13:30:00+00:00,0.0,0.0
2026-03-13 14:30:00+00:00,0.0,0.0
2026-03-13 15:30:00+00:00,0.0,0.0
2026-03-13 16:30:00+00:00,0.0,0.0
2026-03-13 17:30:00+00:00,0.0,0.0
2026-03-13 18:30:00+00:00,0.0,0.0
2026-03-13 19:30:00+00:00,0.0,0.0
2026-03-13 20:30:00+00:00,0.0,0.0
2026-03-13 21:30:00+00:00,0.0,0.0
2026-03-13 22:30:00+00:00,0.0,0.0
2026-03-13 23:30:00+00:00,0.0,0.0
2026-03-14 00:30:00+00:00,0.0,0.0
2026-03-14 01:30:00+00:00,40.45,41.0
2026-03-14 02:30:00+00:00,206.18,222.12
2026-03-14 03:30:00+00:00,413.12,440.75
2026-03-14 04:30:00+00:00,559.65,635.08
2026-03-14 05:30:00+00:00,686.25,775.38
2026-03-14 06:30:00+00:00,536.88,771.45
2026-03-14 07:30:00+00:00,534.03,784.6
2026-03-14 08:30:00+00:00,488.17,715.97
2026-03-14 09:30:00+00:00,488.55,570.0
2026-03-14 10:30:00+00:00,325.33,384.25
2026-03-14 11:30:00+00:00,181.12,191.4
2026-03-14 12:30:00+00:00,33.12,33.95
2026-03-14 13:30:00+00:00,0.0,0.0
2026-03-14 14:30:00+00:00,0.0,0.0
2026-03-14 15:30:00+00:00,0.0,0.0
2026-03-14 16:30:00+00:00,0.0,0.0
2026-03-14 17:30:00+00:00,0.0,0.0
2026-03-14 18:30:00+00:00,0.0,0.0
2026-03-14 19:30:00+00:00,0.0,0.0
2026-03-14 20:30:00+00:00,0.0,0.0
2026-03-14 21:30:00+00:00,0.0,0.0
2026-03-14 22:30:00+00:00,0.0,0.0
2026-03-14 23:30:00+00:00,0.0,0.0
2026-03-15 00:30:00+00:00,0.0,0.0
2026-03-15 01:30:00+00:00,25.5,39.22
2026-03-15 02:30:00+00:00,111.18,207.95
2026-03-15 03:30:00+00:00,214.77,417.73
2026-03-15 04:30:00+00:00,355.23,608.12
2026-03-15 05:30:00+00:00,466.55,748.65
2026-03-15 06:30:00+00:00,731.78,825.65
2026-03-15 07:30:00+00:00,826.2,826.85
2026-03-15 08:30:00+00:00,753.03,753.88
2026-03-15 09:30:00+00:00,616.0,616.67
2026-03-15 10:30:00+00:00,417.15,424.25
2026-03-15 11:30:00+00:00,206.45,212.27
2026-03-15 12:30:00+00:00,37.55,39.4
2026-03-15 13:30:00+00:00,0.0,0.0
2026-03-15 14:30:00+00:00,0.0,0.0
2026-03-15 15:30:00+00:00,0.0,0.0
2026-03-15 16:30:00+00:00,0.0,0.0
2026-03-15 17:30:00+00:00,0.0,0.0
2026-03-15 18:30:00+00:00,0.0,0.0
2026-03-15 19:30:00+00:00,0.0,0.0
2026-03-15 20:30:00+00:00,0.0,0.0
2026-03-15 21:30:00+00:00,0.0,0.0
2026-03-15 22:30:00+00:00,0.0,0.0
2026-03-15 23:30:00+00:00,0.0,0.0
2026-03-16 00:30:00+00:00,0.0,0.0
2026-03-16 01:30:00+00:00,47.2,47.25
2026-03-16 02:30:00+00:00,227.95,235.55
2026-03-16 03:30:00+00:00,438.85,455.15
2026-03-16 04:30:00+00:00,645.15,648.25
2026-03-16 05:30:00+00:00,750.92,791.1
2026-03-16 06:30:00+00:00,799.92,872.78
2026-03-16 07:30:00+00:00,858.42,873.6
2026-03-16 08:30:00+00:00,795.47,800.15
2026-03-16 09:30:00+00:00,656.8,659.85
2026-03-16 10:30:00+00:00,465.85,468.15
2026-03-16 11:30:00+00:00,243.55,245.12
2026-03-16 12:30:00+00:00,45.42,46.7
2026-03-16 13:30:00+00:00,0.0,0.0
2026-03-16 14:30:00+00:00,0.0,0.0
2026-03-16 15:30:00+00:00,0.0,0.0
2026-03-16 16:30:00+00:00,0.0,0.0
2026-03-16 17:30:00+00:00,0.0,0.0
2026-03-16 18:30:00+00:00,0.0,0.0
2026-03-16 19:30:00+00:00,0.0,0.0
2026-03-16 20:30:00+00:00,0.0,0.0
2026-03-16 21:30:00+00:00,0.0,0.0
2026-03-16 22:30:00+00:00,0.0,0.0
2026-03-16 23:30:00+00:00,0.0,0.0
2026-03-17 00:30:00+00:00,0.0,0.0
2026-03-17 01:30:00+00:00,51.47,53.75
2026-03-17 02:30:00+00:00,237.4,255.57
2026-03-17 03:30:00+00:00,453.55,479.27
2026-03-17 04:30:00+00:00,607.3,672.72
2026-03-17 05:30:00+00:00,683.35,813.42
2026-03-17 06:30:00+00:00,634.15,820.5
2026-03-17 07:30:00+00:00,664.17,813.47
2026-03-17 08:30:00+00:00,705.25,737.3
2026-03-17 09:30:00+00:00,578.15,594.67
2026-03-17 10:30:00+00:00,378.02,403.85
2026-03-17 11:30:00+00:00,199.93,202.98
2026-03-17 12:30:00+00:00,37.4,37.42
2026-03-17 13:30:00+00:00,0.0,0.0
2026-03-17 14:30:00+00:00,0.0,0.0
2026-03-17 15:30:00+00:00,0.0,0.0
2026-03-17 16:30:00+00:00,0.0,0.0
2026-03-17 17:30:00+00:00,0.0,0.0
2026-03-17 18:30:00+00:00,0.0,0.0
2026-03-17 19:30:00+00:00,0.0,0.0
2026-03-17 20:30:00+00:00,0.0,0.0
2026-03-17 21:30:00+00:00,0.0,0.0
2026-03-17 22:30:00+00:00,0.0,0.0
2026-03-17 23:30:00+00:00,0.0,0.0
2026-03-18 00:30:00+00:00,0.0,0.0
2026-03-18 01:30:00+00:00,41.67,42.03
2026-03-18 02:30:00+00:00,195.6,199.23
2026-03-18 03:30:00+00:00,370.2,385.8
2026-03-18 04:30:00+00:00,549.67,565.35
2026-03-18 05:30:00+00:00,687.4,695.78
2026-03-18 06:30:00+00:00,781.3,829.6
2026-03-18 07:30:00+00:00,802.4,831.92
2026-03-18 08:30:00+00:00,625.3,759.78
2026-03-18 09:30:00+00:00,452.52,620.9
2026-03-18 10:30:00+00:00,356.17,430.02
2026-03-18 11:30:00+00:00,162.55,217.0
2026-03-18 12:30:00+00:00,29.5,41.7
2026-03-18 13:30:00+00:00,0.0,0.0
2026-03-18 14:30:00+00:00,0.0,0.0
2026-03-18 15:30:00+00:00,0.0,0.0
2026-03-18 16:30:00+00:00,0.0,0.0
2026-03-18 17:30:00+00:00,0.0,0.0
2026-03-18 18:30:00+00:00,0.0,0.0
2026-03-18 19:30:00+00:00,0.0,0.0
2026-03-18 20:30:00+00:00,0.0,0.0
2026-03-18 21:30:00+00:00,0.0,0.0
2026-03-18 22:30:00+00:00,0.0,0.0
2026-03-18 23:30:00+00:00,0.0,0.0
2026-03-19 00:30:00+00:00,0.0,0.0
2026-03-19 01:30:00+00:00,30.67,45.78
2026-03-19 02:30:00+00:00,107.2,212.88
2026-03-19 03:30:00+00:00,200.23,418.02
2026-03-19 04:30:00+00:00,256.23,605.05
2026-03-19 05:30:00+00:00,324.38,742.47
2026-03-19 06:30:00+00:00,378.83,803.28
2026-03-19 07:30:00+00:00,289.17,797.35
2026-03-19 08:30:00+00:00,212.15,719.35
2026-03-19 09:30:00+00:00,247.95,578.33
2026-03-19 10:30:00+00:00,167.57,391.83
2026-03-19 11:30:00+00:00,94.12,192.2
2026-03-19 12:30:00+00:00,24.73,36.75
2026-03-19 13:30:00+00:00,0.0,0.0
2026-03-19 14:30:00+00:00,0.0,0.0
2026-03-19 15:30:00+00:00,0.0,0.0
2026-03-19 16:30:00+00:00,0.0,0.0
2026-03-19 17:30:00+00:00,0.0,0.0
2026-03-19 18:30:00+00:00,0.0,0.0
2026-03-19 19:30:00+00:00,0.0,0.0
2026-03-19 20:30:00+00:00,0.0,0.0
2026-03-19 21:30:00+00:00,0.0,0.0
2026-03-19 22:30:00+00:00,0.0,0.0
2026-03-19 23:30:00+00:00,0.0,0.0
2026-03-20 00:30:00+00:00,0.0,0.0
2026-03-20 01:30:00+00:00,13.6,38.92
2026-03-20 02:30:00+00:00,44.45,169.55
2026-03-20 03:30:00+00:00,98.12,342.55
2026-03-20 04:30:00+00:00,177.82,515.45
2026-03-20 05:30:00+00:00,250.4,652.42
2026-03-20 06:30:00+00:00,385.92,867.6
2026-03-20 07:30:00+00:00,417.98,864.85
2026-03-20 08:30:00+00:00,238.4,791.1
2026-03-20 09:30:00+00:00,286.08,651.4
2026-03-20 10:30:00+00:00,187.1,457.77
2026-03-20 11:30:00+00:00,111.38,238.18
2026-03-20 12:30:00+00:00,31.33,47.17
2026-03-20 13:30:00+00:00,0.0,0.0
2026-03-20 14:30:00+00:00,0.0,0.0
2026-03-20 15:30:00+00:00,0.0,0.0
2026-03-20 16:30:00+00:00,0.0,0.0
2026-03-20 17:30:00+00:00,0.0,0.0
2026-03-20 18:30:00+00:00,0.0,0.0
2026-03-20 19:30:00+00:00,0.0,0.0
2026-03-20 20:30:00+00:00,0.0,0.0
2026-03-20 21:30:00+00:00,0.0,0.0
2026-03-20 22:30:00+00:00,0.0,0.0
2026-03-20 23:30:00+00:00,0.0,0.0
2026-03-21 00:30:00+00:00,0.0,0.0
2026-03-21 01:30:00+00:00,48.2,58.22
2026-03-21 02:30:00+00:00,153.2,243.8
2026-03-21 03:30:00+00:00,282.3,459.73
2026-03-21 04:30:00+00:00,598.55,650.53
2026-03-21 05:30:00+00:00,774.97,788.4
2026-03-21 06:30:00+00:00,828.2,854.47
2026-03-21 07:30:00+00:00,807.5,850.53
2026-03-21 08:30:00+00:00,662.03,772.15
2026-03-21 09:30:00+00:00,496.9,632.17
2026-03-21 10:30:00+00:00,352.38,432.25
2026-03-21 11:30:00+00:00,175.57,217.88
2026-03-21 12:30:00+00:00,42.05,44.03
2026-03-21 13:30:00+00:00,0.0,0.0
2026-03-21 14:30:00+00:00,0.0,0.0
2026-03-21 15:30:00+00:00,0.0,0.0
2026-03-21 16:30:00+00:00,0.0,0.0
2026-03-21 17:30:00+00:00,0.0,0.0
2026-03-21 18:30:00+00:00,0.0,0.0
2026-03-21 19:30:00+00:00,0.0,0.0
2026-03-21 20:30:00+00:00,0.0,0.0
2026-03-21 21:30:00+00:00,0.0,0.0
2026-03-21 22:30:00+00:00,0.0,0.0
2026-03-21 23:30:00+00:00,0.0,0.0
2026-03-22 00:30:00+00:00,0.0,0.0
2026-03-22 01:30:00+00:00,62.17,62.33
2026-03-22 02:30:00+00:00,234.98,235.77
2026-03-22 03:30:00+00:00,444.15,445.83
2026-03-22 04:30:00+00:00,631.8,633.3
2026-03-22 05:30:00+00:00,763.47,771.9
2026-03-22 06:30:00+00:00,821.92,870.08
2026-03-22 07:30:00+00:00,818.67,866.03
2026-03-22 08:30:00+00:00,753.05,788.08
2026-03-22 09:30:00+00:00,634.47,645.25
2026-03-22 10:30:00+00:00,445.83,451.23
2026-03-22 11:30:00+00:00,227.9,233.25
2026-03-22 12:30:00+00:00,47.62,48.03
2026-03-22 13:30:00+00:00,0.0,0.0
2026-03-22 14:30:00+00:00,0.0,0.0
2026-03-22 15:30:00+00:00,0.0,0.0
2026-03-22 16:30:00+00:00,0.0,0.0
2026-03-22 17:30:00+00:00,0.0,0.0
2026-03-22 18:30:00+00:00,0.0,0.0
2026-03-22 19:30:00+00:00,0.0,0.0
2026-03-22 20:30:00+00:00,0.0,0.0
2026-03-22 21:30:00+00:00,0.0,0.0
2026-03-22 22:30:00+00:00,0.0,0.0
2026-03-22 23:30:00+00:00,0.0,0.0
2026-03-23 00:30:00+00:00,0.0,0.0
2026-03-23 01:30:00+00:00,11.5,61.5
2026-03-23 02:30:00+00:00,28.98,246.95
2026-03-23 03:30:00+00:00,90.22,459.1
2026-03-23 04:30:00+00:00,158.35,646.42
2026-03-23 05:30:00+00:00,325.92,782.67
2026-03-23 06:30:00+00:00,570.9,852.22
2026-03-23 07:30:00+00:00,652.45,850.0
2026-03-23 08:30:00+00:00,707.88,776.35
2026-03-23 09:30:00+00:00,627.6,638.47
2026-03-23 10:30:00+00:00,453.7,454.15
2026-03-23 11:30:00+00:00,238.62,239.52
2026-03-23 12:30:00+00:00,51.75,52.0
2026-03-23 13:30:00+00:00,0.0,0.0
2026-03-23 14:30:00+00:00,0.0,0.0
2026-03-23 15:30:00+00:00,0.0,0.0
2026-03-23 16:30:00+00:00,0.0,0.0
2026-03-23 17:30:00+00:00,0.0,0.0
2026-03-23 18:30:00+00:00,0.0,0.0
2026-03-23 19:30:00+00:00,0.0,0.0
2026-03-23 20:30:00+00:00,0.0,0.0
2026-03-23 21:30:00+00:00,0.0,0.0
2026-03-23 22:30:00+00:00,0.0,0.0
2026-03-23 23:30:00+00:00,0.0,0.0
2026-03-24 00:30:00+00:00,0.0,0.0
2026-03-24 01:30:00+00:00,70.93,73.85
2026-03-24 02:30:00+00:00,262.65,278.83
2026-03-24 03:30:00+00:00,480.75,501.5
2026-03-24 04:30:00+00:00,682.08,693.85
2026-03-24 05:30:00+00:00,795.0,832.22
2026-03-24 06:30:00+00:00,861.88,878.55
2026-03-24 07:30:00+00:00,845.38,878.2
2026-03-24 08:30:00+00:00,775.58,803.55
2026-03-24 09:30:00+00:00,654.75,662.4
2026-03-24 10:30:00+00:00,468.88,470.88
2026-03-24 11:30:00+00:00,244.88,247.52
2026-03-24 12:30:00+00:00,52.67,53.33
2026-03-24 13:30:00+00:00,0.0,0.0
2026-03-24 14:30:00+00:00,0.0,0.0
2026-03-24 15:30:00+00:00,0.0,0.0
2026-03-24 16:30:00+00:00,0.0,0.0
2026-03-24 17:30:00+00:00,0.0,0.0
2026-03-24 18:30:00+00:00,0.0,0.0
2026-03-24 19:30:00+00:00,0.0,0.0
2026-03-24 20:30:00+00:00,0.0,0.0
2026-03-24 21:30:00+00:00,0.0,0.0
2026-03-24 22:30:00+00:00,0.0,0.0
2026-03-24 23:30:00+00:00,0.0,0.0
2026-03-25 00:30:00+00:00,0.0,0.0
2026-03-25 01:30:00+00:00,74.72,75.03
2026-03-25 02:30:00+00:00,266.95,271.92
2026-03-25 03:30:00+00:00,481.05,490.0
2026-03-25 04:30:00+00:00,667.08,679.83
2026-03-25 05:30:00+00:00,799.62,815.95
2026-03-25 06:30:00+00:00,897.65,917.25
2026-03-25 07:30:00+00:00,897.38,911.5
2026-03-25 08:30:00+00:00,822.9,831.88
2026-03-25 09:30:00+00:00,679.67,686.33
2026-03-25 10:30:00+00:00,480.3,488.23
2026-03-25 11:30:00+00:00,251.6,261.2
2026-03-25 12:30:00+00:00,55.58,57.35
2026-03-25 13:30:00+00:00,0.0,0.0
2026-03-25 14:30:00+00:00,0.0,0.0
2026-03-25 15:30:00+00:00,0.0,0.0
2026-03-25 16:30:00+00:00,0.0,0.0
2026-03-25 17:30:00+00:00,0.0,0.0
2026-03-25 18:30:00+00:00,0.0,0.0
2026-03-25 19:30:00+00:00,0.0,0.0
2026-03-25 20:30:00+00:00,0.0,0.0
2026-03-25 21:30:00+00:00,0.0,0.0
2026-03-25 22:30:00+00:00,0.0,0.0
2026-03-25 23:30:00+00:00,0.0,0.0
2026-03-26 00:30:00+00:00,0.0,0.0
2026-03-26 01:30:00+00:00,83.22,83.9
2026-03-26 02:30:00+00:00,286.15,287.52
2026-03-26 03:30:00+00:00,507.45,507.92
2026-03-26 04:30:00+00:00,693.4,697.35
2026-03-26 05:30:00+00:00,813.2,831.6
2026-03-26 06:30:00+00:00,790.75,879.05
2026-03-26 07:30:00+00:00,739.83,873.47
2026-03-26 08:30:00+00:00,609.35,794.92
2026-03-26 09:30:00+00:00,400.02,653.12
2026-03-26 10:30:00+00:00,311.12,462.73
2026-03-26 11:30:00+00:00,146.88,245.5
2026-03-26 12:30:00+00:00,37.7,53.65
2026-03-26 13:30:00+00:00,0.0,0.0
2026-03-26 14:30:00+00:00,0.0,0.0
2026-03-26 15:30:00+00:00,0.0,0.0
2026-03-26 16:30:00+00:00,0.0,0.0
2026-03-26 17:30:00+00:00,0.0,0.0
2026-03-26 18:30:00+00:00,0.0,0.0
2026-03-26 19:30:00+00:00,0.0,0.0
2026-03-26 20:30:00+00:00,0.0,0.0
2026-03-26 21:30:00+00:00,0.0,0.0
2026-03-26 22:30:00+00:00,0.0,0.0
2026-03-26 23:30:00+00:00,0.0,0.0
2026-03-27 00:30:00+00:00,0.0,0.0
2026-03-27 01:30:00+00:00,64.07,78.35
2026-03-27 02:30:00+00:00,186.0,273.83
2026-03-27 03:30:00+00:00,351.38,486.2
2026-03-27 04:30:00+00:00,427.65,673.38
2026-03-27 05:30:00+00:00,412.5,805.78
2026-03-27 06:30:00+00:00,521.85,862.78
2026-03-27 07:30:00+00:00,486.38,862.03
2026-03-27 08:30:00+00:00,692.88,785.45
2026-03-27 09:30:00+00:00,622.58,646.2
2026-03-27 10:30:00+00:00,436.23,456.65
2026-03-27 11:30:00+00:00,234.5,242.52
2026-03-27 12:30:00+00:00,53.9,54.42
2026-03-27 13:30:00+00:00,0.0,0.0
2026-03-27 14:30:00+00:00,0.0,0.0
2026-03-27 15:30:00+00:00,0.0,0.0
2026-03-27 16:30:00+00:00,0.0,0.0
2026-03-27 17:30:00+00:00,0.0,0.0
2026-03-27 18:30:00+00:00,0.0,0.0
2026-03-27 19:30:00+00:00,0.0,0.0
2026-03-27 20:30:00+00:00,0.0,0.0
2026-03-27 21:30:00+00:00,0.0,0.0
2026-03-27 22:30:00+00:00,0.0,0.0
2026-03-27 23:30:00+00:00,0.0,0.0
2026-03-28 00:30:00+00:00,0.0,0.0
2026-03-28 01:30:00+00:00,94.62,97.28
2026-03-28 02:30:00+00:00,299.05,311.85
2026-03-28 03:30:00+00:00,512.55,533.42
2026-03-28 04:30:00+00:00,686.5,719.78
2026-03-28 05:30:00+00:00,782.45,851.08
2026-03-28 06:30:00+00:00,689.17,900.05
2026-03-28 07:30:00+00:00,781.03,895.58
2026-03-28 08:30:00+00:00,801.28,818.17
2026-03-28 09:30:00+00:00,634.05,676.3
2026-03-28 10:30:00+00:00,410.88,483.25
2026-03-28 11:30:00+00:00,219.2,262.33
2026-03-28 12:30:00+00:00,51.92,60.97
2026-03-28 13:30:00+00:00,0.0,0.0
2026-03-28 14:30:00+00:00,0.0,0.0
2026-03-28 15:30:00+00:00,0.0,0.0
2026-03-28 16:30:00+00:00,0.0,0.0
2026-03-28 17:30:00+00:00,0.0,0.0
2026-03-28 18:30:00+00:00,0.0,0.0
2026-03-28 19:30:00+00:00,0.0,0.0
2026-03-28 20:30:00+00:00,0.0,0.0
2026-03-28 21:30:00+00:00,0.0,0.0
2026-03-28 22:30:00+00:00,0.0,0.0
2026-03-28 23:30:00+00:00,0.0,0.0
2026-03-29 00:30:00+00:00,0.0,0.0
2026-03-29 01:30:00+00:00,79.6,89.12
2026-03-29 02:30:00+00:00,253.43,288.3
2026-03-29 03:30:00+00:00,463.6,503.67
2026-03-29 04:30:00+00:00,600.75,687.65
2026-03-29 05:30:00+00:00,663.03,819.28
2026-03-29 06:30:00+00:00,817.78,879.38
2026-03-29 07:30:00+00:00,842.9,878.88
2026-03-29 08:30:00+00:00,698.85,803.95
2026-03-29 09:30:00+00:00,553.78,664.4
2026-03-29 10:30:00+00:00,419.65,473.38
2026-03-29 11:30:00+00:00,225.05,255.07
2026-03-29 12:30:00+00:00,55.03,59.4
2026-03-29 13:30:00+00:00,0.0,0.0
2026-03-29 14:30:00+00:00,0.0,0.0
2026-03-29 15:30:00+00:00,0.0,0.0
2026-03-29 16:30:00+00:00,0.0,0.0
2026-03-29 17:30:00+00:00,0.0,0.0
2026-03-29 18:30:00+00:00,0.0,0.0
2026-03-29 19:30:00+00:00,0.0,0.0
2026-03-29 20:30:00+00:00,0.0,0.0
2026-03-29 21:30:00+00:00,0.0,0.0
2026-03-29 22:30:00+00:00,0.0,0.0
2026-03-29 23:30:00+00:00,0.0,0.0
2026-03-30 00:30:00+00:00,0.0,0.0
2026-03-30 01:30:00+00:00,79.85,80.05
2026-03-30 02:30:00+00:00,237.45,253.73
2026-03-30 03:30:00+00:00,425.52,459.83
2026-03-30 04:30:00+00:00,588.5,642.53
2026-03-30 05:30:00+00:00,682.6,774.1
2026-03-30 06:30:00+00:00,681.88,840.45
2026-03-30 07:30:00+00:00,542.9,838.5
2026-03-30 08:30:00+00:00,526.2,761.78
2026-03-30 09:30:00+00:00,252.38,620.08
2026-03-30 10:30:00+00:00,65.2,431.5
2026-03-30 11:30:00+00:00,60.67,222.38
2026-03-30 12:30:00+00:00,17.7,52.22
2026-03-30 13:30:00+00:00,0.0,0.0
2026-03-30 14:30:00+00:00,0.0,0.0
2026-03-30 15:30:00+00:00,0.0,0.0
2026-03-30 16:30:00+00:00,0.0,0.0
2026-03-30 17:30:00+00:00,0.0,0.0
2026-03-30 18:30:00+00:00,0.0,0.0
2026-03-30 19:30:00+00:00,0.0,0.0
2026-03-30 20:30:00+00:00,0.0,0.0
2026-03-30 21:30:00+00:00,0.0,0.0
2026-03-30 22:30:00+00:00,0.0,0.0
2026-03-30 23:30:00+00:00,0.0,0.0
2026-03-31 00:30:00+00:00,0.0,0.0
2026-03-31 01:30:00+00:00,86.35,90.55
2026-03-31 02:30:00+00:00,242.75,283.73
2026-03-31 03:30:00+00:00,439.08,500.95
2026-03-31 04:30:00+00:00,518.28,691.08
2026-03-31 05:30:00+00:00,658.2,811.38
2026-03-31 06:30:00+00:00,722.5,907.75
2026-03-31 07:30:00+00:00,758.72,905.5
2026-03-31 08:30:00+00:00,465.65,829.12
2026-03-31 09:30:00+00:00,39.0,686.92
2026-03-31 10:30:00+00:00,28.45,493.77
2026-03-31 11:30:00+00:00,18.6,271.73
2026-03-31 12:30:00+00:00,4.1,66.12
2026-03-31 13:30:00+00:00,0.0,0.0
2026-03-31 14:30:00+00:00,0.0,0.0
2026-03-31 15:30:00+00:00,0.0,0.0
2026-03-31 16:30:00+00:00,0.0,0.0
2026-03-31 17:30:00+00:00,0.0,0.0
2026-03-31 18:30:00+00:00,0.0,0.0
2026-03-31 19:30:00+00:00,0.0,0.0
2026-03-31 20:30:00+00:00,0.0,0.0
2026-03-31 21:30:00+00:00,0.0,0.0
2026-03-31 22:30:00+00:00,0.0,0.0
2026-03-31 23:30:00+00:00,0.0,0.0
2026-04-01 00:30:00+00:00,0.0,0.0
2026-04-01 01:30:00+00:00,133.15,143.6
2026-04-01 02:30:00+00:00,357.1,366.12
2026-04-01 03:30:00+00:00,581.28,584.28
2026-04-01 04:30:00+00:00,751.15,764.85
2026-04-01 05:30:00+00:00,865.55,890.78
2026-04-01 06:30:00+00:00,862.9,943.78
2026-04-01 07:30:00+00:00,858.15,933.58
2026-04-01 08:30:00+00:00,627.65,853.45
2026-04-01 09:30:00+00:00,490.48,713.3
2026-04-01 10:30:00+00:00,469.38,522.45
2026-04-01 11:30:00+00:00,260.45,300.17
2026-04-01 12:30:00+00:00,67.88,80.85
2026-04-01 13:30:00+00:00,0.0,0.0
2026-04-01 14:30:00+00:00,0.0,0.0
2026-04-01 15:30:00+00:00,0.0,0.0
2026-04-01 16:30:00+00:00,0.0,0.0
2026-04-01 17:30:00+00:00,0.0,0.0
2026-04-01 18:30:00+00:00,0.0,0.0
2026-04-01 19:30:00+00:00,0.0,0.0
2026-04-01 20:30:00+00:00,0.0,0.0
2026-04-01 21:30:00+00:00,0.0,0.0
2026-04-01 22:30:00+00:00,0.0,0.0
2026-04-01 23:30:00+00:00,0.0,0.0
2026-04-02 00:30:00+00:00,0.0,0.0
2026-04-02 01:30:00+00:00,110.62,132.27
2026-04-02 02:30:00+00:00,294.92,348.73
2026-04-02 03:30:00+00:00,495.05,566.55
2026-04-02 04:30:00+00:00,650.9,748.12
2026-04-02 05:30:00+00:00,779.4,875.2
2026-04-02 06:30:00+00:00,775.85,887.95
2026-04-02 07:30:00+00:00,796.53,881.58
2026-04-02 08:30:00+00:00,785.75,804.9
2026-04-02 09:30:00+00:00,657.95,665.17
2026-04-02 10:30:00+00:00,465.27,473.9
2026-04-02 11:30:00+00:00,247.35,257.2
2026-04-02 12:30:00+00:00,59.75,62.03
2026-04-02 13:30:00+00:00,0.0,0.0
2026-04-02 14:30:00+00:00,0.0,0.0
2026-04-02 15:30:00+00:00,0.0,0.0
2026-04-02 16:30:00+00:00,0.0,0.0
2026-04-02 17:30:00+00:00,0.0,0.0
2026-04-02 18:30:00+00:00,0.0,0.0
2026-04-02 19:30:00+00:00,0.0,0.0
2026-04-02 20:30:00+00:00,0.0,0.0
2026-04-02 21:30:00+00:00,0.0,0.0
2026-04-02 22:30:00+00:00,0.0,0.0
2026-04-02 23:30:00+00:00,0.0,0.0
2026-04-03 00:30:00+00:00,2.0,2.83
2026-04-03 01:30:00+00:00,72.12,102.12
2026-04-03 02:30:00+00:00,201.62,312.92
2026-04-03 03:30:00+00:00,362.48,528.1
2026-04-03 04:30:00+00:00,436.48,713.03
2026-04-03 05:30:00+00:00,545.35,842.62
2026-04-03 06:30:00+00:00,717.85,847.6
2026-04-03 07:30:00+00:00,669.6,844.97
2026-04-03 08:30:00+00:00,658.62,769.62
2026-04-03 09:30:00+00:00,509.3,633.5
2026-04-03 10:30:00+00:00,275.0,446.55
2026-04-03 11:30:00+00:00,123.2,237.75
2026-04-03 12:30:00+00:00,25.35,56.33
2026-04-03 13:30:00+00:00,0.0,0.0
2026-04-03 14:30:00+00:00,0.0,0.0
2026-04-03 15:30:00+00:00,0.0,0.0
2026-04-03 16:30:00+00:00,0.0,0.0
2026-04-03 17:30:00+00:00,0.0,0.0
2026-04-03 18:30:00+00:00,0.0,0.0
2026-04-03 19:30:00+00:00,0.0,0.0
2026-04-03 20:30:00+00:00,0.0,0.0
2026-04-03 21:30:00+00:00,0.0,0.0
2026-04-03 22:30:00+00:00,0.0,0.0
2026-04-03 23:30:00+00:00,0.0,0.0
2026-04-04 00:30:00+00:00,2.7,2.95
2026-04-04 01:30:00+00:00,55.0,94.05
2026-04-04 02:30:00+00:00,137.32,295.27
2026-04-04 03:30:00+00:00,243.77,507.95
2026-04-04 04:30:00+00:00,536.5,688.38
2026-04-04 05:30:00+00:00,631.28,818.6
2026-04-04 06:30:00+00:00,496.52,791.17
2026-04-04 07:30:00+00:00,536.5,782.28
2026-04-04 08:30:00+00:00,515.4,703.75
2026-04-04 09:30:00+00:00,426.65,548.65
2026-04-04 10:30:00+00:00,325.98,367.48
2026-04-04 11:30:00+00:00,175.02,193.77
2026-04-04 12:30:00+00:00,44.47,46.5
2026-04-04 13:30:00+00:00,0.0,0.0
2026-04-04 14:30:00+00:00,0.0,0.0
2026-04-04 15:30:00+00:00,0.0,0.0
2026-04-04 16:30:00+00:00,0.0,0.0
2026-04-04 17:30:00+00:00,0.0,0.0
2026-04-04 18:30:00+00:00,0.0,0.0
2026-04-04 19:30:00+00:00,0.0,0.0
2026-04-04 20:30:00+00:00,0.0,0.0
2026-04-04 21:30:00+00:00,0.0,0.0
2026-04-04 22:30:00+00:00,0.0,0.0
2026-04-04 23:30:00+00:00,0.0,0.0
2026-04-05 00:30:00+00:00,3.1,3.38
2026-04-05 01:30:00+00:00,87.78,93.05
2026-04-05 02:30:00+00:00,257.5,287.55
2026-04-05 03:30:00+00:00,465.12,501.17
2026-04-05 04:30:00+00:00,661.65,685.85
2026-04-05 05:30:00+00:00,792.17,817.55
2026-04-05 06:30:00+00:00,776.88,866.05
2026-04-05 07:30:00+00:00,744.75,857.5
2026-04-05 08:30:00+00:00,590.83,778.4
2026-04-05 09:30:00+00:00,447.12,635.3
2026-04-05 10:30:00+00:00,297.08,445.85
2026-04-05 11:30:00+00:00,166.18,236.57
2026-04-05 12:30:00+00:00,50.65,59.35
2026-04-05 13:30:00+00:00,0.0,0.0
2026-04-05 14:30:00+00:00,0.0,0.0
2026-04-05 15:30:00+00:00,0.0,0.0
2026-04-05 16:30:00+00:00,0.0,0.0
2026-04-05 17:30:00+00:00,0.0,0.0
2026-04-05 18:30:00+00:00,0.0,0.0
2026-04-05 19:30:00+00:00,0.0,0.0
2026-04-05 20:30:00+00:00,0.0,0.0
2026-04-05 21:30:00+00:00,0.0,0.0
2026-04-05 22:30:00+00:00,0.0,0.0
2026-04-05 23:30:00+00:00,0.0,0.0
2026-04-06 00:30:00+00:00,4.3,4.32
2026-04-06 01:30:00+00:00,111.97,112.6
2026-04-06 02:30:00+00:00,309.08,310.2
2026-04-06 03:30:00+00:00,526.9,527.67
2026-04-06 04:30:00+00:00,704.42,713.95
2026-04-06 05:30:00+00:00,812.45,844.47
2026-04-06 06:30:00+00:00,859.12,886.85
2026-04-06 07:30:00+00:00,772.08,879.62
2026-04-06 08:30:00+00:00,745.47,799.95
2026-04-06 09:30:00+00:00,639.22,656.22
2026-04-06 10:30:00+00:00,452.85,464.48
2026-04-06 11:30:00+00:00,245.52,251.15
2026-04-06 12:30:00+00:00,63.72,65.25
2026-04-06 13:30:00+00:00,0.0,0.0
2026-04-06 14:30:00+00:00,0.0,0.0
2026-04-06 15:30:00+00:00,0.0,0.0
2026-04-06 16:30:00+00:00,0.0,0.0
2026-04-06 17:30:00+00:00,0.0,0.0
2026-04-06 18:30:00+00:00,0.0,0.0
2026-04-06 19:30:00+00:00,0.0,0.0
2026-04-06 20:30:00+00:00,0.0,0.0
2026-04-06 21:30:00+00:00,0.0,0.0
2026-04-06 22:30:00+00:00,0.0,0.0
2026-04-06 23:30:00+00:00,0.0,0.0
2026-04-07 00:30:00+00:00,4.78,5.1
2026-04-07 01:30:00+00:00,90.7,114.5
2026-04-07 02:30:00+00:00,235.8,323.45
2026-04-07 03:30:00+00:00,389.33,535.22
2026-04-07 04:30:00+00:00,350.98,712.55
2026-04-07 05:30:00+00:00,338.33,834.12
2026-04-07 06:30:00+00:00,225.23,826.7
2026-04-07 07:30:00+00:00,179.12,821.62
2026-04-07 08:30:00+00:00,157.38,749.5
2026-04-07 09:30:00+00:00,70.47,613.83
2026-04-07 10:30:00+00:00,70.78,431.6
2026-04-07 11:30:00+00:00,139.15,225.15
2026-04-07 12:30:00+00:00,52.28,59.75
2026-04-07 13:30:00+00:00,0.0,0.0
2026-04-07 14:30:00+00:00,0.0,0.0
2026-04-07 15:30:00+00:00,0.0,0.0
2026-04-07 16:30:00+00:00,0.0,0.0
2026-04-07 17:30:00+00:00,0.0,0.0
2026-04-07 18:30:00+00:00,0.0,0.0
2026-04-07 19:30:00+00:00,0.0,0.0
2026-04-07 20:30:00+00:00,0.0,0.0
2026-04-07 21:30:00+00:00,0.0,0.0
2026-04-07 22:30:00+00:00,0.0,0.0
2026-04-07 23:30:00+00:00,0.0,0.0
2026-04-08 00:30:00+00:00,3.8,4.85
2026-04-08 01:30:00+00:00,82.6,92.47
2026-04-08 02:30:00+00:00,249.68,277.77
2026-04-08 03:30:00+00:00,441.6,480.0
2026-04-08 04:30:00+00:00,622.22,668.62
2026-04-08 05:30:00+00:00,767.75,791.55
2026-04-08 06:30:00+00:00,854.33,914.38
2026-04-08 07:30:00+00:00,761.38,908.58
2026-04-08 08:30:00+00:00,587.2,832.67
2026-04-08 09:30:00+00:00,563.42,690.1
2026-04-08 10:30:00+00:00,384.98,493.48
2026-04-08 11:30:00+00:00,206.07,271.62
2026-04-08 12:30:00+00:00,61.03,72.8
2026-04-08 13:30:00+00:00,0.0,0.0
2026-04-08 14:30:00+00:00,0.0,0.0
2026-04-08 15:30:00+00:00,0.0,0.0
2026-04-08 16:30:00+00:00,0.0,0.0
2026-04-08 17:30:00+00:00,0.0,0.0
2026-04-08 18:30:00+00:00,0.0,0.0
2026-04-08 19:30:00+00:00,0.0,0.0
2026-04-08 20:30:00+00:00,0.0,0.0
2026-04-08 21:30:00+00:00,0.0,0.0
2026-04-08 22:30:00+00:00,0.0,0.0
2026-04-08 23:30:00+00:00,0.0,0.0
2026-04-09 00:30:00+00:00,5.8,5.82
2026-04-09 01:30:00+00:00,117.35,118.05
2026-04-09 02:30:00+00:00,303.27,305.25
2026-04-09 03:30:00+00:00,518.03,521.58
2026-04-09 04:30:00+00:00,703.7,708.8
2026-04-09 05:30:00+00:00,835.58,842.12
2026-04-09 06:30:00+00:00,905.7,908.67
2026-04-09 07:30:00+00:00,783.97,900.85
2026-04-09 08:30:00+00:00,660.53,823.0
2026-04-09 09:30:00+00:00,647.53,680.95
2026-04-09 10:30:00+00:00,463.75,490.08
2026-04-09 11:30:00+00:00,261.02,272.8
2026-04-09 12:30:00+00:00,74.43,75.55
2026-04-09 13:30:00+00:00,0.0,0.0
2026-04-09 14:30:00+00:00,0.0,0.0
2026-04-09 15:30:00+00:00,0.0,0.0
2026-04-09 16:30:00+00:00,0.0,0.0
2026-04-09 17:30:00+00:00,0.0,0.0
2026-04-09 18:30:00+00:00,0.0,0.0
2026-04-09 19:30:00+00:00,0.0,0.0
2026-04-09 20:30:00+00:00,0.0,0.0
2026-04-09 21:30:00+00:00,0.0,0.0
2026-04-09 22:30:00+00:00,0.0,0.0
2026-04-09 23:30:00+00:00,0.0,0.0
2026-04-10 00:30:00+00:00,7.2,7.2
2026-04-10 01:30:00+00:00,134.02,134.05
2026-04-10 02:30:00+00:00,346.88,346.88
2026-04-10 03:30:00+00:00,567.58,567.58
2026-04-10 04:30:00+00:00,754.5,754.5
2026-04-10 05:30:00+00:00,886.15,886.15
2026-04-10 06:30:00+00:00,969.22,969.22
2026-04-10 07:30:00+00:00,960.53,960.53
2026-04-10 08:30:00+00:00,878.72,878.72
2026-04-10 09:30:00+00:00,731.75,731.8
2026-04-10 10:30:00+00:00,532.08,532.22
2026-04-10 11:30:00+00:00,302.12,302.3
2026-04-10 12:30:00+00:00,90.15,90.22
2026-04-10 13:30:00+00:00,0.0,0.0
2026-04-10 14:30:00+00:00,0.0,0.0
2026-04-10 15:30:00+00:00,0.0,0.0
2026-04-10 16:30:00+00:00,0.0,0.0
2026-04-10 17:30:00+00:00,0.0,0.0
2026-04-10 18:30:00+00:00,0.0,0.0
2026-04-10 19:30:00+00:00,0.0,0.0
2026-04-10 20:30:00+00:00,0.0,0.0
2026-04-10 21:30:00+00:00,0.0,0.0
2026-04-10 22:30:00+00:00,0.0,0.0
2026-04-10 23:30:00+00:00,0.0,0.0
2026-04-11 00:30:00+00:00,7.6,7.57
2026-04-11 01:30:00+00:00,128.82,131.9
2026-04-11 02:30:00+00:00,331.05,347.92
2026-04-11 03:30:00+00:00,535.62,566.45
2026-04-11 04:30:00+00:00,719.72,749.67
2026-04-11 05:30:00+00:00,818.58,877.75
2026-04-11 06:30:00+00:00,919.1,936.88
2026-04-11 07:30:00+00:00,856.17,926.22
2026-04-11 08:30:00+00:00,719.2,843.3
2026-04-11 09:30:00+00:00,589.58,696.55
2026-04-11 10:30:00+00:00,424.23,499.98
2026-04-11 11:30:00+00:00,234.93,277.95
2026-04-11 12:30:00+00:00,70.38,78.7
2026-04-11 13:30:00+00:00,0.0,0.0
2026-04-11 14:30:00+00:00,0.0,0.0
2026-04-11 15:30:00+00:00,0.0,0.0
2026-04-11 16:30:00+00:00,0.0,0.0
2026-04-11 17:30:00+00:00,0.0,0.0
2026-04-11 18:30:00+00:00,0.0,0.0
2026-04-11 19:30:00+00:00,0.0,0.0
2026-04-11 20:30:00+00:00,0.0,0.0
2026-04-11 21:30:00+00:00,0.0,0.0
2026-04-11 22:30:00+00:00,0.0,0.0
2026-04-11 23:30:00+00:00,0.0,0.0
2026-04-12 00:30:00+00:00,7.97,8.02
2026-04-12 01:30:00+00:00,140.65,142.15
2026-04-12 02:30:00+00:00,348.38,351.5
2026-04-12 03:30:00+00:00,570.28,574.17
2026-04-12 04:30:00+00:00,758.72,762.4
2026-04-12 05:30:00+00:00,892.55,895.3
2026-04-12 06:30:00+00:00,964.1,965.53
2026-04-12 07:30:00+00:00,959.8,959.85
2026-04-12 08:30:00+00:00,878.1,881.12
2026-04-12 09:30:00+00:00,734.95,737.05
2026-04-12 10:30:00+00:00,541.4,542.22
2026-04-12 11:30:00+00:00,315.25,316.23
2026-04-12 12:30:00+00:00,98.43,98.72
2026-04-12 13:30:00+00:00,0.0,0.0
2026-04-12 14:30:00+00:00,0.0,0.0
2026-04-12 15:30:00+00:00,0.0,0.0
2026-04-12 16:30:00+00:00,0.0,0.0
2026-04-12 17:30:00+00:00,0.0,0.0
2026-04-12 18:30:00+00:00,0.0,0.0
2026-04-12 19:30:00+00:00,0.0,0.0
2026-04-12 20:30:00+00:00,0.0,0.0
2026-04-12 21:30:00+00:00,0.0,0.0
2026-04-12 22:30:00+00:00,0.0,0.0
2026-04-12 23:30:00+00:00,0.0,0.0
2026-04-13 00:30:00+00:00,10.05,10.05
2026-04-13 01:30:00+00:00,158.52,159.25
2026-04-13 02:30:00+00:00,383.65,385.15
2026-04-13 03:30:00+00:00,606.55,608.38
2026-04-13 04:30:00+00:00,791.3,793.1
2026-04-13 05:30:00+00:00,919.4,921.12
2026-04-13 06:30:00+00:00,990.9,992.83
2026-04-13 07:30:00+00:00,980.7,981.78
2026-04-13 08:30:00+00:00,898.92,899.88
2026-04-13 09:30:00+00:00,747.38,751.88
2026-04-13 10:30:00+00:00,544.58,552.62
2026-04-13 11:30:00+00:00,310.92,321.35
2026-04-13 12:30:00+00:00,95.45,99.38
2026-04-13 13:30:00+00:00,0.0,0.0
2026-04-13 14:30:00+00:00,0.0,0.0
2026-04-13 15:30:00+00:00,0.0,0.0
2026-04-13 16:30:00+00:00,0.0,0.0
2026-04-13 17:30:00+00:00,0.0,0.0
2026-04-13 18:30:00+00:00,0.0,0.0
2026-04-13 19:30:00+00:00,0.0,0.0
2026-04-13 20:30:00+00:00,0.0,0.0
2026-04-13 21:30:00+00:00,0.0,0.0
2026-04-13 22:30:00+00:00,0.0,0.0
2026-04-13 23:30:00+00:00,0.0,0.0
2026-04-14 00:30:00+00:00,10.02,10.02
2026-04-14 01:30:00+00:00,149.38,149.6
2026-04-14 02:30:00+00:00,367.7,368.02
2026-04-14 03:30:00+00:00,587.28,587.58
2026-04-14 04:30:00+00:00,770.6,770.83
2026-04-14 05:30:00+00:00,897.83,897.95
2026-04-14 06:30:00+00:00,952.97,953.05
2026-04-14 07:30:00+00:00,941.6,941.65
2026-04-14 08:30:00+00:00,858.55,858.58
2026-04-14 09:30:00+00:00,711.45,711.65
2026-04-14 10:30:00+00:00,515.3,515.72
2026-04-14 11:30:00+00:00,288.77,290.45
2026-04-14 12:30:00+00:00,85.5,86.28
2026-04-14 13:30:00+00:00,0.0,0.0
2026-04-14 14:30:00+00:00,0.0,0.0
2026-04-14 15:30:00+00:00,0.0,0.0
2026-04-14 16:30:00+00:00,0.0,0.0
2026-04-14 17:30:00+00:00,0.0,0.0
2026-04-14 18:30:00+00:00,0.0,0.0
2026-04-14 19:30:00+00:00,0.0,0.0
2026-04-14 20:30:00+00:00,0.0,0.0
2026-04-14 21:30:00+00:00,0.0,0.0
2026-04-14 22:30:00+00:00,0.0,0.0
2026-04-14 23:30:00+00:00,0.0,0.0
2026-04-15 00:30:00+00:00,10.77,10.77
2026-04-15 01:30:00+00:00,156.52,156.7
2026-04-15 02:30:00+00:00,378.3,378.52
2026-04-15 03:30:00+00:00,601.45,601.65
2026-04-15 04:30:00+00:00,787.05,787.17
2026-04-15 05:30:00+00:00,915.62,915.7
2026-04-15 06:30:00+00:00,967.3,967.35
2026-04-15 07:30:00+00:00,955.65,955.67
2026-04-15 08:30:00+00:00,871.88,871.88
2026-04-15 09:30:00+00:00,724.03,724.15
2026-04-15 10:30:00+00:00,524.97,525.22
2026-04-15 11:30:00+00:00,298.02,298.3
2026-04-15 12:30:00+00:00,91.95,92.07
2026-04-15 13:30:00+00:00,0.0,0.0
2026-04-15 14:30:00+00:00,0.0,0.0
2026-04-15 15:30:00+00:00,0.0,0.0
2026-04-15 16:30:00+00:00,0.0,0.0
2026-04-15 17:30:00+00:00,0.0,0.0
2026-04-15 18:30:00+00:00,0.0,0.0
2026-04-15 19:30:00+00:00,0.0,0.0
2026-04-15 20:30:00+00:00,0.0,0.0
2026-04-15 21:30:00+00:00,0.0,0.0
2026-04-15 22:30:00+00:00,0.0,0.0
2026-04-15 23:30:00+00:00,0.0,0.0
2026-04-16 00:30:00+00:00,11.7,11.73
2026-04-16 01:30:00+00:00,157.62,158.65
2026-04-16 02:30:00+00:00,372.92,375.17
2026-04-16 03:30:00+00:00,591.0,594.0
2026-04-16 04:30:00+00:00,772.5,775.8
2026-04-16 05:30:00+00:00,897.1,900.83
2026-04-16 06:30:00+00:00,952.8,957.8
2026-04-16 07:30:00+00:00,939.15,943.62
2026-04-16 08:30:00+00:00,843.9,858.53
2026-04-16 09:30:00+00:00,681.67,710.17
2026-04-16 10:30:00+00:00,491.77,511.98
2026-04-16 11:30:00+00:00,268.85,287.8
2026-04-16 12:30:00+00:00,83.1,86.72
2026-04-16 13:30:00+00:00,0.0,0.0
2026-04-16 14:30:00+00:00,0.0,0.0
2026-04-16 15:30:00+00:00,0.0,0.0
2026-04-16 16:30:00+00:00,0.0,0.0
2026-04-16 17:30:00+00:00,0.0,0.0
2026-04-16 18:30:00+00:00,0.0,0.0
2026-04-16 19:30:00+00:00,0.0,0.0
2026-04-16 20:30:00+00:00,0.0,0.0
2026-04-16 21:30:00+00:00,0.0,0.0
2026-04-16 22:30:00+00:00,0.0,0.0
2026-04-16 23:30:00+00:00,0.0,0.0
2026-04-17 00:30:00+00:00,9.07,11.25
2026-04-17 01:30:00+00:00,90.7,143.2
2026-04-17 02:30:00+00:00,210.23,358.25
2026-04-17 03:30:00+00:00,338.15,572.75
2026-04-17 04:30:00+00:00,528.78,752.0
2026-04-17 05:30:00+00:00,653.03,876.08
2026-04-17 06:30:00+00:00,654.5,847.88
2026-04-17 07:30:00+00:00,742.35,833.7
2026-04-17 08:30:00+00:00,603.03,753.88
2026-04-17 09:30:00+00:00,362.62,611.8
2026-04-17 10:30:00+00:00,154.12,432.9
2026-04-17 11:30:00+00:00,111.57,232.3
2026-04-17 12:30:00+00:00,40.08,66.72
2026-04-17 13:30:00+00:00,0.0,0.0
2026-04-17 14:30:00+00:00,0.0,0.0
2026-04-17 15:30:00+00:00,0.0,0.0
2026-04-17 16:30:00+00:00,0.0,0.0
2026-04-17 17:30:00+00:00,0.0,0.0
2026-04-17 18:30:00+00:00,0.0,0.0
2026-04-17 19:30:00+00:00,0.0,0.0
2026-04-17 20:30:00+00:00,0.0,0.0
2026-04-17 21:30:00+00:00,0.0,0.0
2026-04-17 22:30:00+00:00,0.0,0.0
2026-04-17 23:30:00+00:00,0.0,0.0
2026-04-18 00:30:00+00:00,10.52,10.38
2026-04-18 01:30:00+00:00,128.25,128.73
2026-04-18 02:30:00+00:00,327.27,329.92
2026-04-18 03:30:00+00:00,538.72,542.03
2026-04-18 04:30:00+00:00,720.15,723.4
2026-04-18 05:30:00+00:00,849.1,852.0
2026-04-18 06:30:00+00:00,942.9,945.22
2026-04-18 07:30:00+00:00,934.3,936.2
2026-04-18 08:30:00+00:00,855.35,856.75
2026-04-18 09:30:00+00:00,712.08,715.0
2026-04-18 10:30:00+00:00,520.5,524.15
2026-04-18 11:30:00+00:00,298.88,305.62
2026-04-18 12:30:00+00:00,97.2,99.55
2026-04-18 13:30:00+00:00,0.0,0.0
2026-04-18 14:30:00+00:00,0.0,0.0
2026-04-18 15:30:00+00:00,0.0,0.0
2026-04-18 16:30:00+00:00,0.0,0.0
2026-04-18 17:30:00+00:00,0.0,0.0
2026-04-18 18:30:00+00:00,0.0,0.0
2026-04-18 19:30:00+00:00,0.0,0.0
2026-04-18 20:30:00+00:00,0.0,0.0
2026-04-18 21:30:00+00:00,0.0,0.0
2026-04-18 22:30:00+00:00,0.0,0.0
2026-04-18 23:30:00+00:00,0.0,0.0
2026-04-19 00:30:00+00:00,14.45,14.75
2026-04-19 01:30:00+00:00,157.43,172.23
2026-04-19 02:30:00+00:00,356.83,395.15
2026-04-19 03:30:00+00:00,565.15,608.15
2026-04-19 04:30:00+00:00,661.6,782.95
2026-04-19 05:30:00+00:00,713.75,903.08
2026-04-19 06:30:00+00:00,801.88,926.05
2026-04-19 07:30:00+00:00,775.12,913.3
2026-04-19 08:30:00+00:00,790.22,829.85
2026-04-19 09:30:00+00:00,620.25,684.42
2026-04-19 10:30:00+00:00,459.52,492.4
2026-04-19 11:30:00+00:00,260.92,277.45
2026-04-19 12:30:00+00:00,84.28,87.7
2026-04-19 13:30:00+00:00,0.0,0.0
2026-04-19 14:30:00+00:00,0.0,0.0
2026-04-19 15:30:00+00:00,0.0,0.0
2026-04-19 16:30:00+00:00,0.0,0.0
2026-04-19 17:30:00+00:00,0.0,0.0
2026-04-19 18:30:00+00:00,0.0,0.0
2026-04-19 19:30:00+00:00,0.0,0.0
2026-04-19 20:30:00+00:00,0.0,0.0
2026-04-19 21:30:00+00:00,0.0,0.0
2026-04-19 22:30:00+00:00,0.0,0.0
2026-04-19 23:30:00+00:00,0.0,0.0
2026-04-20 00:30:00+00:00,13.73,13.73
2026-04-20 01:30:00+00:00,154.9,154.9
2026-04-20 02:30:00+00:00,363.85,363.88
2026-04-20 03:30:00+00:00,579.03,579.05
2026-04-20 04:30:00+00:00,759.47,759.5
2026-04-20 05:30:00+00:00,885.2,885.22
2026-04-20 06:30:00+00:00,941.6,941.62
2026-04-20 07:30:00+00:00,930.67,930.67
2026-04-20 08:30:00+00:00,849.08,849.08
2026-04-20 09:30:00+00:00,704.22,704.47
2026-04-20 10:30:00+00:00,510.42,510.85
2026-04-20 11:30:00+00:00,290.83,291.27
2026-04-20 12:30:00+00:00,98.6,98.82
2026-04-20 13:30:00+00:00,0.0,0.0
2026-04-20 14:30:00+00:00,0.0,0.0
2026-04-20 15:30:00+00:00,0.0,0.0
2026-04-20 16:30:00+00:00,0.0,0.0
2026-04-20 17:30:00+00:00,0.0,0.0
2026-04-20 18:30:00+00:00,0.0,0.0
2026-04-20 19:30:00+00:00,0.0,0.0
2026-04-20 20:30:00+00:00,0.0,0.0
2026-04-20 21:30:00+00:00,0.0,0.0
2026-04-20 22:30:00+00:00,0.0,0.0
2026-04-20 23:30:00+00:00,0.0,0.0
2026-04-21 00:30:00+00:00,15.57,15.68
2026-04-21 01:30:00+00:00,165.98,166.52
2026-04-21 02:30:00+00:00,384.8,386.67
2026-04-21 03:30:00+00:00,601.38,602.97
2026-04-21 04:30:00+00:00,781.35,782.5
2026-04-21 05:30:00+00:00,905.22,906.0
2026-04-21 06:30:00+00:00,956.22,956.7
2026-04-21 07:30:00+00:00,946.03,946.28
2026-04-21 08:30:00+00:00,864.05,864.05
2026-04-21 09:30:00+00:00,716.53,718.12
2026-04-21 10:30:00+00:00,520.12,523.08
2026-04-21 11:30:00+00:00,297.73,300.85
2026-04-21 12:30:00+00:00,98.12,99.05
2026-04-21 13:30:00+00:00,0.0,0.0
2026-04-21 14:30:00+00:00,0.0,0.0
2026-04-21 15:30:00+00:00,0.0,0.0
2026-04-21 16:30:00+00:00,0.0,0.0
2026-04-21 17:30:00+00:00,0.0,0.0
2026-04-21 18:30:00+00:00,0.0,0.0
2026-04-21 19:30:00+00:00,0.0,0.0
2026-04-21 20:30:00+00:00,0.0,0.0
2026-04-21 21:30:00+00:00,0.0,0.0
2026-04-21 22:30:00+00:00,0.0,0.0
2026-04-21 23:30:00+00:00,0.0,0.0
2026-04-22 00:30:00+00:00,16.85,16.88
2026-04-22 01:30:00+00:00,172.7,173.8
2026-04-22 02:30:00+00:00,392.5,394.02
2026-04-22 03:30:00+00:00,611.08,612.45
2026-04-22 04:30:00+00:00,792.0,793.05
2026-04-22 05:30:00+00:00,916.78,917.53
2026-04-22 06:30:00+00:00,972.88,973.3
2026-04-22 07:30:00+00:00,962.8,962.83
2026-04-22 08:30:00+00:00,880.28,880.3
2026-04-22 09:30:00+00:00,734.35,734.4
2026-04-22 10:30:00+00:00,538.25,538.35
2026-04-22 11:30:00+00:00,313.4,313.5
2026-04-22 12:30:00+00:00,109.53,109.6
2026-04-22 13:30:00+00:00,0.0,0.0
2026-04-22 14:30:00+00:00,0.0,0.0
2026-04-22 15:30:00+00:00,0.0,0.0
2026-04-22 16:30:00+00:00,0.0,0.0
2026-04-22 17:30:00+00:00,0.0,0.0
2026-04-22 18:30:00+00:00,0.0,0.0
2026-04-22 19:30:00+00:00,0.0,0.0
2026-04-22 20:30:00+00:00,0.0,0.0
2026-04-22 21:30:00+00:00,0.0,0.0
2026-04-22 22:30:00+00:00,0.0,0.0
2026-04-22 23:30:00+00:00,0.0,0.0
2026-04-23 00:30:00+00:00,18.23,18.25
2026-04-23 01:30:00+00:00,179.52,179.68
2026-04-23 02:30:00+00:00,399.52,399.73
2026-04-23 03:30:00+00:00,618.6,618.75
2026-04-23 04:30:00+00:00,796.9,797.0
2026-04-23 05:30:00+00:00,919.3,919.35
2026-04-23 06:30:00+00:00,977.55,977.6
2026-04-23 07:30:00+00:00,964.72,964.72
2026-04-23 08:30:00+00:00,881.95,881.95
2026-04-23 09:30:00+00:00,736.78,736.8
2026-04-23 10:30:00+00:00,541.72,541.72
2026-04-23 11:30:00+00:00,317.7,317.7
2026-04-23 12:30:00+00:00,112.7,112.72
2026-04-23 13:30:00+00:00,0.0,0.0
2026-04-23 14:30:00+00:00,0.0,0.0
2026-04-23 15:30:00+00:00,0.0,0.0
2026-04-23 16:30:00+00:00,0.0,0.0
2026-04-23 17:30:00+00:00,0.0,0.0
2026-04-23 18:30:00+00:00,0.0,0.0
2026-04-23 19:30:00+00:00,0.0,0.0
2026-04-23 20:30:00+00:00,0.0,0.0
2026-04-23 21:30:00+00:00,0.0,0.0
2026-04-23 22:30:00+00:00,0.0,0.0
2026-04-23 23:30:00+00:00,0.0,0.0
2026-04-24 00:30:00+00:00,16.15,18.6
2026-04-24 01:30:00+00:00,147.12,176.82
2026-04-24 02:30:00+00:00,346.4,396.55
2026-04-24 03:30:00+00:00,549.42,609.6
2026-04-24 04:30:00+00:00,748.88,785.42
2026-04-24 05:30:00+00:00,886.03,906.33
2026-04-24 06:30:00+00:00,929.17,938.78
2026-04-24 07:30:00+00:00,923.47,923.55
2026-04-24 08:30:00+00:00,833.92,837.7
2026-04-24 09:30:00+00:00,688.83,689.35
2026-04-24 10:30:00+00:00,486.75,495.2
2026-04-24 11:30:00+00:00,270.7,278.2
2026-04-24 12:30:00+00:00,89.95,91.65
2026-04-24 13:30:00+00:00,0.0,0.0
2026-04-24 14:30:00+00:00,0.0,0.0
2026-04-24 15:30:00+00:00,0.0,0.0
2026-04-24 16:30:00+00:00,0.0,0.0
2026-04-24 17:30:00+00:00,0.0,0.0
2026-04-24 18:30:00+00:00,0.0,0.0
2026-04-24 19:30:00+00:00,0.0,0.0
2026-04-24 20:30:00+00:00,0.0,0.0
2026-04-24 21:30:00+00:00,0.0,0.0
2026-04-24 22:30:00+00:00,0.0,0.0
2026-04-24 23:30:00+00:00,0.0,0.0
2026-04-25 00:30:00+00:00,17.45,17.48
2026-04-25 01:30:00+00:00,157.68,158.2
2026-04-25 02:30:00+00:00,351.83,353.52
2026-04-25 03:30:00+00:00,563.85,565.38
2026-04-25 04:30:00+00:00,740.78,746.1
2026-04-25 05:30:00+00:00,866.65,866.97
2026-04-25 06:30:00+00:00,909.03,911.3
2026-04-25 07:30:00+00:00,892.55,896.7
2026-04-25 08:30:00+00:00,796.9,812.62
2026-04-25 09:30:00+00:00,621.2,667.33
2026-04-25 10:30:00+00:00,433.77,476.65
2026-04-25 11:30:00+00:00,244.27,265.85
2026-04-25 12:30:00+00:00,85.57,88.55
2026-04-25 13:30:00+00:00,0.0,0.0
2026-04-25 14:30:00+00:00,0.0,0.0
2026-04-25 15:30:00+00:00,0.0,0.0
2026-04-25 16:30:00+00:00,0.0,0.0
2026-04-25 17:30:00+00:00,0.0,0.0
2026-04-25 18:30:00+00:00,0.0,0.0
2026-04-25 19:30:00+00:00,0.0,0.0
2026-04-25 20:30:00+00:00,0.0,0.0
2026-04-25 21:30:00+00:00,0.0,0.0
2026-04-25 22:30:00+00:00,0.0,0.0
2026-04-25 23:30:00+00:00,0.0,0.0
2026-04-26 00:30:00+00:00,18.1,18.1
2026-04-26 01:30:00+00:00,158.8,159.02
2026-04-26 02:30:00+00:00,352.8,353.55
2026-04-26 03:30:00+00:00,565.65,566.67
2026-04-26 04:30:00+00:00,716.3,748.28
2026-04-26 05:30:00+00:00,866.35,870.15
2026-04-26 06:30:00+00:00,915.28,917.85
2026-04-26 07:30:00+00:00,905.62,906.9
2026-04-26 08:30:00+00:00,824.5,824.5
2026-04-26 09:30:00+00:00,670.78,681.35
2026-04-26 10:30:00+00:00,476.2,490.7
2026-04-26 11:30:00+00:00,269.02,277.67
2026-04-26 12:30:00+00:00,86.28,88.22
2026-04-26 13:30:00+00:00,2.88,2.9
2026-04-26 14:30:00+00:00,0.0,0.0
2026-04-26 15:30:00+00:00,0.0,0.0
2026-04-26 16:30:00+00:00,0.0,0.0
2026-04-26 17:30:00+00:00,0.0,0.0
2026-04-26 18:30:00+00:00,0.0,0.0
2026-04-26 19:30:00+00:00,0.0,0.0
2026-04-26 20:30:00+00:00,0.0,0.0
2026-04-26 21:30:00+00:00,0.0,0.0
2026-04-26 22:30:00+00:00,0.0,0.0
2026-04-26 23:30:00+00:00,0.0,0.0
2026-04-27 00:30:00+00:00,19.85,19.92
2026-04-27 01:30:00+00:00,163.98,168.23
2026-04-27 02:30:00+00:00,367.17,377.23
2026-04-27 03:30:00+00:00,581.1,581.75
2026-04-27 04:30:00+00:00,758.12,758.7
2026-04-27 05:30:00+00:00,878.72,879.1
2026-04-27 06:30:00+00:00,946.17,946.45
2026-04-27 07:30:00+00:00,933.9,934.15
2026-04-27 08:30:00+00:00,839.95,851.12
2026-04-27 09:30:00+00:00,674.35,707.22
2026-04-27 10:30:00+00:00,469.73,516.12
2026-04-27 11:30:00+00:00,257.9,299.7
2026-04-27 12:30:00+00:00,89.47,97.97
2026-04-27 13:30:00+00:00,2.53,3.22
2026-04-27 14:30:00+00:00,0.0,0.0
2026-04-27 15:30:00+00:00,0.0,0.0
2026-04-27 16:30:00+00:00,0.0,0.0
2026-04-27 17:30:00+00:00,0.0,0.0
2026-04-27 18:30:00+00:00,0.0,0.0
2026-04-27 19:30:00+00:00,0.0,0.0
2026-04-27 20:30:00+00:00,0.0,0.0
2026-04-27 21:30:00+00:00,0.0,0.0
2026-04-27 22:30:00+00:00,0.0,0.0
2026-04-27 23:30:00+00:00,0.0,0.0
2026-04-28 00:30:00+00:00,20.38,21.1
2026-04-28 01:30:00+00:00,156.35,175.0
2026-04-28 02:30:00+00:00,332.48,387.05
2026-04-28 03:30:00+00:00,545.62,595.42
2026-04-28 04:30:00+00:00,712.62,768.5
2026-04-28 05:30:00+00:00,873.03,888.2
2026-04-28 06:30:00+00:00,937.3,942.65
2026-04-28 07:30:00+00:00,922.62,931.38
2026-04-28 08:30:00+00:00,827.92,849.95
2026-04-28 09:30:00+00:00,631.85,706.8
2026-04-28 10:30:00+00:00,419.38,516.38
2026-04-28 11:30:00+00:00,248.6,300.1
2026-04-28 12:30:00+00:00,87.93,98.22
2026-04-28 13:30:00+00:00,3.2,3.3
2026-04-28 14:30:00+00:00,0.0,0.0
2026-04-28 15:30:00+00:00,0.0,0.0
2026-04-28 16:30:00+00:00,0.0,0.0
2026-04-28 17:30:00+00:00,0.0,0.0
2026-04-28 18:30:00+00:00,0.0,0.0
2026-04-28 19:30:00+00:00,0.0,0.0
2026-04-28 20:30:00+00:00,0.0,0.0
2026-04-28 21:30:00+00:00,0.0,0.0
2026-04-28 22:30:00+00:00,0.0,0.0
2026-04-28 23:30:00+00:00,0.0,0.0
2026-04-29 00:30:00+00:00,10.82,21.25
2026-04-29 01:30:00+00:00,81.68,167.1
2026-04-29 02:30:00+00:00,173.32,375.65
2026-04-29 03:30:00+00:00,264.12,581.88
2026-04-29 04:30:00+00:00,331.88,753.25
2026-04-29 05:30:00+00:00,642.05,868.1
2026-04-29 06:30:00+00:00,799.15,933.08
2026-04-29 07:30:00+00:00,707.85,920.17
2026-04-29 08:30:00+00:00,826.4,838.58
2026-04-29 09:30:00+00:00,690.58,695.72
2026-04-29 10:30:00+00:00,505.7,506.95
2026-04-29 11:30:00+00:00,293.27,294.15
2026-04-29 12:30:00+00:00,99.5,99.82
2026-04-29 13:30:00+00:00,3.55,3.55
2026-04-29 14:30:00+00:00,0.0,0.0
2026-04-29 15:30:00+00:00,0.0,0.0
2026-04-29 16:30:00+00:00,0.0,0.0
2026-04-29 17:30:00+00:00,0.0,0.0
2026-04-29 18:30:00+00:00,0.0,0.0
2026-04-29 19:30:00+00:00,0.0,0.0
2026-04-29 20:30:00+00:00,0.0,0.0
2026-04-29 21:30:00+00:00,0.0,0.0
2026-04-29 22:30:00+00:00,0.0,0.0
2026-04-29 23:30:00+00:00,0.0,0.0
2026-04-30 00:30:00+00:00,19.65,20.42
2026-04-30 01:30:00+00:00,140.77,153.07
2026-04-30 02:30:00+00:00,297.88,346.88
2026-04-30 03:30:00+00:00,457.9,554.3
2026-04-30 04:30:00+00:00,672.45,721.72
2026-04-30 05:30:00+00:00,808.0,843.35
2026-04-30 06:30:00+00:00,838.85,895.03
2026-04-30 07:30:00+00:00,764.38,882.03
2026-04-30 08:30:00+00:00,540.22,798.97
2026-04-30 09:30:00+00:00,352.5,660.25
2026-04-30 10:30:00+00:00,235.12,472.98
2026-04-30 11:30:00+00:00,144.48,266.6
2026-04-30 12:30:00+00:00,52.47,84.62
2026-04-30 13:30:00+00:00,2.72,3.45
2026-04-30 14:30:00+00:00,0.0,0.0
2026-04-30 15:30:00+00:00,0.0,0.0
2026-04-30 16:30:00+00:00,0.0,0.0
2026-04-30 17:30:00+00:00,0.0,0.0
2026-04-30 18:30:00+00:00,0.0,0.0
2026-04-30 19:30:00+00:00,0.0,0.0
2026-04-30 20:30:00+00:00,0.0,0.0
2026-04-30 21:30:00+00:00,0.0,0.0
2026-04-30 22:30:00+00:00,0.0,0.0
2026-04-30 23:30:00+00:00,0.0,0.0
2026-05-01 00:30:00+00:00,32.05,38.8
2026-05-01 01:30:00+00:00,201.98,241.75
2026-05-01 02:30:00+00:00,412.85,468.25
2026-05-01 03:30:00+00:00,616.88,675.62
2026-05-01 04:30:00+00:00,843.15,845.42
2026-05-01 05:30:00+00:00,958.65,960.22
2026-05-01 06:30:00+00:00,1005.6,1006.62
2026-05-01 07:30:00+00:00,991.75,992.28
2026-05-01 08:30:00+00:00,911.72,911.72
2026-05-01 09:30:00+00:00,771.6,771.75
2026-05-01 10:30:00+00:00,583.67,583.92
2026-05-01 11:30:00+00:00,364.62,364.9
2026-05-01 12:30:00+00:00,140.02,140.2
2026-05-01 13:30:00+00:00,5.12,5.12
2026-05-01 14:30:00+00:00,0.0,0.0
2026-05-01 15:30:00+00:00,0.0,0.0
2026-05-01 16:30:00+00:00,0.0,0.0
2026-05-01 17:30:00+00:00,0.0,0.0
2026-05-01 18:30:00+00:00,0.0,0.0
2026-05-01 19:30:00+00:00,0.0,0.0
2026-05-01 20:30:00+00:00,0.0,0.0
2026-05-01 21:30:00+00:00,0.0,0.0
2026-05-01 22:30:00+00:00,0.0,0.0
2026-05-01 23:30:00+00:00,0.0,0.0
2026-05-02 00:30:00+00:00,29.27,34.5
2026-05-02 01:30:00+00:00,177.38,229.68
2026-05-02 02:30:00+00:00,343.92,454.2
2026-05-02 03:30:00+00:00,570.03,661.62
2026-05-02 04:30:00+00:00,794.42,830.1
2026-05-02 05:30:00+00:00,913.22,945.15
2026-05-02 06:30:00+00:00,921.45,958.28
2026-05-02 07:30:00+00:00,946.78,948.22
2026-05-02 08:30:00+00:00,869.7,871.3
2026-05-02 09:30:00+00:00,732.47,734.67
2026-05-02 10:30:00+00:00,542.95,548.33
2026-05-02 11:30:00+00:00,325.35,332.62
2026-05-02 12:30:00+00:00,118.0,120.07
2026-05-02 13:30:00+00:00,4.53,4.6
2026-05-02 14:30:00+00:00,0.0,0.0
2026-05-02 15:30:00+00:00,0.0,0.0
2026-05-02 16:30:00+00:00,0.0,0.0
2026-05-02 17:30:00+00:00,0.0,0.0
2026-05-02 18:30:00+00:00,0.0,0.0
2026-05-02 19:30:00+00:00,0.0,0.0
2026-05-02 20:30:00+00:00,0.0,0.0
2026-05-02 21:30:00+00:00,0.0,0.0
2026-05-02 22:30:00+00:00,0.0,0.0
2026-05-02 23:30:00+00:00,0.0,0.0
2026-05-03 00:30:00+00:00,25.05,25.35
2026-05-03 01:30:00+00:00,168.85,170.85
2026-05-03 02:30:00+00:00,357.23,369.0
2026-05-03 03:30:00+00:00,551.9,555.55
2026-05-03 04:30:00+00:00,715.92,737.7
2026-05-03 05:30:00+00:00,818.67,853.62
2026-05-03 06:30:00+00:00,853.15,911.83
2026-05-03 07:30:00+00:00,852.88,889.8
2026-05-03 08:30:00+00:00,771.75,794.58
2026-05-03 09:30:00+00:00,637.08,653.03
2026-05-03 10:30:00+00:00,460.2,469.58
2026-05-03 11:30:00+00:00,269.77,273.27
2026-05-03 12:30:00+00:00,89.5,89.65
2026-05-03 13:30:00+00:00,4.3,4.22
2026-05-03 14:30:00+00:00,0.0,0.0
2026-05-03 15:30:00+00:00,0.0,0.0
2026-05-03 16:30:00+00:00,0.0,0.0
2026-05-03 17:30:00+00:00,0.0,0.0
2026-05-03 18:30:00+00:00,0.0,0.0
2026-05-03 19:30:00+00:00,0.0,0.0
2026-05-03 20:30:00+00:00,0.0,0.0
2026-05-03 21:30:00+00:00,0.0,0.0
2026-05-03 22:30:00+00:00,0.0,0.0
2026-05-03 23:30:00+00:00,0.0,0.0
2026-05-04 00:30:00+00:00,8.2,25.62
2026-05-04 01:30:00+00:00,74.82,172.05
2026-05-04 02:30:00+00:00,174.75,375.2
2026-05-04 03:30:00+00:00,376.42,575.0
2026-05-04 04:30:00+00:00,682.2,736.22
2026-05-04 05:30:00+00:00,846.12,846.85
2026-05-04 06:30:00+00:00,960.08,960.42
2026-05-04 07:30:00+00:00,941.62,941.65
2026-05-04 08:30:00+00:00,854.17,854.88
2026-05-04 09:30:00+00:00,704.83,706.45
2026-05-04 10:30:00+00:00,503.52,504.7
2026-05-04 11:30:00+00:00,265.38,285.7
2026-05-04 12:30:00+00:00,85.55,93.65
2026-05-04 13:30:00+00:00,3.9,4.4
2026-05-04 14:30:00+00:00,0.0,0.0
2026-05-04 15:30:00+00:00,0.0,0.0
2026-05-04 16:30:00+00:00,0.0,0.0
2026-05-04 17:30:00+00:00,0.0,0.0
2026-05-04 18:30:00+00:00,0.0,0.0
2026-05-04 19:30:00+00:00,0.0,0.0
2026-05-04 20:30:00+00:00,0.0,0.0
2026-05-04 21:30:00+00:00,0.0,0.0
2026-05-04 22:30:00+00:00,0.0,0.0
2026-05-04 23:30:00+00:00,0.0,0.0
2026-05-05 00:30:00+00:00,22.6,23.62
2026-05-05 01:30:00+00:00,141.8,151.68
2026-05-05 02:30:00+00:00,302.67,334.5
2026-05-05 03:30:00+00:00,496.38,530.08
2026-05-05 04:30:00+00:00,631.45,697.2
2026-05-05 05:30:00+00:00,747.45,814.2
2026-05-05 06:30:00+00:00,810.1,873.1
2026-05-05 07:30:00+00:00,754.12,858.3
2026-05-05 08:30:00+00:00,704.1,776.2
2026-05-05 09:30:00+00:00,494.9,635.47
2026-05-05 10:30:00+00:00,301.0,451.88
2026-05-05 11:30:00+00:00,181.18,262.2
2026-05-05 12:30:00+00:00,58.88,86.47
2026-05-05 13:30:00+00:00,3.47,4.25
2026-05-05 14:30:00+00:00,0.0,0.0
2026-05-05 15:30:00+00:00,0.0,0.0
2026-05-05 16:30:00+00:00,0.0,0.0
2026-05-05 17:30:00+00:00,0.0,0.0
2026-05-05 18:30:00+00:00,0.0,0.0
2026-05-05 19:30:00+00:00,0.0,0.0
2026-05-05 20:30:00+00:00,0.0,0.0
2026-05-05 21:30:00+00:00,0.0,0.0
2026-05-05 22:30:00+00:00,0.0,0.0
2026-05-05 23:30:00+00:00,0.0,0.0
2026-05-06 00:30:00+00:00,27.5,27.62
2026-05-06 01:30:00+00:00,181.95,183.1
2026-05-06 02:30:00+00:00,377.77,380.73
2026-05-06 03:30:00+00:00,580.88,586.05
2026-05-06 04:30:00+00:00,750.6,757.78
2026-05-06 05:30:00+00:00,866.7,875.97
2026-05-06 06:30:00+00:00,909.28,920.03
2026-05-06 07:30:00+00:00,894.17,905.78
2026-05-06 08:30:00+00:00,814.55,821.2
2026-05-06 09:30:00+00:00,670.45,673.35
2026-05-06 10:30:00+00:00,482.5,483.08
2026-05-06 11:30:00+00:00,276.2,277.12
2026-05-06 12:30:00+00:00,99.47,99.88
2026-05-06 13:30:00+00:00,4.85,4.85
2026-05-06 14:30:00+00:00,0.0,0.0
2026-05-06 15:30:00+00:00,0.0,0.0
2026-05-06 16:30:00+00:00,0.0,0.0
2026-05-06 17:30:00+00:00,0.0,0.0
2026-05-06 18:30:00+00:00,0.0,0.0
2026-05-06 19:30:00+00:00,0.0,0.0
2026-05-06 20:30:00+00:00,0.0,0.0
2026-05-06 21:30:00+00:00,0.0,0.0
2026-05-06 22:30:00+00:00,0.0,0.0
2026-05-06 23:30:00+00:00,0.0,0.0
2026-05-07 00:30:00+00:00,26.65,27.02
2026-05-07 01:30:00+00:00,157.4,171.73
2026-05-07 02:30:00+00:00,333.33,368.52
2026-05-07 03:30:00+00:00,537.5,568.67
2026-05-07 04:30:00+00:00,662.33,736.85
2026-05-07 05:30:00+00:00,814.53,853.1
2026-05-07 06:30:00+00:00,896.08,898.22
2026-05-07 07:30:00+00:00,886.83,888.83
2026-05-07 08:30:00+00:00,800.78,809.67
2026-05-07 09:30:00+00:00,664.62,667.58
2026-05-07 10:30:00+00:00,479.58,482.12
2026-05-07 11:30:00+00:00,276.7,278.25
2026-05-07 12:30:00+00:00,100.5,100.93
2026-05-07 13:30:00+00:00,5.15,5.18
2026-05-07 14:30:00+00:00,0.0,0.0
2026-05-07 15:30:00+00:00,0.0,0.0
2026-05-07 16:30:00+00:00,0.0,0.0
2026-05-07 17:30:00+00:00,0.0,0.0
2026-05-07 18:30:00+00:00,0.0,0.0
2026-05-07 19:30:00+00:00,0.0,0.0
2026-05-07 20:30:00+00:00,0.0,0.0
2026-05-07 21:30:00+00:00,0.0,0.0
2026-05-07 22:30:00+00:00,0.0,0.0
2026-05-07 23:30:00+00:00,0.0,0.0
2026-05-08 00:30:00+00:00,28.92,28.83
2026-05-08 01:30:00+00:00,174.6,178.0
2026-05-08 02:30:00+00:00,366.8,380.6
2026-05-08 03:30:00+00:00,569.17,586.1
2026-05-08 04:30:00+00:00,742.35,758.0
2026-05-08 05:30:00+00:00,865.53,877.12
2026-05-08 06:30:00+00:00,937.03,943.17
2026-05-08 07:30:00+00:00,931.47,931.62
2026-05-08 08:30:00+00:00,850.17,850.83
2026-05-08 09:30:00+00:00,707.42,708.92
2026-05-08 10:30:00+00:00,518.1,520.35
2026-05-08 11:30:00+00:00,305.05,307.3
2026-05-08 12:30:00+00:00,110.8,111.9
2026-05-08 13:30:00+00:00,5.75,5.8
2026-05-08 14:30:00+00:00,0.0,0.0
2026-05-08 15:30:00+00:00,0.0,0.0
2026-05-08 16:30:00+00:00,0.0,0.0
2026-05-08 17:30:00+00:00,0.0,0.0
2026-05-08 18:30:00+00:00,0.0,0.0
2026-05-08 19:30:00+00:00,0.0,0.0
2026-05-08 20:30:00+00:00,0.0,0.0
2026-05-08 21:30:00+00:00,0.0,0.0
2026-05-08 22:30:00+00:00,0.0,0.0
2026-05-08 23:30:00+00:00,0.0,0.0
2026-05-09 00:30:00+00:00,28.55,29.1
2026-05-09 01:30:00+00:00,169.05,173.0
2026-05-09 02:30:00+00:00,347.25,357.12
2026-05-09 03:30:00+00:00,539.5,555.2
2026-05-09 04:30:00+00:00,704.75,722.78
2026-05-09 05:30:00+00:00,820.33,839.4
2026-05-09 06:30:00+00:00,868.42,886.67
2026-05-09 07:30:00+00:00,853.3,870.17
2026-05-09 08:30:00+00:00,778.15,786.35
2026-05-09 09:30:00+00:00,634.88,636.05
2026-05-09 10:30:00+00:00,453.65,455.38
2026-05-09 11:30:00+00:00,258.05,258.9
2026-05-09 12:30:00+00:00,95.4,95.6
2026-05-09 13:30:00+00:00,5.43,5.45
2026-05-09 14:30:00+00:00,0.0,0.0
2026-05-09 15:30:00+00:00,0.0,0.0
2026-05-09 16:30:00+00:00,0.0,0.0
2026-05-09 17:30:00+00:00,0.0,0.0
2026-05-09 18:30:00+00:00,0.0,0.0
2026-05-09 19:30:00+00:00,0.0,0.0
2026-05-09 20:30:00+00:00,0.0,0.0
2026-05-09 21:30:00+00:00,0.0,0.0
2026-05-09 22:30:00+00:00,0.0,0.0
2026-05-09 23:30:00+00:00,0.0,0.0
2026-05-10 00:30:00+00:00,28.42,28.48
2026-05-10 01:30:00+00:00,165.5,167.07
2026-05-10 02:30:00+00:00,352.67,357.67
2026-05-10 03:30:00+00:00,550.53,557.7
2026-05-10 04:30:00+00:00,719.62,727.53
2026-05-10 05:30:00+00:00,837.72,845.53
2026-05-10 06:30:00+00:00,883.25,893.12
2026-05-10 07:30:00+00:00,835.08,876.9
2026-05-10 08:30:00+00:00,775.75,792.65
2026-05-10 09:30:00+00:00,635.7,640.4
2026-05-10 10:30:00+00:00,458.38,463.02
2026-05-10 11:30:00+00:00,258.77,261.35
2026-05-10 12:30:00+00:00,90.35,90.97
2026-05-10 13:30:00+00:00,5.62,5.65
2026-05-10 14:30:00+00:00,0.0,0.0
2026-05-10 15:30:00+00:00,0.0,0.0
2026-05-10 16:30:00+00:00,0.0,0.0
2026-05-10 17:30:00+00:00,0.0,0.0
2026-05-10 18:30:00+00:00,0.0,0.0
2026-05-10 19:30:00+00:00,0.0,0.0
2026-05-10 20:30:00+00:00,0.0,0.0
2026-05-10 21:30:00+00:00,0.0,0.0
2026-05-10 22:30:00+00:00,0.0,0.0
2026-05-10 23:30:00+00:00,0.0,0.0
2026-05-11 00:30:00+00:00,25.9,25.77
2026-05-11 01:30:00+00:00,134.57,138.93
2026-05-11 02:30:00+00:00,282.45,297.2
2026-05-11 03:30:00+00:00,411.33,476.12
2026-05-11 04:30:00+00:00,470.98,633.9
2026-05-11 05:30:00+00:00,363.55,751.05
2026-05-11 06:30:00+00:00,478.92,857.53
2026-05-11 07:30:00+00:00,650.53,839.5
2026-05-11 08:30:00+00:00,703.2,758.08
2026-05-11 09:30:00+00:00,611.95,612.3
2026-05-11 10:30:00+00:00,434.9,435.45
2026-05-11 11:30:00+00:00,268.48,268.83
2026-05-11 12:30:00+00:00,101.75,101.8
2026-05-11 13:30:00+00:00,5.78,5.75
2026-05-11 14:30:00+00:00,0.0,0.0
2026-05-11 15:30:00+00:00,0.0,0.0
2026-05-11 16:30:00+00:00,0.0,0.0
2026-05-11 17:30:00+00:00,0.0,0.0
2026-05-11 18:30:00+00:00,0.0,0.0
2026-05-11 19:30:00+00:00,0.0,0.0
2026-05-11 20:30:00+00:00,0.0,0.0
2026-05-11 21:30:00+00:00,0.0,0.0
2026-05-11 22:30:00+00:00,0.0,0.0
2026-05-11 23:30:00+00:00,0.0,0.0
2026-05-12 00:30:00+00:00,28.33,28.52
2026-05-12 01:30:00+00:00,145.27,157.25
2026-05-12 02:30:00+00:00,285.88,336.1
2026-05-12 03:30:00+00:00,386.45,530.42
2026-05-12 04:30:00+00:00,544.92,698.0
2026-05-12 05:30:00+00:00,786.05,816.15
2026-05-12 06:30:00+00:00,856.3,859.75
2026-05-12 07:30:00+00:00,853.75,855.5
2026-05-12 08:30:00+00:00,777.58,777.85
2026-05-12 09:30:00+00:00,623.95,640.65
2026-05-12 10:30:00+00:00,435.77,458.1
2026-05-12 11:30:00+00:00,255.8,267.55
2026-05-12 12:30:00+00:00,86.38,92.43
2026-05-12 13:30:00+00:00,5.22,6.15
2026-05-12 14:30:00+00:00,0.0,0.0
2026-05-12 15:30:00+00:00,0.0,0.0
2026-05-12 16:30:00+00:00,0.0,0.0
2026-05-12 17:30:00+00:00,0.0,0.0
2026-05-12 18:30:00+00:00,0.0,0.0
2026-05-12 19:30:00+00:00,0.0,0.0
2026-05-12 20:30:00+00:00,0.0,0.0
2026-05-12 21:30:00+00:00,0.0,0.0
2026-05-12 22:30:00+00:00,0.0,0.0
2026-05-12 23:30:00+00:00,0.0,0.0
2026-05-13 00:30:00+00:00,28.6,30.98
2026-05-13 01:30:00+00:00,146.9,168.45
2026-05-13 02:30:00+00:00,281.17,352.75
2026-05-13 03:30:00+00:00,323.38,554.05
2026-05-13 04:30:00+00:00,550.25,719.03
2026-05-13 05:30:00+00:00,671.12,828.53
2026-05-13 06:30:00+00:00,845.1,894.97
2026-05-13 07:30:00+00:00,881.5,882.47
2026-05-13 08:30:00+00:00,801.75,802.22
2026-05-13 09:30:00+00:00,660.9,661.28
2026-05-13 10:30:00+00:00,450.2,483.55
2026-05-13 11:30:00+00:00,260.6,282.62
2026-05-13 12:30:00+00:00,93.05,103.4
2026-05-13 13:30:00+00:00,4.85,6.88
2026-05-13 14:30:00+00:00,0.0,0.0
2026-05-13 15:30:00+00:00,0.0,0.0
2026-05-13 16:30:00+00:00,0.0,0.0
2026-05-13 17:30:00+00:00,0.0,0.0
2026-05-13 18:30:00+00:00,0.0,0.0
2026-05-13 19:30:00+00:00,0.0,0.0
2026-05-13 20:30:00+00:00,0.0,0.0
2026-05-13 21:30:00+00:00,0.0,0.0
2026-05-13 22:30:00+00:00,0.0,0.0
2026-05-13 23:30:00+00:00,0.0,0.0
2026-05-14 00:30:00+00:00,33.03,33.03
2026-05-14 01:30:00+00:00,165.8,175.6
2026-05-14 02:30:00+00:00,327.45,362.35
2026-05-14 03:30:00+00:00,551.53,558.45
2026-05-14 04:30:00+00:00,715.22,720.08
2026-05-14 05:30:00+00:00,830.95,841.88
2026-05-14 06:30:00+00:00,901.72,918.6
2026-05-14 07:30:00+00:00,897.45,905.83
2026-05-14 08:30:00+00:00,804.75,824.42
2026-05-14 09:30:00+00:00,660.15,683.28
2026-05-14 10:30:00+00:00,490.65,497.52
2026-05-14 11:30:00+00:00,281.55,291.17
2026-05-14 12:30:00+00:00,103.32,107.35
2026-05-14 13:30:00+00:00,7.4,7.45
2026-05-14 14:30:00+00:00,0.0,0.0
2026-05-14 15:30:00+00:00,0.0,0.0
2026-05-14 16:30:00+00:00,0.0,0.0
2026-05-14 17:30:00+00:00,0.0,0.0
2026-05-14 18:30:00+00:00,0.0,0.0
2026-05-14 19:30:00+00:00,0.0,0.0
2026-05-14 20:30:00+00:00,0.0,0.0
2026-05-14 21:30:00+00:00,0.0,0.0
2026-05-14 22:30:00+00:00,0.0,0.0
2026-05-14 23:30:00+00:00,0.0,0.0
2026-05-15 00:30:00+00:00,34.85,35.78
2026-05-15 01:30:00+00:00,183.12,189.25
2026-05-15 02:30:00+00:00,375.42,376.83
2026-05-15 03:30:00+00:00,579.9,581.47
2026-05-15 04:30:00+00:00,749.15,750.53
2026-05-15 05:30:00+00:00,866.85,867.83
2026-05-15 06:30:00+00:00,966.55,967.03
2026-05-15 07:30:00+00:00,953.83,953.83
2026-05-15 08:30:00+00:00,871.67,874.12
2026-05-15 09:30:00+00:00,732.6,734.58
2026-05-15 10:30:00+00:00,546.92,548.35
2026-05-15 11:30:00+00:00,334.67,335.48
2026-05-15 12:30:00+00:00,131.6,131.95
2026-05-15 13:30:00+00:00,8.48,8.48
2026-05-15 14:30:00+00:00,0.0,0.0
2026-05-15 15:30:00+00:00,0.0,0.0
2026-05-15 16:30:00+00:00,0.0,0.0
2026-05-15 17:30:00+00:00,0.0,0.0
2026-05-15 18:30:00+00:00,0.0,0.0
2026-05-15 19:30:00+00:00,0.0,0.0
2026-05-15 20:30:00+00:00,0.0,0.0
2026-05-15 21:30:00+00:00,0.0,0.0
2026-05-15 22:30:00+00:00,0.0,0.0
2026-05-15 23:30:00+00:00,0.0,0.0
2026-05-16 00:30:00+00:00,38.0,38.75
2026-05-16 01:30:00+00:00,195.32,202.48
2026-05-16 02:30:00+00:00,401.02,412.4
2026-05-16 03:30:00+00:00,612.12,612.72
2026-05-16 04:30:00+00:00,784.05,784.55
2026-05-16 05:30:00+00:00,900.45,900.85
2026-05-16 06:30:00+00:00,943.45,943.8
2026-05-16 07:30:00+00:00,926.72,927.05
2026-05-16 08:30:00+00:00,842.1,842.4
2026-05-16 09:30:00+00:00,697.25,698.28
2026-05-16 10:30:00+00:00,508.25,508.77
2026-05-16 11:30:00+00:00,300.02,300.35
2026-05-16 12:30:00+00:00,116.85,116.97
2026-05-16 13:30:00+00:00,8.05,8.05
2026-05-16 14:30:00+00:00,0.0,0.0
2026-05-16 15:30:00+00:00,0.0,0.0
2026-05-16 16:30:00+00:00,0.0,0.0
2026-05-16 17:30:00+00:00,0.0,0.0
2026-05-16 18:30:00+00:00,0.0,0.0
2026-05-16 19:30:00+00:00,0.0,0.0
2026-05-16 20:30:00+00:00,0.0,0.0
2026-05-16 21:30:00+00:00,0.0,0.0
2026-05-16 22:30:00+00:00,0.0,0.0
2026-05-16 23:30:00+00:00,0.0,0.0
2026-05-17 00:30:00+00:00,40.92,40.92
2026-05-17 01:30:00+00:00,202.05,202.23
2026-05-17 02:30:00+00:00,410.33,410.85
2026-05-17 03:30:00+00:00,613.28,614.22
2026-05-17 04:30:00+00:00,780.97,782.38
2026-05-17 05:30:00+00:00,895.03,896.88
2026-05-17 06:30:00+00:00,927.53,929.85
2026-05-17 07:30:00+00:00,913.28,916.03
2026-05-17 08:30:00+00:00,830.55,833.62
2026-05-17 09:30:00+00:00,629.47,692.6
2026-05-17 10:30:00+00:00,458.15,506.85
2026-05-17 11:30:00+00:00,272.77,299.88
2026-05-17 12:30:00+00:00,105.95,112.6
2026-05-17 13:30:00+00:00,8.05,8.4
2026-05-17 14:30:00+00:00,0.0,0.0
2026-05-17 15:30:00+00:00,0.0,0.0
2026-05-17 16:30:00+00:00,0.0,0.0
2026-05-17 17:30:00+00:00,0.0,0.0
2026-05-17 18:30:00+00:00,0.0,0.0
2026-05-17 19:30:00+00:00,0.0,0.0
2026-05-17 20:30:00+00:00,0.0,0.0
2026-05-17 21:30:00+00:00,0.0,0.0
2026-05-17 22:30:00+00:00,0.0,0.0
2026-05-17 23:30:00+00:00,0.0,0.0
2026-05-18 00:30:00+00:00,40.55,40.5
2026-05-18 01:30:00+00:00,199.57,201.38
2026-05-18 02:30:00+00:00,407.4,411.08
2026-05-18 03:30:00+00:00,610.53,615.05
2026-05-18 04:30:00+00:00,778.8,783.05
2026-05-18 05:30:00+00:00,895.55,898.62
2026-05-18 06:30:00+00:00,964.75,966.5
2026-05-18 07:30:00+00:00,951.8,951.9
2026-05-18 08:30:00+00:00,866.9,868.55
2026-05-18 09:30:00+00:00,722.75,725.33
2026-05-18 10:30:00+00:00,533.17,536.0
2026-05-18 11:30:00+00:00,320.73,323.02
2026-05-18 12:30:00+00:00,126.5,127.57
2026-05-18 13:30:00+00:00,9.1,9.18
2026-05-18 14:30:00+00:00,0.0,0.0
2026-05-18 15:30:00+00:00,0.0,0.0
2026-05-18 16:30:00+00:00,0.0,0.0
2026-05-18 17:30:00+00:00,0.0,0.0
2026-05-18 18:30:00+00:00,0.0,0.0
2026-05-18 19:30:00+00:00,0.0,0.0
2026-05-18 20:30:00+00:00,0.0,0.0
2026-05-18 21:30:00+00:00,0.0,0.0
2026-05-18 22:30:00+00:00,0.0,0.0
2026-05-18 23:30:00+00:00,0.0,0.0
2026-05-19 00:30:00+00:00,40.47,41.92
2026-05-19 01:30:00+00:00,195.23,208.3
2026-05-19 02:30:00+00:00,400.23,425.9
2026-05-19 03:30:00+00:00,586.92,637.28
2026-05-19 04:30:00+00:00,726.78,812.15
2026-05-19 05:30:00+00:00,884.53,932.12
2026-05-19 06:30:00+00:00,974.1,989.62
2026-05-19 07:30:00+00:00,977.7,977.75
2026-05-19 08:30:00+00:00,897.17,897.25
2026-05-19 09:30:00+00:00,756.53,756.6
2026-05-19 10:30:00+00:00,568.55,568.6
2026-05-19 11:30:00+00:00,352.35,352.4
2026-05-19 12:30:00+00:00,142.23,142.25
2026-05-19 13:30:00+00:00,10.27,10.27
2026-05-19 14:30:00+00:00,0.0,0.0
2026-05-19 15:30:00+00:00,0.0,0.0
2026-05-19 16:30:00+00:00,0.0,0.0
2026-05-19 17:30:00+00:00,0.0,0.0
2026-05-19 18:30:00+00:00,0.0,0.0
2026-05-19 19:30:00+00:00,0.0,0.0
2026-05-19 20:30:00+00:00,0.0,0.0
2026-05-19 21:30:00+00:00,0.0,0.0
2026-05-19 22:30:00+00:00,0.0,0.0
2026-05-19 23:30:00+00:00,0.0,0.0
2026-05-20 00:30:00+00:00,47.42,47.42
2026-05-20 01:30:00+00:00,224.95,224.95
2026-05-20 02:30:00+00:00,440.08,440.08
2026-05-20 03:30:00+00:00,644.22,644.22
2026-05-20 04:30:00+00:00,811.42,811.42
2026-05-20 05:30:00+00:00,924.8,924.8
2026-05-20 06:30:00+00:00,991.47,991.47
2026-05-20 07:30:00+00:00,979.58,979.58
2026-05-20 08:30:00+00:00,899.03,899.3
2026-05-20 09:30:00+00:00,758.7,759.2
2026-05-20 10:30:00+00:00,570.83,571.45
2026-05-20 11:30:00+00:00,354.83,355.42
2026-05-20 12:30:00+00:00,145.35,145.68
2026-05-20 13:30:00+00:00,10.88,10.9
2026-05-20 14:30:00+00:00,0.0,0.0
2026-05-20 15:30:00+00:00,0.0,0.0
2026-05-20 16:30:00+00:00,0.0,0.0
2026-05-20 17:30:00+00:00,0.0,0.0
2026-05-20 18:30:00+00:00,0.0,0.0
2026-05-20 19:30:00+00:00,0.0,0.0
2026-05-20 20:30:00+00:00,0.0,0.0
2026-05-20 21:30:00+00:00,0.0,0.0
2026-05-20 22:30:00+00:00,0.0,0.0
2026-05-20 23:30:00+00:00,0.0,0.0
2026-05-21 00:30:00+00:00,44.65,44.75
2026-05-21 01:30:00+00:00,203.05,203.65
2026-05-21 02:30:00+00:00,402.92,403.73
2026-05-21 03:30:00+00:00,586.25,609.22
2026-05-21 04:30:00+00:00,722.62,771.35
2026-05-21 05:30:00+00:00,843.78,881.72
2026-05-21 06:30:00+00:00,947.1,971.12
2026-05-21 07:30:00+00:00,952.12,958.67
2026-05-21 08:30:00+00:00,875.3,875.85
2026-05-21 09:30:00+00:00,732.05,732.72
2026-05-21 10:30:00+00:00,541.15,542.55
2026-05-21 11:30:00+00:00,326.42,329.5
2026-05-21 12:30:00+00:00,127.3,128.68
2026-05-21 13:30:00+00:00,10.52,10.55
2026-05-21 14:30:00+00:00,0.0,0.0
2026-05-21 15:30:00+00:00,0.0,0.0
2026-05-21 16:30:00+00:00,0.0,0.0
2026-05-21 17:30:00+00:00,0.0,0.0
2026-05-21 18:30:00+00:00,0.0,0.0
2026-05-21 19:30:00+00:00,0.0,0.0
2026-05-21 20:30:00+00:00,0.0,0.0
2026-05-21 21:30:00+00:00,0.0,0.0
2026-05-21 22:30:00+00:00,0.0,0.0
2026-05-21 23:30:00+00:00,0.0,0.0
2026-05-22 00:30:00+00:00,45.8,45.65
2026-05-22 01:30:00+00:00,212.25,217.95
2026-05-22 02:30:00+00:00,417.35,434.27
2026-05-22 03:30:00+00:00,640.35,640.6
2026-05-22 04:30:00+00:00,813.2,813.47
2026-05-22 05:30:00+00:00,930.42,930.7
2026-05-22 06:30:00+00:00,979.38,979.53
2026-05-22 07:30:00+00:00,965.58,965.65
2026-05-22 08:30:00+00:00,883.35,883.4
2026-05-22 09:30:00+00:00,740.38,740.8
2026-05-22 10:30:00+00:00,547.33,549.08
2026-05-22 11:30:00+00:00,322.48,333.98
2026-05-22 12:30:00+00:00,128.2,131.4
2026-05-22 13:30:00+00:00,11.07,10.85
2026-05-22 14:30:00+00:00,0.0,0.0
2026-05-22 15:30:00+00:00,0.0,0.0
2026-05-22 16:30:00+00:00,0.0,0.0
2026-05-22 17:30:00+00:00,0.0,0.0
2026-05-22 18:30:00+00:00,0.0,0.0
2026-05-22 19:30:00+00:00,0.0,0.0
2026-05-22 20:30:00+00:00,0.0,0.0
2026-05-22 21:30:00+00:00,0.0,0.0
2026-05-22 22:30:00+00:00,0.0,0.0
2026-05-22 23:30:00+00:00,0.0,0.0
2026-05-23 00:30:00+00:00,41.9,42.55
2026-05-23 01:30:00+00:00,165.52,192.12
2026-05-23 02:30:00+00:00,339.77,397.2
2026-05-23 03:30:00+00:00,425.75,594.0
2026-05-23 04:30:00+00:00,622.1,757.58
2026-05-23 05:30:00+00:00,781.95,863.92
2026-05-23 06:30:00+00:00,838.25,903.8
2026-05-23 07:30:00+00:00,867.78,887.33
2026-05-23 08:30:00+00:00,779.0,802.03
2026-05-23 09:30:00+00:00,652.0,658.33
2026-05-23 10:30:00+00:00,469.88,473.58
2026-05-23 11:30:00+00:00,270.3,285.17
2026-05-23 12:30:00+00:00,103.03,107.38
2026-05-23 13:30:00+00:00,9.3,9.93
2026-05-23 14:30:00+00:00,0.0,0.0
2026-05-23 15:30:00+00:00,0.0,0.0
2026-05-23 16:30:00+00:00,0.0,0.0
2026-05-23 17:30:00+00:00,0.0,0.0
2026-05-23 18:30:00+00:00,0.0,0.0
2026-05-23 19:30:00+00:00,0.0,0.0
2026-05-23 20:30:00+00:00,0.0,0.0
2026-05-23 21:30:00+00:00,0.0,0.0
2026-05-23 22:30:00+00:00,0.0,0.0
2026-05-23 23:30:00+00:00,0.0,0.0
2026-05-24 00:30:00+00:00,40.15,41.75
2026-05-24 01:30:00+00:00,183.8,193.75
2026-05-24 02:30:00+00:00,369.23,394.42
2026-05-24 03:30:00+00:00,556.67,596.12
2026-05-24 04:30:00+00:00,691.12,758.7
2026-05-24 05:30:00+00:00,838.78,875.17
2026-05-24 06:30:00+00:00,952.42,964.85
2026-05-24 07:30:00+00:00,948.47,948.6
2026-05-24 08:30:00+00:00,857.67,863.5
2026-05-24 09:30:00+00:00,707.33,718.08
2026-05-24 10:30:00+00:00,512.4,525.58
2026-05-24 11:30:00+00:00,298.23,309.02
2026-05-24 12:30:00+00:00,116.35,117.57
2026-05-24 13:30:00+00:00,10.65,10.4
2026-05-24 14:30:00+00:00,0.0,0.0
2026-05-24 15:30:00+00:00,0.0,0.0
2026-05-24 16:30:00+00:00,0.0,0.0
2026-05-24 17:30:00+00:00,0.0,0.0
2026-05-24 18:30:00+00:00,0.0,0.0
2026-05-24 19:30:00+00:00,0.0,0.0
2026-05-24 20:30:00+00:00,0.0,0.0
2026-05-24 21:30:00+00:00,0.0,0.0
2026-05-24 22:30:00+00:00,0.0,0.0
2026-05-24 23:30:00+00:00,0.0,0.0
2026-05-25 00:30:00+00:00,32.47,33.6
2026-05-25 01:30:00+00:00,145.32,150.82
2026-05-25 02:30:00+00:00,309.5,318.58
2026-05-25 03:30:00+00:00,470.77,503.35
2026-05-25 04:30:00+00:00,634.6,667.47
2026-05-25 05:30:00+00:00,711.33,775.85
2026-05-25 06:30:00+00:00,905.15,944.97
2026-05-25 07:30:00+00:00,896.8,931.92
2026-05-25 08:30:00+00:00,812.42,848.4
2026-05-25 09:30:00+00:00,679.25,704.3
2026-05-25 10:30:00+00:00,510.4,513.1
2026-05-25 11:30:00+00:00,297.52,303.0
2026-05-25 12:30:00+00:00,115.65,118.6
2026-05-25 13:30:00+00:00,10.85,11.12
2026-05-25 14:30:00+00:00,0.0,0.0
2026-05-25 15:30:00+00:00,0.0,0.0
2026-05-25 16:30:00+00:00,0.0,0.0
2026-05-25 17:30:00+00:00,0.0,0.0
2026-05-25 18:30:00+00:00,0.0,0.0
2026-05-25 19:30:00+00:00,0.0,0.0
2026-05-25 20:30:00+00:00,0.0,0.0
2026-05-25 21:30:00+00:00,0.0,0.0
2026-05-25 22:30:00+00:00,0.0,0.0
2026-05-25 23:30:00+00:00,0.0,0.0
2026-05-26 00:30:00+00:00,45.33,45.3
2026-05-26 01:30:00+00:00,216.85,217.1
2026-05-26 02:30:00+00:00,409.27,409.73
2026-05-26 03:30:00+00:00,617.17,617.72
2026-05-26 04:30:00+00:00,791.75,792.3
2026-05-26 05:30:00+00:00,912.83,913.25
2026-05-26 06:30:00+00:00,1007.67,1007.92
2026-05-26 07:30:00+00:00,992.17,992.25
2026-05-26 08:30:00+00:00,909.47,909.97
2026-05-26 09:30:00+00:00,751.85,766.1
2026-05-26 10:30:00+00:00,557.05,574.47
2026-05-26 11:30:00+00:00,338.83,354.25
2026-05-26 12:30:00+00:00,135.93,142.77
2026-05-26 13:30:00+00:00,12.07,12.75
2026-05-26 14:30:00+00:00,0.0,0.0
2026-05-26 15:30:00+00:00,0.0,0.0
2026-05-26 16:30:00+00:00,0.0,0.0
2026-05-26 17:30:00+00:00,0.0,0.0
2026-05-26 18:30:00+00:00,0.0,0.0
2026-05-26 19:30:00+00:00,0.0,0.0
2026-05-26 20:30:00+00:00,0.0,0.0
2026-05-26 21:30:00+00:00,0.0,0.0
2026-05-26 22:30:00+00:00,0.0,0.0
2026-05-26 23:30:00+00:00,0.0,0.0
2026-05-27 00:30:00+00:00,48.05,48.05
2026-05-27 01:30:00+00:00,216.05,216.07
2026-05-27 02:30:00+00:00,397.83,397.88
2026-05-27 03:30:00+00:00,595.08,595.1
2026-05-27 04:30:00+00:00,758.67,758.7
2026-05-27 05:30:00+00:00,869.53,869.55
2026-05-27 06:30:00+00:00,1015.72,1015.72
2026-05-27 07:30:00+00:00,995.65,995.67
2026-05-27 08:30:00+00:00,907.5,907.5
2026-05-27 09:30:00+00:00,756.8,758.65
2026-05-27 10:30:00+00:00,558.35,561.42
2026-05-27 11:30:00+00:00,333.48,336.17
2026-05-27 12:30:00+00:00,130.82,131.02
2026-05-27 13:30:00+00:00,12.55,12.15
2026-05-27 14:30:00+00:00,0.0,0.0
2026-05-27 15:30:00+00:00,0.0,0.0
2026-05-27 16:30:00+00:00,0.0,0.0
2026-05-27 17:30:00+00:00,0.0,0.0
2026-05-27 18:30:00+00:00,0.0,0.0
2026-05-27 19:30:00+00:00,0.0,0.0
2026-05-27 20:30:00+00:00,0.0,0.0
2026-05-27 21:30:00+00:00,0.0,0.0
2026-05-27 22:30:00+00:00,0.0,0.0
2026-05-27 23:30:00+00:00,0.0,0.0
2026-05-28 00:30:00+00:00,36.92,36.67
2026-05-28 01:30:00+00:00,160.2,160.1
2026-05-28 02:30:00+00:00,316.1,331.17
2026-05-28 03:30:00+00:00,486.02,504.58
2026-05-28 04:30:00+00:00,594.8,635.72
2026-05-28 05:30:00+00:00,728.3,735.58
2026-05-28 06:30:00+00:00,933.2,938.1
2026-05-28 07:30:00+00:00,915.4,920.0
2026-05-28 08:30:00+00:00,826.67,831.15
2026-05-28 09:30:00+00:00,681.72,682.08
2026-05-28 10:30:00+00:00,487.33,487.55
2026-05-28 11:30:00+00:00,277.73,297.45
2026-05-28 12:30:00+00:00,105.22,111.65
2026-05-28 13:30:00+00:00,4.4,11.12
2026-05-28 14:30:00+00:00,0.0,0.0
2026-05-28 15:30:00+00:00,0.0,0.0
2026-05-28 16:30:00+00:00,0.0,0.0
2026-05-28 17:30:00+00:00,0.0,0.0
2026-05-28 18:30:00+00:00,0.0,0.0
2026-05-28 19:30:00+00:00,0.0,0.0
2026-05-28 20:30:00+00:00,0.0,0.0
2026-05-28 21:30:00+00:00,0.0,0.0
2026-05-28 22:30:00+00:00,0.0,0.0
2026-05-28 23:30:00+00:00,0.0,0.0
2026-05-29 00:30:00+00:00,36.2,35.75
2026-05-29 01:30:00+00:00,153.07,155.45
2026-05-29 02:30:00+00:00,322.73,328.58
2026-05-29 03:30:00+00:00,460.67,498.08
2026-05-29 04:30:00+00:00,571.85,662.22
2026-05-29 05:30:00+00:00,723.85,781.15
2026-05-29 06:30:00+00:00,825.2,918.95
2026-05-29 07:30:00+00:00,786.55,906.05
2026-05-29 08:30:00+00:00,781.65,824.05
2026-05-29 09:30:00+00:00,671.6,683.08
2026-05-29 10:30:00+00:00,299.05,499.35
2026-05-29 11:30:00+00:00,204.68,304.65
2026-05-29 12:30:00+00:00,93.2,119.57
2026-05-29 13:30:00+00:00,8.75,12.35
2026-05-29 14:30:00+00:00,0.0,0.0
2026-05-29 15:30:00+00:00,0.0,0.0
2026-05-29 16:30:00+00:00,0.0,0.0
2026-05-29 17:30:00+00:00,0.0,0.0
2026-05-29 18:30:00+00:00,0.0,0.0
2026-05-29 19:30:00+00:00,0.0,0.0
2026-05-29 20:30:00+00:00,0.0,0.0
2026-05-29 21:30:00+00:00,0.0,0.0
2026-05-29 22:30:00+00:00,0.0,0.0
2026-05-29 23:30:00+00:00,0.0,0.0
2026-05-30 00:30:00+00:00,42.47,43.62
2026-05-30 01:30:00+00:00,186.85,194.0
2026-05-30 02:30:00+00:00,378.77,382.92
2026-05-30 03:30:00+00:00,573.6,576.75
2026-05-30 04:30:00+00:00,735.42,737.78
2026-05-30 05:30:00+00:00,851.12,852.92
2026-05-30 06:30:00+00:00,969.92,971.12
2026-05-30 07:30:00+00:00,954.72,955.15
2026-05-30 08:30:00+00:00,864.0,870.9
2026-05-30 09:30:00+00:00,591.83,693.12
2026-05-30 10:30:00+00:00,335.67,507.73
2026-05-30 11:30:00+00:00,207.0,314.1
2026-05-30 12:30:00+00:00,89.72,127.68
2026-05-30 13:30:00+00:00,9.48,12.85
2026-05-30 14:30:00+00:00,0.0,0.0
2026-05-30 15:30:00+00:00,0.0,0.0
2026-05-30 16:30:00+00:00,0.0,0.0
2026-05-30 17:30:00+00:00,0.0,0.0
2026-05-30 18:30:00+00:00,0.0,0.0
2026-05-30 19:30:00+00:00,0.0,0.0
2026-05-30 20:30:00+00:00,0.0,0.0
2026-05-30 21:30:00+00:00,0.0,0.0
2026-05-30 22:30:00+00:00,0.0,0.0
2026-05-30 23:30:00+00:00,0.0,0.0
2026-05-31 00:30:00+00:00,41.55,41.62
2026-05-31 01:30:00+00:00,185.3,185.8
2026-05-31 02:30:00+00:00,365.25,370.38
2026-05-31 03:30:00+00:00,557.17,564.33
2026-05-31 04:30:00+00:00,720.8,729.22
2026-05-31 05:30:00+00:00,786.35,844.4
2026-05-31 06:30:00+00:00,735.72,902.2
2026-05-31 07:30:00+00:00,680.67,885.35
2026-05-31 08:30:00+00:00,645.05,765.75
2026-05-31 09:30:00+00:00,528.17,665.38
2026-05-31 10:30:00+00:00,439.35,488.17
2026-05-31 11:30:00+00:00,255.07,290.88
2026-05-31 12:30:00+00:00,103.22,116.97
2026-05-31 13:30:00+00:00,10.32,12.07
2026-05-31 14:30:00+00:00,0.0,0.0
2026-05-31 15:30:00+00:00,0.0,0.0
2026-05-31 16:30:00+00:00,0.0,0.0
2026-05-31 17:30:00+00:00,0.0,0.0
2026-05-31 18:30:00+00:00,0.0,0.0
2026-05-31 19:30:00+00:00,0.0,0.0
2026-05-31 20:30:00+00:00,0.0,0.0
2026-05-31 21:30:00+00:00,0.0,0.0
2026-05-31 22:30:00+00:00,0.0,0.0
2026-05-31 23:30:00+00:00,0.05,0.05
2026-06-01 00:30:00+00:00,40.47,39.95
2026-06-01 01:30:00+00:00,175.6,178.25
2026-06-01 02:30:00+00:00,342.15,360.17
2026-06-01 03:30:00+00:00,546.0,553.17
2026-06-01 04:30:00+00:00,711.97,716.35
2026-06-01 05:30:00+00:00,825.03,835.2
2026-06-01 06:30:00+00:00,828.25,893.0
2026-06-01 07:30:00+00:00,741.0,878.78
2026-06-01 08:30:00+00:00,706.03,799.33
2026-06-01 09:30:00+00:00,651.42,662.28
2026-06-01 10:30:00+00:00,480.25,483.8
2026-06-01 11:30:00+00:00,288.88,291.85
2026-06-01 12:30:00+00:00,131.4,132.95
2026-06-01 13:30:00+00:00,12.3,12.4
2026-06-01 14:30:00+00:00,0.0,0.0
2026-06-01 15:30:00+00:00,0.0,0.0
2026-06-01 16:30:00+00:00,0.0,0.0
2026-06-01 17:30:00+00:00,0.0,0.0
2026-06-01 18:30:00+00:00,0.0,0.0
2026-06-01 19:30:00+00:00,0.0,0.0
2026-06-01 20:30:00+00:00,0.0,0.0
2026-06-01 21:30:00+00:00,0.0,0.0
2026-06-01 22:30:00+00:00,0.0,0.0
2026-06-01 23:30:00+00:00,0.0,0.0
2026-06-02 00:30:00+00:00,39.62,41.17
2026-06-02 01:30:00+00:00,160.6,183.52
2026-06-02 02:30:00+00:00,321.2,368.1
2026-06-02 03:30:00+00:00,538.85,559.83
2026-06-02 04:30:00+00:00,708.88,722.22
2026-06-02 05:30:00+00:00,781.47,835.17
2026-06-02 06:30:00+00:00,876.45,893.1
2026-06-02 07:30:00+00:00,789.95,879.4
2026-06-02 08:30:00+00:00,717.38,800.9
2026-06-02 09:30:00+00:00,606.15,665.42
2026-06-02 10:30:00+00:00,451.88,488.7
2026-06-02 11:30:00+00:00,271.75,293.55
2026-06-02 12:30:00+00:00,113.35,119.6
2026-06-02 13:30:00+00:00,12.43,12.98
2026-06-02 14:30:00+00:00,0.0,0.0
2026-06-02 15:30:00+00:00,0.0,0.0
2026-06-02 16:30:00+00:00,0.0,0.0
2026-06-02 17:30:00+00:00,0.0,0.0
2026-06-02 18:30:00+00:00,0.0,0.0
2026-06-02 19:30:00+00:00,0.0,0.0
2026-06-02 20:30:00+00:00,0.0,0.0
2026-06-02 21:30:00+00:00,0.0,0.0
2026-06-02 22:30:00+00:00,0.0,0.0
2026-06-02 23:30:00+00:00,0.0,0.0
2026-06-03 00:30:00+00:00,42.0,44.47
2026-06-03 01:30:00+00:00,166.52,196.02
2026-06-03 02:30:00+00:00,352.45,396.25
2026-06-03 03:30:00+00:00,548.05,593.92
2026-06-03 04:30:00+00:00,750.92,756.5
2026-06-03 05:30:00+00:00,870.95,873.15
2026-06-03 06:30:00+00:00,902.03,905.15
2026-06-03 07:30:00+00:00,866.83,893.55
2026-06-03 08:30:00+00:00,789.33,814.45
2026-06-03 09:30:00+00:00,668.33,677.1
2026-06-03 10:30:00+00:00,492.85,493.27
2026-06-03 11:30:00+00:00,287.62,296.95
2026-06-03 12:30:00+00:00,117.0,120.15
2026-06-03 13:30:00+00:00,13.0,13.3
2026-06-03 14:30:00+00:00,0.0,0.0
2026-06-03 15:30:00+00:00,0.0,0.0
2026-06-03 16:30:00+00:00,0.0,0.0
2026-06-03 17:30:00+00:00,0.0,0.0
2026-06-03 18:30:00+00:00,0.0,0.0
2026-06-03 19:30:00+00:00,0.0,0.0
2026-06-03 20:30:00+00:00,0.0,0.0
2026-06-03 21:30:00+00:00,0.0,0.0
2026-06-03 22:30:00+00:00,0.0,0.0
2026-06-03 23:30:00+00:00,0.0,0.0
2026-06-04 00:30:00+00:00,35.85,41.08
2026-06-04 01:30:00+00:00,144.98,179.25
2026-06-04 02:30:00+00:00,326.8,366.45
2026-06-04 03:30:00+00:00,480.85,557.4
2026-06-04 04:30:00+00:00,703.67,705.53
2026-06-04 05:30:00+00:00,824.53,826.1
2026-06-04 06:30:00+00:00,873.67,897.5
2026-06-04 07:30:00+00:00,781.72,882.35
2026-06-04 08:30:00+00:00,542.05,801.17
2026-06-04 09:30:00+00:00,217.75,668.4
2026-06-04 10:30:00+00:00,182.77,488.42
2026-06-04 11:30:00+00:00,160.6,291.2
2026-06-04 12:30:00+00:00,60.35,115.55
2026-06-04 13:30:00+00:00,7.8,13.4
2026-06-04 14:30:00+00:00,0.0,0.0
2026-06-04 15:30:00+00:00,0.0,0.0
2026-06-04 16:30:00+00:00,0.0,0.0
2026-06-04 17:30:00+00:00,0.0,0.0
2026-06-04 18:30:00+00:00,0.0,0.0
2026-06-04 19:30:00+00:00,0.0,0.0
2026-06-04 20:30:00+00:00,0.0,0.0
2026-06-04 21:30:00+00:00,0.0,0.0
2026-06-04 22:30:00+00:00,0.0,0.0
2026-06-04 23:30:00+00:00,0.0,0.0
2026-06-05 00:30:00+00:00,29.9,43.2
2026-06-05 01:30:00+00:00,103.68,187.85
2026-06-05 02:30:00+00:00,186.55,382.52
2026-06-05 03:30:00+00:00,394.15,577.35
2026-06-05 04:30:00+00:00,498.48,740.83
2026-06-05 05:30:00+00:00,571.67,848.9
2026-06-05 06:30:00+00:00,599.08,897.9
2026-06-05 07:30:00+00:00,653.45,888.88
2026-06-05 08:30:00+00:00,592.05,813.12
2026-06-05 09:30:00+00:00,567.33,678.45
2026-06-05 10:30:00+00:00,458.25,501.15
2026-06-05 11:30:00+00:00,269.25,303.27
2026-06-05 12:30:00+00:00,117.05,126.03
2026-06-05 13:30:00+00:00,13.9,14.75
2026-06-05 14:30:00+00:00,0.0,0.0
2026-06-05 15:30:00+00:00,0.0,0.0
2026-06-05 16:30:00+00:00,0.0,0.0
2026-06-05 17:30:00+00:00,0.0,0.0
2026-06-05 18:30:00+00:00,0.0,0.0
2026-06-05 19:30:00+00:00,0.0,0.0
2026-06-05 20:30:00+00:00,0.0,0.0
2026-06-05 21:30:00+00:00,0.0,0.0
2026-06-05 22:30:00+00:00,0.0,0.0
2026-06-05 23:30:00+00:00,0.0,0.0
2026-06-06 00:30:00+00:00,41.95,47.3
2026-06-06 01:30:00+00:00,161.77,202.52
2026-06-06 02:30:00+00:00,393.2,411.12
2026-06-06 03:30:00+00:00,560.47,604.53
2026-06-06 04:30:00+00:00,760.42,770.88
2026-06-06 05:30:00+00:00,853.0,886.78
2026-06-06 06:30:00+00:00,896.33,930.35
2026-06-06 07:30:00+00:00,888.33,916.25
2026-06-06 08:30:00+00:00,742.72,835.58
2026-06-06 09:30:00+00:00,672.47,696.7
2026-06-06 10:30:00+00:00,504.45,513.53
2026-06-06 11:30:00+00:00,298.17,310.0
2026-06-06 12:30:00+00:00,124.72,128.3
2026-06-06 13:30:00+00:00,14.62,15.0
2026-06-06 14:30:00+00:00,0.0,0.0
2026-06-06 15:30:00+00:00,0.0,0.0
2026-06-06 16:30:00+00:00,0.0,0.0
2026-06-06 17:30:00+00:00,0.0,0.0
2026-06-06 18:30:00+00:00,0.0,0.0
2026-06-06 19:30:00+00:00,0.0,0.0
2026-06-06 20:30:00+00:00,0.0,0.0
2026-06-06 21:30:00+00:00,0.0,0.0
2026-06-06 22:30:00+00:00,0.0,0.0
2026-06-06 23:30:00+00:00,0.0,0.0
2026-06-07 00:30:00+00:00,39.35,43.12
2026-06-07 01:30:00+00:00,161.18,184.95
2026-06-07 02:30:00+00:00,362.67,376.1
2026-06-07 03:30:00+00:00,531.53,569.47
2026-06-07 04:30:00+00:00,669.7,723.67
2026-06-07 05:30:00+00:00,833.58,834.55
2026-06-07 06:30:00+00:00,900.4,911.55
2026-06-07 07:30:00+00:00,894.7,895.38
2026-06-07 08:30:00+00:00,791.05,811.9
2026-06-07 09:30:00+00:00,632.25,672.83
2026-06-07 10:30:00+00:00,452.62,491.88
2026-06-07 11:30:00+00:00,268.08,293.67
2026-06-07 12:30:00+00:00,116.93,122.4
2026-06-07 13:30:00+00:00,14.3,15.02
2026-06-07 14:30:00+00:00,0.0,0.0
2026-06-07 15:30:00+00:00,0.0,0.0
2026-06-07 16:30:00+00:00,0.0,0.0
2026-06-07 17:30:00+00:00,0.0,0.0
2026-06-07 18:30:00+00:00,0.0,0.0
2026-06-07 19:30:00+00:00,0.0,0.0
2026-06-07 20:30:00+00:00,0.0,0.0
2026-06-07 21:30:00+00:00,0.0,0.0
2026-06-07 22:30:00+00:00,0.0,0.0
2026-06-07 23:30:00+00:00,0.0,0.0
2026-06-08 00:30:00+00:00,36.83,45.92
2026-06-08 01:30:00+00:00,168.4,199.55
2026-06-08 02:30:00+00:00,376.42,401.95
2026-06-08 03:30:00+00:00,543.6,594.12
2026-06-08 04:30:00+00:00,716.6,761.9
2026-06-08 05:30:00+00:00,841.28,877.58
2026-06-08 06:30:00+00:00,912.88,935.65
2026-06-08 07:30:00+00:00,927.12,929.2
2026-06-08 08:30:00+00:00,813.0,852.4
2026-06-08 09:30:00+00:00,692.4,719.47
2026-06-08 10:30:00+00:00,525.7,542.33
2026-06-08 11:30:00+00:00,323.15,340.02
2026-06-08 12:30:00+00:00,139.93,147.6
2026-06-08 13:30:00+00:00,16.15,17.4
2026-06-08 14:30:00+00:00,0.0,0.0
2026-06-08 15:30:00+00:00,0.0,0.0
2026-06-08 16:30:00+00:00,0.0,0.0
2026-06-08 17:30:00+00:00,0.0,0.0
2026-06-08 18:30:00+00:00,0.0,0.0
2026-06-08 19:30:00+00:00,0.0,0.0
2026-06-08 20:30:00+00:00,0.0,0.0
2026-06-08 21:30:00+00:00,0.0,0.0
2026-06-08 22:30:00+00:00,0.0,0.0
2026-06-08 23:30:00+00:00,0.0,0.0
2026-06-09 00:30:00+00:00,47.03,51.05
2026-06-09 01:30:00+00:00,201.3,219.15
2026-06-09 02:30:00+00:00,396.12,424.9
2026-06-09 03:30:00+00:00,578.15,616.67
2026-06-09 04:30:00+00:00,702.5,777.2
2026-06-09 05:30:00+00:00,805.8,886.22
2026-06-09 06:30:00+00:00,875.55,941.75
2026-06-09 07:30:00+00:00,894.25,932.22
2026-06-09 08:30:00+00:00,846.78,854.97
2026-06-09 09:30:00+00:00,718.42,719.33
2026-06-09 10:30:00+00:00,500.05,538.12
2026-06-09 11:30:00+00:00,289.65,332.75
2026-06-09 12:30:00+00:00,126.78,141.52
2026-06-09 13:30:00+00:00,13.65,17.05
2026-06-09 14:30:00+00:00,0.0,0.0
2026-06-09 15:30:00+00:00,0.0,0.0
2026-06-09 16:30:00+00:00,0.0,0.0
2026-06-09 17:30:00+00:00,0.0,0.0
2026-06-09 18:30:00+00:00,0.0,0.0
2026-06-09 19:30:00+00:00,0.0,0.0
2026-06-09 20:30:00+00:00,0.0,0.0
2026-06-09 21:30:00+00:00,0.0,0.0
2026-06-09 22:30:00+00:00,0.0,0.0
2026-06-09 23:30:00+00:00,0.0,0.0
2026-06-10 00:30:00+00:00,41.4,44.83
2026-06-10 01:30:00+00:00,172.75,192.85
2026-06-10 02:30:00+00:00,359.55,387.45
2026-06-10 03:30:00+00:00,542.83,579.92
2026-06-10 04:30:00+00:00,729.6,730.2
2026-06-10 05:30:00+00:00,841.6,842.6
2026-06-10 06:30:00+00:00,937.05,937.92
2026-06-10 07:30:00+00:00,895.35,929.3
2026-06-10 08:30:00+00:00,829.6,851.85
2026-06-10 09:30:00+00:00,666.8,714.38
2026-06-10 10:30:00+00:00,508.52,532.47
2026-06-10 11:30:00+00:00,297.8,327.1
2026-06-10 12:30:00+00:00,126.65,138.52
2026-06-10 13:30:00+00:00,15.05,17.15
2026-06-10 14:30:00+00:00,0.0,0.0
2026-06-10 15:30:00+00:00,0.0,0.0
2026-06-10 16:30:00+00:00,0.0,0.0
2026-06-10 17:30:00+00:00,0.0,0.0
2026-06-10 18:30:00+00:00,0.0,0.0
2026-06-10 19:30:00+00:00,0.0,0.0
2026-06-10 20:30:00+00:00,0.0,0.0
2026-06-10 21:30:00+00:00,0.0,0.0
2026-06-10 22:30:00+00:00,0.0,0.0
2026-06-10 23:30:00+00:00,0.0,0.0
2026-06-11 00:30:00+00:00,36.95,41.25
2026-06-11 01:30:00+00:00,147.7,172.18
2026-06-11 02:30:00+00:00,292.2,350.17
2026-06-11 03:30:00+00:00,397.7,532.33
2026-06-11 04:30:00+00:00,553.67,688.42
2026-06-11 05:30:00+00:00,796.58,797.5
2026-06-11 06:30:00+00:00,899.72,902.38
2026-06-11 07:30:00+00:00,875.8,884.55
2026-06-11 08:30:00+00:00,801.2,802.4
2026-06-11 09:30:00+00:00,653.0,660.88
2026-06-11 10:30:00+00:00,471.25,479.92
2026-06-11 11:30:00+00:00,279.75,283.48
2026-06-11 12:30:00+00:00,122.97,118.18
2026-06-11 13:30:00+00:00,17.65,15.52
2026-06-11 14:30:00+00:00,0.0,0.0
2026-06-11 15:30:00+00:00,0.0,0.0
2026-06-11 16:30:00+00:00,0.0,0.0
2026-06-11 17:30:00+00:00,0.0,0.0
2026-06-11 18:30:00+00:00,0.0,0.0
2026-06-11 19:30:00+00:00,0.0,0.0
2026-06-11 20:30:00+00:00,0.0,0.0
2026-06-11 21:30:00+00:00,0.0,0.0
2026-06-11 22:30:00+00:00,0.0,0.0
2026-06-11 23:30:00+00:00,0.0,0.0
2026-06-12 00:30:00+00:00,32.88,39.4
2026-06-12 01:30:00+00:00,125.35,165.52
2026-06-12 02:30:00+00:00,252.85,343.7
2026-06-12 03:30:00+00:00,386.83,529.8
2026-06-12 04:30:00+00:00,526.47,690.08
2026-06-12 05:30:00+00:00,647.4,800.47
2026-06-12 06:30:00+00:00,703.4,835.05
2026-06-12 07:30:00+00:00,774.12,825.17
2026-06-12 08:30:00+00:00,622.12,746.62
2026-06-12 09:30:00+00:00,579.78,610.4
2026-06-12 10:30:00+00:00,432.05,436.4
2026-06-12 11:30:00+00:00,236.02,253.02
2026-06-12 12:30:00+00:00,101.6,106.47
2026-06-12 13:30:00+00:00,14.18,14.55
2026-06-12 14:30:00+00:00,0.0,0.0
2026-06-12 15:30:00+00:00,0.0,0.0
2026-06-12 16:30:00+00:00,0.0,0.0
2026-06-12 17:30:00+00:00,0.0,0.0
2026-06-12 18:30:00+00:00,0.0,0.0
2026-06-12 19:30:00+00:00,0.0,0.0
2026-06-12 20:30:00+00:00,0.0,0.0
2026-06-12 21:30:00+00:00,0.0,0.0
2026-06-12 22:30:00+00:00,0.0,0.0
2026-06-12 23:30:00+00:00,0.0,0.0
2026-06-13 00:30:00+00:00,33.12,38.92
2026-06-13 01:30:00+00:00,127.62,164.2
2026-06-13 02:30:00+00:00,245.38,342.35
2026-06-13 03:30:00+00:00,413.15,530.15
2026-06-13 04:30:00+00:00,472.48,685.8
2026-06-13 05:30:00+00:00,468.7,809.67
2026-06-13 06:30:00+00:00,799.58,935.72
2026-06-13 07:30:00+00:00,777.53,908.17
2026-06-13 08:30:00+00:00,716.47,791.15
2026-06-13 09:30:00+00:00,654.28,659.15
2026-06-13 10:30:00+00:00,506.02,506.58
2026-06-13 11:30:00+00:00,301.1,305.65
2026-06-13 12:30:00+00:00,127.03,130.55
2026-06-13 13:30:00+00:00,16.35,17.2
2026-06-13 14:30:00+00:00,0.0,0.0
2026-06-13 15:30:00+00:00,0.0,0.0
2026-06-13 16:30:00+00:00,0.0,0.0
2026-06-13 17:30:00+00:00,0.0,0.0
2026-06-13 18:30:00+00:00,0.0,0.0
2026-06-13 19:30:00+00:00,0.0,0.0
2026-06-13 20:30:00+00:00,0.0,0.0
2026-06-13 21:30:00+00:00,0.0,0.0
2026-06-13 22:30:00+00:00,0.0,0.0
2026-06-13 23:30:00+00:00,0.0,0.0
2026-06-14 00:30:00+00:00,40.15,42.88
2026-06-14 01:30:00+00:00,163.75,184.7
2026-06-14 02:30:00+00:00,352.2,378.52
2026-06-14 03:30:00+00:00,520.75,567.67
2026-06-14 04:30:00+00:00,731.62,734.08
2026-06-14 05:30:00+00:00,851.6,854.15
2026-06-14 06:30:00+00:00,906.55,908.9
2026-06-14 07:30:00+00:00,853.8,896.83
2026-06-14 08:30:00+00:00,790.15,817.67
2026-06-14 09:30:00+00:00,662.03,679.53
2026-06-14 10:30:00+00:00,491.95,493.88
2026-06-14 11:30:00+00:00,288.95,294.4
2026-06-14 12:30:00+00:00,124.12,125.45
2026-06-14 13:30:00+00:00,16.98,16.9
2026-06-14 14:30:00+00:00,0.0,0.0
2026-06-14 15:30:00+00:00,0.0,0.0
2026-06-14 16:30:00+00:00,0.0,0.0
2026-06-14 17:30:00+00:00,0.0,0.0
2026-06-14 18:30:00+00:00,0.0,0.0
2026-06-14 19:30:00+00:00,0.0,0.0
2026-06-14 20:30:00+00:00,0.0,0.0
2026-06-14 21:30:00+00:00,0.0,0.0
2026-06-14 22:30:00+00:00,0.0,0.0
2026-06-14 23:30:00+00:00,0.0,0.0
2026-06-15 00:30:00+00:00,36.55,39.03
2026-06-15 01:30:00+00:00,126.25,162.82
2026-06-15 02:30:00+00:00,251.98,335.05
2026-06-15 03:30:00+00:00,357.77,514.33
2026-06-15 04:30:00+00:00,526.35,658.78
2026-06-15 05:30:00+00:00,761.85,771.38
2026-06-15 06:30:00+00:00,910.7,924.55
2026-06-15 07:30:00+00:00,914.9,915.6
2026-06-15 08:30:00+00:00,781.92,838.72
2026-06-15 09:30:00+00:00,386.92,702.35
2026-06-15 10:30:00+00:00,292.88,528.85
2026-06-15 11:30:00+00:00,202.07,318.15
2026-06-15 12:30:00+00:00,107.38,135.68
2026-06-15 13:30:00+00:00,16.52,17.85
2026-06-15 14:30:00+00:00,0.0,0.0
2026-06-15 15:30:00+00:00,0.0,0.0
2026-06-15 16:30:00+00:00,0.0,0.0
2026-06-15 17:30:00+00:00,0.0,0.0
2026-06-15 18:30:00+00:00,0.0,0.0
2026-06-15 19:30:00+00:00,0.0,0.0
2026-06-15 20:30:00+00:00,0.0,0.0
2026-06-15 21:30:00+00:00,0.0,0.0
2026-06-15 22:30:00+00:00,0.0,0.0
2026-06-15 23:30:00+00:00,0.0,0.0
2026-06-16 00:30:00+00:00,32.83,42.97
2026-06-16 01:30:00+00:00,122.57,186.85
2026-06-16 02:30:00+00:00,236.9,381.0
2026-06-16 03:30:00+00:00,307.6,576.0
2026-06-16 04:30:00+00:00,332.75,740.78
2026-06-16 05:30:00+00:00,312.67,856.3
2026-06-16 06:30:00+00:00,374.52,913.12
2026-06-16 07:30:00+00:00,652.3,903.75
2026-06-16 08:30:00+00:00,569.6,828.47
2026-06-16 09:30:00+00:00,621.08,687.42
2026-06-16 10:30:00+00:00,472.67,509.17
2026-06-16 11:30:00+00:00,285.38,310.73
2026-06-16 12:30:00+00:00,128.3,133.68
2026-06-16 13:30:00+00:00,17.75,17.85
2026-06-16 14:30:00+00:00,0.0,0.0
2026-06-16 15:30:00+00:00,0.0,0.0
2026-06-16 16:30:00+00:00,0.0,0.0
2026-06-16 17:30:00+00:00,0.0,0.0
2026-06-16 18:30:00+00:00,0.0,0.0
2026-06-16 19:30:00+00:00,0.0,0.0
2026-06-16 20:30:00+00:00,0.0,0.0
2026-06-16 21:30:00+00:00,0.0,0.0
2026-06-16 22:30:00+00:00,0.0,0.0
2026-06-16 23:30:00+00:00,0.0,0.0
2026-06-17 00:30:00+00:00,40.1,41.53
2026-06-17 01:30:00+00:00,162.45,181.77
2026-06-17 02:30:00+00:00,337.98,363.27
2026-06-17 03:30:00+00:00,516.38,555.12
2026-06-17 04:30:00+00:00,670.3,718.7
2026-06-17 05:30:00+00:00,784.1,833.4
2026-06-17 06:30:00+00:00,886.65,929.03
2026-06-17 07:30:00+00:00,894.58,918.7
2026-06-17 08:30:00+00:00,842.17,842.28
2026-06-17 09:30:00+00:00,706.88,707.33
2026-06-17 10:30:00+00:00,527.12,527.45
2026-06-17 11:30:00+00:00,325.1,328.42
2026-06-17 12:30:00+00:00,138.6,141.0
2026-06-17 13:30:00+00:00,18.1,18.6
2026-06-17 14:30:00+00:00,0.0,0.0
2026-06-17 15:30:00+00:00,0.0,0.0
2026-06-17 16:30:00+00:00,0.0,0.0
2026-06-17 17:30:00+00:00,0.0,0.0
2026-06-17 18:30:00+00:00,0.0,0.0
2026-06-17 19:30:00+00:00,0.0,0.0
2026-06-17 20:30:00+00:00,0.0,0.0
2026-06-17 21:30:00+00:00,0.0,0.0
2026-06-17 22:30:00+00:00,0.0,0.0
2026-06-17 23:30:00+00:00,0.0,0.0
2026-06-18 00:30:00+00:00,40.78,41.03
2026-06-18 01:30:00+00:00,165.07,180.15
2026-06-18 02:30:00+00:00,346.55,368.48
2026-06-18 03:30:00+00:00,506.92,551.75
2026-06-18 04:30:00+00:00,679.4,715.83
2026-06-18 05:30:00+00:00,810.08,831.95
2026-06-18 06:30:00+00:00,884.78,885.88
2026-06-18 07:30:00+00:00,830.12,882.15
2026-06-18 08:30:00+00:00,749.0,809.05
2026-06-18 09:30:00+00:00,664.08,677.03
2026-06-18 10:30:00+00:00,490.8,501.92
2026-06-18 11:30:00+00:00,292.62,306.58
2026-06-18 12:30:00+00:00,128.38,132.18
2026-06-18 13:30:00+00:00,17.58,18.08
2026-06-18 14:30:00+00:00,0.0,0.0
2026-06-18 15:30:00+00:00,0.0,0.0
2026-06-18 16:30:00+00:00,0.0,0.0
2026-06-18 17:30:00+00:00,0.0,0.0
2026-06-18 18:30:00+00:00,0.0,0.0
2026-06-18 19:30:00+00:00,0.0,0.0
2026-06-18 20:30:00+00:00,0.0,0.0
2026-06-18 21:30:00+00:00,0.0,0.0
2026-06-18 22:30:00+00:00,0.0,0.0
2026-06-18 23:30:00+00:00,0.0,0.0
2026-06-19 00:30:00+00:00,35.75,37.4
2026-06-19 01:30:00+00:00,154.25,162.45
2026-06-19 02:30:00+00:00,302.35,329.73
2026-06-19 03:30:00+00:00,457.23,516.05
2026-06-19 04:30:00+00:00,621.78,680.42
2026-06-19 05:30:00+00:00,799.75,800.88
2026-06-19 06:30:00+00:00,926.65,933.03
2026-06-19 07:30:00+00:00,924.28,925.78
2026-06-19 08:30:00+00:00,844.62,845.95
2026-06-19 09:30:00+00:00,710.35,710.72
2026-06-19 10:30:00+00:00,532.78,533.88
2026-06-19 11:30:00+00:00,333.88,335.5
2026-06-19 12:30:00+00:00,153.65,154.68
2026-06-19 13:30:00+00:00,19.92,20.05
2026-06-19 14:30:00+00:00,0.0,0.0
2026-06-19 15:30:00+00:00,0.0,0.0
2026-06-19 16:30:00+00:00,0.0,0.0
2026-06-19 17:30:00+00:00,0.0,0.0
2026-06-19 18:30:00+00:00,0.0,0.0
2026-06-19 19:30:00+00:00,0.0,0.0
2026-06-19 20:30:00+00:00,0.0,0.0
2026-06-19 21:30:00+00:00,0.0,0.0
2026-06-19 22:30:00+00:00,0.0,0.0
2026-06-19 23:30:00+00:00,0.0,0.0
2026-06-20 00:30:00+00:00,41.45,45.42
2026-06-20 01:30:00+00:00,173.43,202.02
2026-06-20 02:30:00+00:00,369.08,402.6
2026-06-20 03:30:00+00:00,537.88,593.4
2026-06-20 04:30:00+00:00,752.08,758.25
2026-06-20 05:30:00+00:00,866.7,874.28
2026-06-20 06:30:00+00:00,875.97,887.0
2026-06-20 07:30:00+00:00,865.12,880.28
2026-06-20 08:30:00+00:00,797.67,806.75
2026-06-20 09:30:00+00:00,659.92,675.5
2026-06-20 10:30:00+00:00,423.55,502.0
2026-06-20 11:30:00+00:00,249.35,308.73
2026-06-20 12:30:00+00:00,112.9,135.52
2026-06-20 13:30:00+00:00,16.4,19.08
2026-06-20 14:30:00+00:00,0.0,0.0
2026-06-20 15:30:00+00:00,0.0,0.0
2026-06-20 16:30:00+00:00,0.0,0.0
2026-06-20 17:30:00+00:00,0.0,0.0
2026-06-20 18:30:00+00:00,0.0,0.0
2026-06-20 19:30:00+00:00,0.0,0.0
2026-06-20 20:30:00+00:00,0.0,0.0
2026-06-20 21:30:00+00:00,0.0,0.0
2026-06-20 22:30:00+00:00,0.0,0.0
2026-06-20 23:30:00+00:00,0.0,0.0
2026-06-21 00:30:00+00:00,30.58,43.5
2026-06-21 01:30:00+00:00,108.6,193.95
2026-06-21 02:30:00+00:00,184.35,391.62
2026-06-21 03:30:00+00:00,255.27,587.3
2026-06-21 04:30:00+00:00,336.62,751.95
2026-06-21 05:30:00+00:00,374.38,866.9
2026-06-21 06:30:00+00:00,478.75,939.2
2026-06-21 07:30:00+00:00,483.15,931.4
2026-06-21 08:30:00+00:00,620.9,854.65
2026-06-21 09:30:00+00:00,612.2,723.0
2026-06-21 10:30:00+00:00,471.12,546.6
2026-06-21 11:30:00+00:00,290.65,344.85
2026-06-21 12:30:00+00:00,137.18,153.05
2026-06-21 13:30:00+00:00,19.23,20.7
2026-06-21 14:30:00+00:00,0.0,0.0
2026-06-21 15:30:00+00:00,0.0,0.0
2026-06-21 16:30:00+00:00,0.0,0.0
2026-06-21 17:30:00+00:00,0.0,0.0
2026-06-21 18:30:00+00:00,0.0,0.0
2026-06-21 19:30:00+00:00,0.0,0.0
2026-06-21 20:30:00+00:00,0.0,0.0
2026-06-21 21:30:00+00:00,0.0,0.0
2026-06-21 22:30:00+00:00,0.0,0.0
2026-06-21 23:30:00+00:00,0.0,0.0
2026-06-22 00:30:00+00:00,39.1,43.33
2026-06-22 01:30:00+00:00,135.1,189.75
2026-06-22 02:30:00+00:00,269.15,390.7
2026-06-22 03:30:00+00:00,425.73,584.75
2026-06-22 04:30:00+00:00,551.62,741.62
2026-06-22 05:30:00+00:00,783.35,856.1
2026-06-22 06:30:00+00:00,814.6,945.85
2026-06-22 07:30:00+00:00,813.7,934.88
2026-06-22 08:30:00+00:00,773.0,858.1
2026-06-22 09:30:00+00:00,703.1,723.08
2026-06-22 10:30:00+00:00,538.33,543.28
2026-06-22 11:30:00+00:00,331.8,339.52
2026-06-22 12:30:00+00:00,146.88,149.52
2026-06-22 13:30:00+00:00,20.65,20.67
2026-06-22 14:30:00+00:00,0.0,0.0
2026-06-22 15:30:00+00:00,0.0,0.0
2026-06-22 16:30:00+00:00,0.0,0.0
2026-06-22 17:30:00+00:00,0.0,0.0
2026-06-22 18:30:00+00:00,0.0,0.0
2026-06-22 19:30:00+00:00,0.0,0.0
2026-06-22 20:30:00+00:00,0.0,0.0
2026-06-22 21:30:00+00:00,0.0,0.0
2026-06-22 22:30:00+00:00,0.0,0.0
2026-06-22 23:30:00+00:00,0.0,0.0
2026-06-23 00:30:00+00:00,41.42,43.6
2026-06-23 01:30:00+00:00,173.95,192.6
2026-06-23 02:30:00+00:00,366.88,390.42
2026-06-23 03:30:00+00:00,580.8,582.3
2026-06-23 04:30:00+00:00,748.47,750.2
2026-06-23 05:30:00+00:00,863.35,865.35
2026-06-23 06:30:00+00:00,895.05,906.85
2026-06-23 07:30:00+00:00,837.17,896.62
2026-06-23 08:30:00+00:00,736.4,820.22
2026-06-23 09:30:00+00:00,421.0,684.65
2026-06-23 10:30:00+00:00,228.95,515.7
2026-06-23 11:30:00+00:00,159.23,317.12
2026-06-23 12:30:00+00:00,82.75,134.1
2026-06-23 13:30:00+00:00,14.35,19.02
2026-06-23 14:30:00+00:00,0.0,0.0
2026-06-23 15:30:00+00:00,0.0,0.0
2026-06-23 16:30:00+00:00,0.0,0.0
2026-06-23 17:30:00+00:00,0.0,0.0
2026-06-23 18:30:00+00:00,0.0,0.0
2026-06-23 19:30:00+00:00,0.0,0.0
2026-06-23 20:30:00+00:00,0.0,0.0
2026-06-23 21:30:00+00:00,0.0,0.0
2026-06-23 22:30:00+00:00,0.0,0.0
2026-06-23 23:30:00+00:00,0.0,0.0
2026-06-24 00:30:00+00:00,38.12,38.7
2026-06-24 01:30:00+00:00,146.62,175.82
2026-06-24 02:30:00+00:00,280.35,365.52
2026-06-24 03:30:00+00:00,408.75,550.17
2026-06-24 04:30:00+00:00,614.58,716.42
2026-06-24 05:30:00+00:00,674.0,834.83
2026-06-24 06:30:00+00:00,824.1,923.45
2026-06-24 07:30:00+00:00,808.85,913.03
2026-06-24 08:30:00+00:00,734.35,838.4
2026-06-24 09:30:00+00:00,700.38,704.78
2026-06-24 10:30:00+00:00,525.78,528.1
2026-06-24 11:30:00+00:00,322.35,328.98
2026-06-24 12:30:00+00:00,143.45,144.93
2026-06-24 13:30:00+00:00,20.4,20.23
2026-06-24 14:30:00+00:00,0.0,0.0
2026-06-24 15:30:00+00:00,0.0,0.0
2026-06-24 16:30:00+00:00,0.0,0.0
2026-06-24 17:30:00+00:00,0.0,0.0
2026-06-24 18:30:00+00:00,0.0,0.0
2026-06-24 19:30:00+00:00,0.0,0.0
2026-06-24 20:30:00+00:00,0.0,0.0
2026-06-24 21:30:00+00:00,0.0,0.0
2026-06-24 22:30:00+00:00,0.0,0.0
2026-06-24 23:30:00+00:00,0.0,0.0
2026-06-25 00:30:00+00:00,41.9,41.22
2026-06-25 01:30:00+00:00,175.32,191.73
2026-06-25 02:30:00+00:00,356.15,390.58
2026-06-25 03:30:00+00:00,489.83,581.72
2026-06-25 04:30:00+00:00,742.17,745.75
2026-06-25 05:30:00+00:00,853.17,866.4
2026-06-25 06:30:00+00:00,886.28,911.65
2026-06-25 07:30:00+00:00,790.72,905.5
2026-06-25 08:30:00+00:00,681.67,834.15
2026-06-25 09:30:00+00:00,551.62,703.97
2026-06-25 10:30:00+00:00,435.6,529.35
2026-06-25 11:30:00+00:00,271.48,331.33
2026-06-25 12:30:00+00:00,127.68,146.43
2026-06-25 13:30:00+00:00,19.17,20.3
2026-06-25 14:30:00+00:00,0.0,0.0
2026-06-25 15:30:00+00:00,0.0,0.0
2026-06-25 16:30:00+00:00,0.0,0.0
2026-06-25 17:30:00+00:00,0.0,0.0
2026-06-25 18:30:00+00:00,0.0,0.0
2026-06-25 19:30:00+00:00,0.0,0.0
2026-06-25 20:30:00+00:00,0.0,0.0
2026-06-25 21:30:00+00:00,0.0,0.0
2026-06-25 22:30:00+00:00,0.0,0.0
2026-06-25 23:30:00+00:00,0.0,0.0
2026-06-26 00:30:00+00:00,36.92,39.78
2026-06-26 01:30:00+00:00,145.95,182.12
2026-06-26 02:30:00+00:00,361.23,381.9
2026-06-26 03:30:00+00:00,475.15,570.88
2026-06-26 04:30:00+00:00,626.22,736.4
2026-06-26 05:30:00+00:00,747.92,853.45
2026-06-26 06:30:00+00:00,823.95,906.38
2026-06-26 07:30:00+00:00,876.85,899.62
2026-06-26 08:30:00+00:00,728.88,828.0
2026-06-26 09:30:00+00:00,616.1,698.55
2026-06-26 10:30:00+00:00,465.0,525.28
2026-06-26 11:30:00+00:00,288.05,328.52
2026-06-26 12:30:00+00:00,130.3,145.05
2026-06-26 13:30:00+00:00,18.73,20.17
2026-06-26 14:30:00+00:00,0.0,0.0
2026-06-26 15:30:00+00:00,0.0,0.0
2026-06-26 16:30:00+00:00,0.0,0.0
2026-06-26 17:30:00+00:00,0.0,0.0
2026-06-26 18:30:00+00:00,0.0,0.0
2026-06-26 19:30:00+00:00,0.0,0.0
2026-06-26 20:30:00+00:00,0.0,0.0
2026-06-26 21:30:00+00:00,0.0,0.0
2026-06-26 22:30:00+00:00,0.0,0.0
2026-06-26 23:30:00+00:00,0.0,0.0
2026-06-27 00:30:00+00:00,35.6,38.9
2026-06-27 01:30:00+00:00,154.68,183.6
2026-06-27 02:30:00+00:00,319.38,376.45
2026-06-27 03:30:00+00:00,513.42,569.62
2026-06-27 04:30:00+00:00,675.15,727.55
2026-06-27 05:30:00+00:00,752.33,843.72
2026-06-27 06:30:00+00:00,800.5,871.92
2026-06-27 07:30:00+00:00,825.4,866.53
2026-06-27 08:30:00+00:00,691.83,795.6
2026-06-27 09:30:00+00:00,568.5,667.35
2026-06-27 10:30:00+00:00,446.0,496.67
2026-06-27 11:30:00+00:00,276.17,305.62
2026-06-27 12:30:00+00:00,125.28,133.48
2026-06-27 13:30:00+00:00,18.23,18.95
2026-06-27 14:30:00+00:00,0.0,0.0
2026-06-27 15:30:00+00:00,0.0,0.0
2026-06-27 16:30:00+00:00,0.0,0.0
2026-06-27 17:30:00+00:00,0.0,0.0
2026-06-27 18:30:00+00:00,0.0,0.0
2026-06-27 19:30:00+00:00,0.0,0.0
2026-06-27 20:30:00+00:00,0.0,0.0
2026-06-27 21:30:00+00:00,0.0,0.0
2026-06-27 22:30:00+00:00,0.0,0.0
2026-06-27 23:30:00+00:00,0.0,0.0
2026-06-28 00:30:00+00:00,38.7,37.28
2026-06-28 01:30:00+00:00,165.73,177.1
2026-06-28 02:30:00+00:00,325.35,367.17
2026-06-28 03:30:00+00:00,541.12,542.1
2026-06-28 04:30:00+00:00,706.53,716.17
2026-06-28 05:30:00+00:00,812.55,832.75
2026-06-28 06:30:00+00:00,839.92,868.62
2026-06-28 07:30:00+00:00,811.97,861.38
2026-06-28 08:30:00+00:00,736.55,788.4
2026-06-28 09:30:00+00:00,610.08,656.92
2026-06-28 10:30:00+00:00,476.77,484.17
2026-06-28 11:30:00+00:00,279.9,293.15
2026-06-28 12:30:00+00:00,123.78,126.93
2026-06-28 13:30:00+00:00,18.45,18.4
2026-06-28 14:30:00+00:00,0.0,0.0
2026-06-28 15:30:00+00:00,0.0,0.0
2026-06-28 16:30:00+00:00,0.0,0.0
2026-06-28 17:30:00+00:00,0.0,0.0
2026-06-28 18:30:00+00:00,0.0,0.0
2026-06-28 19:30:00+00:00,0.0,0.0
2026-06-28 20:30:00+00:00,0.0,0.0
2026-06-28 21:30:00+00:00,0.0,0.0
2026-06-28 22:30:00+00:00,0.0,0.0
2026-06-28 23:30:00+00:00,0.0,0.0
2026-06-29 00:30:00+00:00,33.33,33.92
2026-06-29 01:30:00+00:00,141.57,159.68
2026-06-29 02:30:00+00:00,308.6,339.12
2026-06-29 03:30:00+00:00,479.98,526.4
2026-06-29 04:30:00+00:00,674.33,679.05
2026-06-29 05:30:00+00:00,785.6,795.2
2026-06-29 06:30:00+00:00,836.78,848.05
2026-06-29 07:30:00+00:00,831.5,844.12
2026-06-29 08:30:00+00:00,748.67,773.9
2026-06-29 09:30:00+00:00,551.78,646.05
2026-06-29 10:30:00+00:00,395.15,476.7
2026-06-29 11:30:00+00:00,228.5,289.5
2026-06-29 12:30:00+00:00,104.53,126.43
2026-06-29 13:30:00+00:00,15.95,18.4
2026-06-29 14:30:00+00:00,0.0,0.0
2026-06-29 15:30:00+00:00,0.0,0.0
2026-06-29 16:30:00+00:00,0.0,0.0
2026-06-29 17:30:00+00:00,0.0,0.0
2026-06-29 18:30:00+00:00,0.0,0.0
2026-06-29 19:30:00+00:00,0.0,0.0
2026-06-29 20:30:00+00:00,0.0,0.0
2026-06-29 21:30:00+00:00,0.0,0.0
2026-06-29 22:30:00+00:00,0.0,0.0
2026-06-29 23:30:00+00:00,0.0,0.0
