ts_utc,nwp_ghi,cloud_cover,temp_c,rh
2025-07-01 00:00:00+00:00,13.5,85.0,25.0,97.0
2025-07-01 01:00:00+00:00,44.0,100.0,26.0,97.0
2025-07-01 02:00:00+00:00,119.0,100.0,26.2,98.0
2025-07-01 03:00:00+00:00,132.5,100.0,26.6,99.0
2025-07-01 04:00:00+00:00,152.5,100.0,26.7,97.0
2025-07-01 05:00:00+00:00,403.0,61.0,27.8,89.0
2025-07-01 06:00:00+00:00,685.0,35.0,30.2,75.0
2025-07-01 07:00:00+00:00,770.0,16.0,31.7,67.0
2025-07-01 08:00:00+00:00,722.5,21.0,32.4,64.0
2025-07-01 09:00:00+00:00,622.5,34.0,32.8,61.0
2025-07-01 10:00:00+00:00,488.5,39.0,33.2,59.0
2025-07-01 11:00:00+00:00,335.0,48.0,33.2,59.0
2025-07-01 12:00:00+00:00,186.5,33.0,32.4,64.0
2025-07-01 13:00:00+00:00,70.5,48.0,30.6,76.0
2025-07-01 14:00:00+00:00,10.0,39.0,29.7,81.0
2025-07-01 15:00:00+00:00,0.0,30.0,29.5,84.0
2025-07-01 16:00:00+00:00,0.0,6.0,29.2,84.0
2025-07-01 17:00:00+00:00,0.0,2.0,28.7,85.0
2025-07-01 18:00:00+00:00,0.0,2.0,28.4,87.0
2025-07-01 19:00:00+00:00,0.0,23.0,28.1,88.0
2025-07-01 20:00:00+00:00,0.0,4.0,27.8,89.0
2025-07-01 21:00:00+00:00,0.0,12.0,27.5,90.0
2025-07-01 22:00:00+00:00,0.0,11.0,27.2,92.0
2025-07-01 23:00:00+00:00,0.0,27.0,27.0,93.0
2025-07-02 00:00:00+00:00,14.5,21.0,26.9,93.0
2025-07-02 01:00:00+00:00,92.0,30.0,27.2,94.0
2025-07-02 02:00:00+00:00,239.5,24.0,28.1,91.0
2025-07-02 03:00:00+00:00,413.0,1.0,29.5,83.0
2025-07-02 04:00:00+00:00,552.5,22.0,30.9,74.0
2025-07-02 05:00:00+00:00,673.0,14.0,31.7,71.0
2025-07-02 06:00:00+00:00,765.5,19.0,32.4,70.0
2025-07-02 07:00:00+00:00,708.0,80.0,32.5,69.0
2025-07-02 08:00:00+00:00,596.5,63.0,32.2,70.0
2025-07-02 09:00:00+00:00,582.0,29.0,32.8,68.0
2025-07-02 10:00:00+00:00,514.0,19.0,33.2,66.0
2025-07-02 11:00:00+00:00,334.5,41.0,32.7,68.0
2025-07-02 12:00:00+00:00,184.5,37.0,31.9,70.0
2025-07-02 13:00:00+00:00,76.0,46.0,31.4,73.0
2025-07-02 14:00:00+00:00,11.5,47.0,30.2,80.0
2025-07-02 15:00:00+00:00,0.0,42.0,29.7,84.0
2025-07-02 16:00:00+00:00,0.0,42.0,29.4,86.0
2025-07-02 17:00:00+00:00,0.0,32.0,29.0,87.0
2025-07-02 18:00:00+00:00,0.0,32.0,28.6,89.0
2025-07-02 19:00:00+00:00,0.0,40.0,28.2,89.0
2025-07-02 20:00:00+00:00,0.0,34.0,27.8,89.0
2025-07-02 21:00:00+00:00,0.0,12.0,27.4,90.0
2025-07-02 22:00:00+00:00,0.0,15.0,27.1,92.0
2025-07-02 23:00:00+00:00,0.0,4.0,26.9,92.0
2025-07-03 00:00:00+00:00,13.5,61.0,26.6,93.0
2025-07-03 01:00:00+00:00,81.5,92.0,27.0,95.0
2025-07-03 02:00:00+00:00,229.5,71.0,27.7,90.0
2025-07-03 03:00:00+00:00,412.0,84.0,29.0,83.0
2025-07-03 04:00:00+00:00,553.5,80.0,30.5,73.0
2025-07-03 05:00:00+00:00,642.5,76.0,31.6,68.0
2025-07-03 06:00:00+00:00,721.5,67.0,32.3,65.0
2025-07-03 07:00:00+00:00,755.5,35.0,32.7,65.0
2025-07-03 08:00:00+00:00,715.0,14.0,33.1,64.0
2025-07-03 09:00:00+00:00,603.0,56.0,33.5,62.0
2025-07-03 10:00:00+00:00,473.5,93.0,33.4,61.0
2025-07-03 11:00:00+00:00,349.5,100.0,33.3,62.0
2025-07-03 12:00:00+00:00,199.0,99.0,33.0,64.0
2025-07-03 13:00:00+00:00,72.5,37.0,31.7,73.0
2025-07-03 14:00:00+00:00,11.0,96.0,30.8,79.0
2025-07-03 15:00:00+00:00,0.0,100.0,30.2,80.0
2025-07-03 16:00:00+00:00,0.0,100.0,29.8,82.0
2025-07-03 17:00:00+00:00,0.0,84.0,29.4,83.0
2025-07-03 18:00:00+00:00,0.0,28.0,29.0,84.0
2025-07-03 19:00:00+00:00,0.0,16.0,28.5,85.0
2025-07-03 20:00:00+00:00,0.0,17.0,27.9,88.0
2025-07-03 21:00:00+00:00,0.0,14.0,27.5,89.0
2025-07-03 22:00:00+00:00,0.0,2.0,27.2,90.0
2025-07-03 23:00:00+00:00,0.0,5.0,26.9,92.0
2025-07-04 00:00:00+00:00,16.5,0.0,26.7,93.0
2025-07-04 01:00:00+00:00,92.0,54.0,27.8,92.0
2025-07-04 02:00:00+00:00,235.5,20.0,28.7,87.0
2025-07-04 03:00:00+00:00,410.0,4.0,29.8,81.0
2025-07-04 04:00:00+00:00,571.5,2.0,31.1,75.0
2025-07-04 05:00:00+00:00,680.0,13.0,32.2,68.0
2025-07-04 06:00:00+00:00,745.0,17.0,33.0,64.0
2025-07-04 07:00:00+00:00,782.0,18.0,33.6,61.0
2025-07-04 08:00:00+00:00,737.5,10.0,34.1,60.0
2025-07-04 09:00:00+00:00,637.0,29.0,34.2,61.0
2025-07-04 10:00:00+00:00,518.0,39.0,34.1,61.0
2025-07-04 11:00:00+00:00,365.5,26.0,34.0,61.0
2025-07-04 12:00:00+00:00,191.5,13.0,33.8,62.0
2025-07-04 13:00:00+00:00,58.5,38.0,30.1,80.0
2025-07-04 14:00:00+00:00,9.5,25.0,29.6,82.0
2025-07-04 15:00:00+00:00,0.0,36.0,29.4,84.0
2025-07-04 16:00:00+00:00,0.0,31.0,29.2,85.0
2025-07-04 17:00:00+00:00,0.0,13.0,29.0,87.0
2025-07-04 18:00:00+00:00,0.0,9.0,28.7,88.0
2025-07-04 19:00:00+00:00,0.0,31.0,28.4,89.0
2025-07-04 20:00:00+00:00,0.0,45.0,27.7,90.0
2025-07-04 21:00:00+00:00,0.0,79.0,27.0,94.0
2025-07-04 22:00:00+00:00,0.0,37.0,26.5,97.0
2025-07-04 23:00:00+00:00,0.0,5.0,26.6,95.0
2025-07-05 00:00:00+00:00,14.5,12.0,26.5,96.0
2025-07-05 01:00:00+00:00,87.0,21.0,28.7,88.0
2025-07-05 02:00:00+00:00,176.5,100.0,29.6,83.0
2025-07-05 03:00:00+00:00,356.0,1.0,30.3,79.0
2025-07-05 04:00:00+00:00,572.0,22.0,31.9,71.0
2025-07-05 05:00:00+00:00,703.5,4.0,32.9,67.0
2025-07-05 06:00:00+00:00,775.5,21.0,33.9,64.0
2025-07-05 07:00:00+00:00,767.5,46.0,34.5,61.0
2025-07-05 08:00:00+00:00,712.5,72.0,34.5,60.0
2025-07-05 09:00:00+00:00,625.0,6.0,35.0,58.0
2025-07-05 10:00:00+00:00,492.0,18.0,35.2,57.0
2025-07-05 11:00:00+00:00,338.5,49.0,34.7,58.0
2025-07-05 12:00:00+00:00,185.0,29.0,34.2,62.0
2025-07-05 13:00:00+00:00,61.0,69.0,33.3,65.0
2025-07-05 14:00:00+00:00,10.5,52.0,31.3,74.0
2025-07-05 15:00:00+00:00,0.0,15.0,30.5,79.0
2025-07-05 16:00:00+00:00,0.0,16.0,29.9,82.0
2025-07-05 17:00:00+00:00,0.0,6.0,29.3,84.0
2025-07-05 18:00:00+00:00,0.0,26.0,29.0,84.0
2025-07-05 19:00:00+00:00,0.0,100.0,28.6,87.0
2025-07-05 20:00:00+00:00,0.0,83.0,28.3,88.0
2025-07-05 21:00:00+00:00,0.0,57.0,27.6,91.0
2025-07-05 22:00:00+00:00,0.0,6.0,27.3,91.0
2025-07-05 23:00:00+00:00,0.0,12.0,27.1,93.0
2025-07-06 00:00:00+00:00,14.5,22.0,27.0,93.0
2025-07-06 01:00:00+00:00,73.0,86.0,27.6,88.0
2025-07-06 02:00:00+00:00,188.5,79.0,28.6,83.0
2025-07-06 03:00:00+00:00,307.0,92.0,29.9,77.0
2025-07-06 04:00:00+00:00,481.0,61.0,31.0,73.0
2025-07-06 05:00:00+00:00,665.0,39.0,32.3,67.0
2025-07-06 06:00:00+00:00,730.5,45.0,33.8,60.0
2025-07-06 07:00:00+00:00,757.5,24.0,34.5,57.0
2025-07-06 08:00:00+00:00,728.5,21.0,35.4,54.0
2025-07-06 09:00:00+00:00,604.5,30.0,35.7,53.0
2025-07-06 10:00:00+00:00,465.5,26.0,35.3,54.0
2025-07-06 11:00:00+00:00,331.0,34.0,35.0,55.0
2025-07-06 12:00:00+00:00,189.5,40.0,34.6,58.0
2025-07-06 13:00:00+00:00,70.5,50.0,33.2,65.0
2025-07-06 14:00:00+00:00,10.5,55.0,32.3,71.0
2025-07-06 15:00:00+00:00,0.0,57.0,31.5,77.0
2025-07-06 16:00:00+00:00,0.0,100.0,31.1,80.0
2025-07-06 17:00:00+00:00,0.0,100.0,29.8,81.0
2025-07-06 18:00:00+00:00,0.0,100.0,26.7,92.0
2025-07-06 19:00:00+00:00,0.0,100.0,26.5,93.0
2025-07-06 20:00:00+00:00,0.0,100.0,26.6,93.0
2025-07-06 21:00:00+00:00,0.0,99.0,26.5,93.0
2025-07-06 22:00:00+00:00,0.0,100.0,26.4,93.0
2025-07-06 23:00:00+00:00,0.0,97.0,26.3,96.0
2025-07-07 00:00:00+00:00,4.0,98.0,26.2,97.0
2025-07-07 01:00:00+00:00,7.5,100.0,25.9,96.0
2025-07-07 02:00:00+00:00,17.5,100.0,26.2,97.0
2025-07-07 03:00:00+00:00,86.5,100.0,26.4,97.0
2025-07-07 04:00:00+00:00,188.0,100.0,27.3,92.0
2025-07-07 05:00:00+00:00,327.5,100.0,28.0,87.0
2025-07-07 06:00:00+00:00,585.5,100.0,29.4,81.0
2025-07-07 07:00:00+00:00,750.5,100.0,31.3,73.0
2025-07-07 08:00:00+00:00,755.5,98.0,32.5,67.0
2025-07-07 09:00:00+00:00,705.0,78.0,33.0,66.0
2025-07-07 10:00:00+00:00,569.5,40.0,33.2,65.0
2025-07-07 11:00:00+00:00,387.0,86.0,33.2,64.0
2025-07-07 12:00:00+00:00,201.0,97.0,33.0,66.0
2025-07-07 13:00:00+00:00,67.0,100.0,31.0,75.0
2025-07-07 14:00:00+00:00,10.0,100.0,30.0,79.0
2025-07-07 15:00:00+00:00,0.0,94.0,29.6,81.0
2025-07-07 16:00:00+00:00,0.0,55.0,29.3,82.0
2025-07-07 17:00:00+00:00,0.0,14.0,29.1,83.0
2025-07-07 18:00:00+00:00,0.0,9.0,28.7,84.0
2025-07-07 19:00:00+00:00,0.0,9.0,28.4,87.0
2025-07-07 20:00:00+00:00,0.0,7.0,28.1,88.0
2025-07-07 21:00:00+00:00,0.0,16.0,27.7,90.0
2025-07-07 22:00:00+00:00,0.0,33.0,27.4,91.0
2025-07-07 23:00:00+00:00,0.0,14.0,27.2,92.0
2025-07-08 00:00:00+00:00,15.5,46.0,27.1,92.0
2025-07-08 01:00:00+00:00,84.5,97.0,29.0,87.0
2025-07-08 02:00:00+00:00,208.0,100.0,29.8,82.0
2025-07-08 03:00:00+00:00,346.5,100.0,30.3,78.0
2025-07-08 04:00:00+00:00,491.5,100.0,31.1,75.0
2025-07-08 05:00:00+00:00,644.0,100.0,32.1,71.0
2025-07-08 06:00:00+00:00,732.5,99.0,33.1,66.0
2025-07-08 07:00:00+00:00,736.0,100.0,33.7,63.0
2025-07-08 08:00:00+00:00,698.0,95.0,33.9,61.0
2025-07-08 09:00:00+00:00,599.0,100.0,34.0,61.0
2025-07-08 10:00:00+00:00,482.5,100.0,34.0,61.0
2025-07-08 11:00:00+00:00,360.5,100.0,34.0,61.0
2025-07-08 12:00:00+00:00,203.0,100.0,33.7,62.0
2025-07-08 13:00:00+00:00,71.5,100.0,33.0,67.0
2025-07-08 14:00:00+00:00,11.0,100.0,31.6,75.0
2025-07-08 15:00:00+00:00,0.0,100.0,31.1,78.0
2025-07-08 16:00:00+00:00,0.0,100.0,30.9,76.0
2025-07-08 17:00:00+00:00,0.0,100.0,30.4,79.0
2025-07-08 18:00:00+00:00,0.0,100.0,29.9,82.0
2025-07-08 19:00:00+00:00,0.0,100.0,29.4,85.0
2025-07-08 20:00:00+00:00,0.0,100.0,29.0,85.0
2025-07-08 21:00:00+00:00,0.0,100.0,28.4,83.0
2025-07-08 22:00:00+00:00,0.0,100.0,27.7,86.0
2025-07-08 23:00:00+00:00,0.0,100.0,27.4,86.0
2025-07-09 00:00:00+00:00,14.0,100.0,27.0,89.0
2025-07-09 01:00:00+00:00,78.5,100.0,27.6,84.0
2025-07-09 02:00:00+00:00,203.5,96.0,28.2,83.0
2025-07-09 03:00:00+00:00,351.5,100.0,29.3,80.0
2025-07-09 04:00:00+00:00,490.0,100.0,30.6,75.0
2025-07-09 05:00:00+00:00,561.5,100.0,31.7,70.0
2025-07-09 06:00:00+00:00,328.5,100.0,28.7,82.0
2025-07-09 07:00:00+00:00,223.5,100.0,28.0,84.0
2025-07-09 08:00:00+00:00,379.0,100.0,29.3,81.0
2025-07-09 09:00:00+00:00,378.0,100.0,30.3,78.0
2025-07-09 10:00:00+00:00,308.5,100.0,30.9,76.0
2025-07-09 11:00:00+00:00,213.5,100.0,30.9,77.0
2025-07-09 12:00:00+00:00,128.5,100.0,30.7,79.0
2025-07-09 13:00:00+00:00,53.0,100.0,31.1,72.0
2025-07-09 14:00:00+00:00,7.5,100.0,30.0,80.0
2025-07-09 15:00:00+00:00,0.0,100.0,29.2,86.0
2025-07-09 16:00:00+00:00,0.0,100.0,29.2,85.0
2025-07-09 17:00:00+00:00,0.0,100.0,28.4,85.0
2025-07-09 18:00:00+00:00,0.0,100.0,27.6,89.0
2025-07-09 19:00:00+00:00,0.0,100.0,27.1,91.0
2025-07-09 20:00:00+00:00,0.0,100.0,26.7,94.0
2025-07-09 21:00:00+00:00,0.0,100.0,26.6,95.0
2025-07-09 22:00:00+00:00,0.0,100.0,26.6,95.0
2025-07-09 23:00:00+00:00,0.0,100.0,26.2,95.0
2025-07-10 00:00:00+00:00,5.0,100.0,25.6,95.0
2025-07-10 01:00:00+00:00,44.5,99.0,26.2,93.0
2025-07-10 02:00:00+00:00,126.0,100.0,26.5,86.0
2025-07-10 03:00:00+00:00,204.0,100.0,26.9,82.0
2025-07-10 04:00:00+00:00,228.5,100.0,27.6,78.0
2025-07-10 05:00:00+00:00,218.5,100.0,28.0,76.0
2025-07-10 06:00:00+00:00,339.0,100.0,28.1,76.0
2025-07-10 07:00:00+00:00,470.5,100.0,29.0,74.0
2025-07-10 08:00:00+00:00,390.0,100.0,29.1,74.0
2025-07-10 09:00:00+00:00,322.5,99.0,28.6,78.0
2025-07-10 10:00:00+00:00,399.0,95.0,29.0,77.0
2025-07-10 11:00:00+00:00,378.0,91.0,29.6,76.0
2025-07-10 12:00:00+00:00,179.5,66.0,29.5,77.0
2025-07-10 13:00:00+00:00,35.0,100.0,28.1,82.0
2025-07-10 14:00:00+00:00,6.0,100.0,27.5,88.0
2025-07-10 15:00:00+00:00,0.0,100.0,27.2,90.0
2025-07-10 16:00:00+00:00,0.0,99.0,26.9,92.0
2025-07-10 17:00:00+00:00,0.0,97.0,26.6,92.0
2025-07-10 18:00:00+00:00,0.0,72.0,26.4,93.0
2025-07-10 19:00:00+00:00,0.0,100.0,25.9,95.0
2025-07-10 20:00:00+00:00,0.0,100.0,25.8,96.0
2025-07-10 21:00:00+00:00,0.0,100.0,25.7,96.0
2025-07-10 22:00:00+00:00,0.0,99.0,25.7,96.0
2025-07-10 23:00:00+00:00,0.0,100.0,25.6,97.0
2025-07-11 00:00:00+00:00,6.0,100.0,25.7,97.0
2025-07-11 01:00:00+00:00,23.5,100.0,27.0,90.0
2025-07-11 02:00:00+00:00,59.0,100.0,26.9,90.0
2025-07-11 03:00:00+00:00,130.0,100.0,27.2,89.0
2025-07-11 04:00:00+00:00,231.0,100.0,27.9,87.0
2025-07-11 05:00:00+00:00,342.0,100.0,28.7,80.0
2025-07-11 06:00:00+00:00,446.0,100.0,29.6,73.0
2025-07-11 07:00:00+00:00,506.0,82.0,30.3,70.0
2025-07-11 08:00:00+00:00,499.0,100.0,30.8,68.0
2025-07-11 09:00:00+00:00,551.5,57.0,31.0,67.0
2025-07-11 10:00:00+00:00,554.0,7.0,31.6,66.0
2025-07-11 11:00:00+00:00,388.5,19.0,31.6,66.0
2025-07-11 12:00:00+00:00,207.5,20.0,31.3,66.0
2025-07-11 13:00:00+00:00,72.0,24.0,30.1,75.0
2025-07-11 14:00:00+00:00,11.0,34.0,28.9,83.0
2025-07-11 15:00:00+00:00,0.0,39.0,28.7,83.0
2025-07-11 16:00:00+00:00,0.0,74.0,28.7,82.0
2025-07-11 17:00:00+00:00,0.0,62.0,28.4,84.0
2025-07-11 18:00:00+00:00,0.0,100.0,28.1,84.0
2025-07-11 19:00:00+00:00,0.0,100.0,27.7,86.0
2025-07-11 20:00:00+00:00,0.0,99.0,27.4,88.0
2025-07-11 21:00:00+00:00,0.0,99.0,27.1,89.0
2025-07-11 22:00:00+00:00,0.0,100.0,27.0,90.0
2025-07-11 23:00:00+00:00,0.0,95.0,26.8,91.0
2025-07-12 00:00:00+00:00,14.0,90.0,26.5,91.0
2025-07-12 01:00:00+00:00,82.0,97.0,27.1,88.0
2025-07-12 02:00:00+00:00,228.0,8.0,27.9,85.0
2025-07-12 03:00:00+00:00,357.5,86.0,29.2,79.0
2025-07-12 04:00:00+00:00,497.5,27.0,29.9,76.0
2025-07-12 05:00:00+00:00,656.5,46.0,31.2,69.0
2025-07-12 06:00:00+00:00,761.0,9.0,32.0,66.0
2025-07-12 07:00:00+00:00,815.5,10.0,32.8,63.0
2025-07-12 08:00:00+00:00,774.0,10.0,33.2,64.0
2025-07-12 09:00:00+00:00,673.0,11.0,33.3,63.0
2025-07-12 10:00:00+00:00,535.0,16.0,33.5,64.0
2025-07-12 11:00:00+00:00,349.5,41.0,33.4,63.0
2025-07-12 12:00:00+00:00,186.5,86.0,29.4,81.0
2025-07-12 13:00:00+00:00,71.5,68.0,30.5,72.0
2025-07-12 14:00:00+00:00,9.5,86.0,28.3,83.0
2025-07-12 15:00:00+00:00,0.0,99.0,27.7,87.0
2025-07-12 16:00:00+00:00,0.0,100.0,27.5,89.0
2025-07-12 17:00:00+00:00,0.0,100.0,27.3,90.0
2025-07-12 18:00:00+00:00,0.0,100.0,27.2,91.0
2025-07-12 19:00:00+00:00,0.0,100.0,27.0,92.0
2025-07-12 20:00:00+00:00,0.0,100.0,26.8,93.0
2025-07-12 21:00:00+00:00,0.0,100.0,26.7,92.0
2025-07-12 22:00:00+00:00,0.0,100.0,26.5,93.0
2025-07-12 23:00:00+00:00,0.0,100.0,26.3,94.0
2025-07-13 00:00:00+00:00,15.0,100.0,26.3,95.0
2025-07-13 01:00:00+00:00,80.5,100.0,28.0,93.0
2025-07-13 02:00:00+00:00,206.0,100.0,28.6,91.0
2025-07-13 03:00:00+00:00,318.5,100.0,29.1,84.0
2025-07-13 04:00:00+00:00,437.0,98.0,28.4,79.0
2025-07-13 05:00:00+00:00,595.5,99.0,29.9,76.0
2025-07-13 06:00:00+00:00,709.0,100.0,31.0,75.0
2025-07-13 07:00:00+00:00,736.0,100.0,31.7,72.0
2025-07-13 08:00:00+00:00,705.5,100.0,32.4,69.0
2025-07-13 09:00:00+00:00,526.0,100.0,32.5,69.0
2025-07-13 10:00:00+00:00,299.5,100.0,28.7,84.0
2025-07-13 11:00:00+00:00,178.0,100.0,27.9,85.0
2025-07-13 12:00:00+00:00,90.5,100.0,27.6,87.0
2025-07-13 13:00:00+00:00,32.5,100.0,26.3,95.0
2025-07-13 14:00:00+00:00,4.5,100.0,26.5,97.0
2025-07-13 15:00:00+00:00,0.0,100.0,26.8,96.0
2025-07-13 16:00:00+00:00,0.0,100.0,27.2,93.0
2025-07-13 17:00:00+00:00,0.0,100.0,27.6,90.0
2025-07-13 18:00:00+00:00,0.0,100.0,27.8,89.0
2025-07-13 19:00:00+00:00,0.0,100.0,27.9,88.0
2025-07-13 20:00:00+00:00,0.0,100.0,27.7,89.0
2025-07-13 21:00:00+00:00,0.0,100.0,27.4,90.0
2025-07-13 22:00:00+00:00,0.0,99.0,27.3,90.0
2025-07-13 23:00:00+00:00,0.0,100.0,27.1,91.0
2025-07-14 00:00:00+00:00,5.5,100.0,27.0,91.0
2025-07-14 01:00:00+00:00,45.5,100.0,25.8,96.0
2025-07-14 02:00:00+00:00,144.5,100.0,26.5,93.0
2025-07-14 03:00:00+00:00,308.0,100.0,27.2,89.0
2025-07-14 04:00:00+00:00,471.0,100.0,28.7,80.0
2025-07-14 05:00:00+00:00,564.5,100.0,29.7,75.0
2025-07-14 06:00:00+00:00,630.5,100.0,30.1,73.0
2025-07-14 07:00:00+00:00,661.5,100.0,30.4,73.0
2025-07-14 08:00:00+00:00,557.5,100.0,30.5,74.0
2025-07-14 09:00:00+00:00,453.5,100.0,30.3,73.0
2025-07-14 10:00:00+00:00,407.0,100.0,30.4,74.0
2025-07-14 11:00:00+00:00,256.0,100.0,30.5,76.0
2025-07-14 12:00:00+00:00,118.0,100.0,27.2,90.0
2025-07-14 13:00:00+00:00,52.0,100.0,27.3,88.0
2025-07-14 14:00:00+00:00,7.0,100.0,27.5,91.0
2025-07-14 15:00:00+00:00,0.0,100.0,26.9,93.0
2025-07-14 16:00:00+00:00,0.0,100.0,26.4,93.0
2025-07-14 17:00:00+00:00,0.0,100.0,26.8,91.0
2025-07-14 18:00:00+00:00,0.0,100.0,26.5,90.0
2025-07-14 19:00:00+00:00,0.0,100.0,25.8,92.0
2025-07-14 20:00:00+00:00,0.0,100.0,26.0,92.0
2025-07-14 21:00:00+00:00,0.0,100.0,26.0,92.0
2025-07-14 22:00:00+00:00,0.0,100.0,25.9,91.0
2025-07-14 23:00:00+00:00,0.0,100.0,25.6,94.0
2025-07-15 00:00:00+00:00,9.0,100.0,25.6,94.0
2025-07-15 01:00:00+00:00,64.5,100.0,26.2,92.0
2025-07-15 02:00:00+00:00,142.5,100.0,26.6,91.0
2025-07-15 03:00:00+00:00,172.5,100.0,27.3,87.0
2025-07-15 04:00:00+00:00,214.0,100.0,27.6,85.0
2025-07-15 05:00:00+00:00,391.0,97.0,28.4,81.0
2025-07-15 06:00:00+00:00,593.5,96.0,29.8,74.0
2025-07-15 07:00:00+00:00,691.5,100.0,30.6,70.0
2025-07-15 08:00:00+00:00,722.0,97.0,31.4,66.0
2025-07-15 09:00:00+00:00,659.0,61.0,32.1,63.0
2025-07-15 10:00:00+00:00,511.5,54.0,32.2,63.0
2025-07-15 11:00:00+00:00,340.5,40.0,30.6,71.0
2025-07-15 12:00:00+00:00,178.0,60.0,30.2,77.0
2025-07-15 13:00:00+00:00,58.5,100.0,29.2,81.0
2025-07-15 14:00:00+00:00,7.0,100.0,28.0,86.0
2025-07-15 15:00:00+00:00,0.0,100.0,27.3,91.0
2025-07-15 16:00:00+00:00,0.0,100.0,27.3,92.0
2025-07-15 17:00:00+00:00,0.0,100.0,27.1,93.0
2025-07-15 18:00:00+00:00,0.0,99.0,26.8,93.0
2025-07-15 19:00:00+00:00,0.0,100.0,26.3,96.0
2025-07-15 20:00:00+00:00,0.0,100.0,26.1,97.0
2025-07-15 21:00:00+00:00,0.0,100.0,26.0,96.0
2025-07-15 22:00:00+00:00,0.0,100.0,25.8,96.0
2025-07-15 23:00:00+00:00,0.0,100.0,25.3,97.0
2025-07-16 00:00:00+00:00,8.5,100.0,25.3,97.0
2025-07-16 01:00:00+00:00,66.0,100.0,26.9,94.0
2025-07-16 02:00:00+00:00,202.0,98.0,27.4,91.0
2025-07-16 03:00:00+00:00,387.5,35.0,28.7,85.0
2025-07-16 04:00:00+00:00,565.0,14.0,30.2,77.0
2025-07-16 05:00:00+00:00,682.5,33.0,31.4,70.0
2025-07-16 06:00:00+00:00,727.5,53.0,32.0,67.0
2025-07-16 07:00:00+00:00,627.5,100.0,32.3,65.0
2025-07-16 08:00:00+00:00,389.5,100.0,32.1,67.0
2025-07-16 09:00:00+00:00,301.5,100.0,31.2,66.0
2025-07-16 10:00:00+00:00,354.0,98.0,31.0,70.0
2025-07-16 11:00:00+00:00,310.5,98.0,30.2,75.0
2025-07-16 12:00:00+00:00,188.5,76.0,29.7,78.0
2025-07-16 13:00:00+00:00,69.5,100.0,29.8,79.0
2025-07-16 14:00:00+00:00,10.0,100.0,29.2,86.0
2025-07-16 15:00:00+00:00,0.0,100.0,28.8,86.0
2025-07-16 16:00:00+00:00,0.0,100.0,28.4,87.0
2025-07-16 17:00:00+00:00,0.0,100.0,28.1,88.0
2025-07-16 18:00:00+00:00,0.0,100.0,27.9,89.0
2025-07-16 19:00:00+00:00,0.0,100.0,27.7,90.0
2025-07-16 20:00:00+00:00,0.0,100.0,27.5,92.0
2025-07-16 21:00:00+00:00,0.0,100.0,27.3,92.0
2025-07-16 22:00:00+00:00,0.0,100.0,27.1,93.0
2025-07-16 23:00:00+00:00,0.0,100.0,27.0,93.0
2025-07-17 00:00:00+00:00,7.5,100.0,26.8,92.0
2025-07-17 01:00:00+00:00,58.0,100.0,26.8,85.0
2025-07-17 02:00:00+00:00,174.5,100.0,27.2,85.0
2025-07-17 03:00:00+00:00,275.5,100.0,28.0,81.0
2025-07-17 04:00:00+00:00,347.0,100.0,28.6,77.0
2025-07-17 05:00:00+00:00,437.5,100.0,29.4,73.0
2025-07-17 06:00:00+00:00,450.5,100.0,30.3,69.0
2025-07-17 07:00:00+00:00,330.5,100.0,30.3,68.0
2025-07-17 08:00:00+00:00,310.0,100.0,29.6,73.0
2025-07-17 09:00:00+00:00,419.5,100.0,29.9,73.0
2025-07-17 10:00:00+00:00,473.0,95.0,30.7,69.0
2025-07-17 11:00:00+00:00,383.5,56.0,31.1,67.0
2025-07-17 12:00:00+00:00,191.5,48.0,30.8,69.0
2025-07-17 13:00:00+00:00,59.0,98.0,29.7,80.0
2025-07-17 14:00:00+00:00,9.5,100.0,28.9,85.0
2025-07-17 15:00:00+00:00,0.0,100.0,28.2,87.0
2025-07-17 16:00:00+00:00,0.0,100.0,27.4,91.0
2025-07-17 17:00:00+00:00,0.0,99.0,27.0,92.0
2025-07-17 18:00:00+00:00,0.0,97.0,26.8,93.0
2025-07-17 19:00:00+00:00,0.0,100.0,26.6,94.0
2025-07-17 20:00:00+00:00,0.0,100.0,26.5,94.0
2025-07-17 21:00:00+00:00,0.0,100.0,26.6,92.0
2025-07-17 22:00:00+00:00,0.0,100.0,26.7,89.0
2025-07-17 23:00:00+00:00,0.0,85.0,26.5,90.0
2025-07-18 00:00:00+00:00,13.5,6.0,26.4,91.0
2025-07-18 01:00:00+00:00,86.0,17.0,27.0,86.0
2025-07-18 02:00:00+00:00,233.0,24.0,27.7,83.0
2025-07-18 03:00:00+00:00,413.5,73.0,28.7,78.0
2025-07-18 04:00:00+00:00,564.5,76.0,29.9,72.0
2025-07-18 05:00:00+00:00,638.0,100.0,30.8,68.0
2025-07-18 06:00:00+00:00,664.5,85.0,31.3,68.0
2025-07-18 07:00:00+00:00,725.5,55.0,31.5,67.0
2025-07-18 08:00:00+00:00,701.0,66.0,31.6,69.0
2025-07-18 09:00:00+00:00,573.0,64.0,31.2,66.0
2025-07-18 10:00:00+00:00,425.5,53.0,29.5,77.0
2025-07-18 11:00:00+00:00,296.5,41.0,29.7,76.0
2025-07-18 12:00:00+00:00,186.0,40.0,29.3,78.0
2025-07-18 13:00:00+00:00,64.0,66.0,28.9,79.0
2025-07-18 14:00:00+00:00,8.5,62.0,28.4,79.0
2025-07-18 15:00:00+00:00,0.0,39.0,27.9,81.0
2025-07-18 16:00:00+00:00,0.0,4.0,27.6,82.0
2025-07-18 17:00:00+00:00,0.0,2.0,27.3,83.0
2025-07-18 18:00:00+00:00,0.0,9.0,26.9,85.0
2025-07-18 19:00:00+00:00,0.0,23.0,26.6,87.0
2025-07-18 20:00:00+00:00,0.0,74.0,26.3,89.0
2025-07-18 21:00:00+00:00,0.0,100.0,26.1,90.0
2025-07-18 22:00:00+00:00,0.0,100.0,26.0,91.0
2025-07-18 23:00:00+00:00,0.0,100.0,25.9,91.0
2025-07-19 00:00:00+00:00,13.0,23.0,25.8,91.0
2025-07-19 01:00:00+00:00,82.0,25.0,26.4,90.0
2025-07-19 02:00:00+00:00,212.0,39.0,26.9,87.0
2025-07-19 03:00:00+00:00,375.5,22.0,27.9,82.0
2025-07-19 04:00:00+00:00,553.0,21.0,29.1,76.0
2025-07-19 05:00:00+00:00,680.0,32.0,30.2,70.0
2025-07-19 06:00:00+00:00,740.0,57.0,31.2,64.0
2025-07-19 07:00:00+00:00,721.0,96.0,32.0,61.0
2025-07-19 08:00:00+00:00,630.5,100.0,32.2,59.0
2025-07-19 09:00:00+00:00,540.5,75.0,32.2,60.0
2025-07-19 10:00:00+00:00,457.5,93.0,32.2,61.0
2025-07-19 11:00:00+00:00,338.5,22.0,32.2,61.0
2025-07-19 12:00:00+00:00,197.5,18.0,32.0,62.0
2025-07-19 13:00:00+00:00,76.5,2.0,31.2,67.0
2025-07-19 14:00:00+00:00,10.5,4.0,29.8,75.0
2025-07-19 15:00:00+00:00,0.0,3.0,29.1,79.0
2025-07-19 16:00:00+00:00,0.0,61.0,28.7,80.0
2025-07-19 17:00:00+00:00,0.0,100.0,28.4,80.0
2025-07-19 18:00:00+00:00,0.0,99.0,28.0,82.0
2025-07-19 19:00:00+00:00,0.0,94.0,27.6,83.0
2025-07-19 20:00:00+00:00,0.0,88.0,27.2,85.0
2025-07-19 21:00:00+00:00,0.0,88.0,26.7,87.0
2025-07-19 22:00:00+00:00,0.0,75.0,26.4,89.0
2025-07-19 23:00:00+00:00,0.0,14.0,26.2,88.0
2025-07-20 00:00:00+00:00,13.5,1.0,26.1,88.0
2025-07-20 01:00:00+00:00,87.5,99.0,27.4,86.0
2025-07-20 02:00:00+00:00,235.5,98.0,28.3,84.0
2025-07-20 03:00:00+00:00,410.0,100.0,29.5,76.0
2025-07-20 04:00:00+00:00,570.0,99.0,30.5,71.0
2025-07-20 05:00:00+00:00,698.5,100.0,31.4,67.0
2025-07-20 06:00:00+00:00,779.0,100.0,32.5,62.0
2025-07-20 07:00:00+00:00,815.5,99.0,33.4,57.0
2025-07-20 08:00:00+00:00,778.0,32.0,33.9,55.0
2025-07-20 09:00:00+00:00,661.5,30.0,34.2,53.0
2025-07-20 10:00:00+00:00,522.0,100.0,34.2,52.0
2025-07-20 11:00:00+00:00,346.5,100.0,34.3,51.0
2025-07-20 12:00:00+00:00,168.0,100.0,33.9,53.0
2025-07-20 13:00:00+00:00,53.5,100.0,32.1,65.0
2025-07-20 14:00:00+00:00,7.0,100.0,30.9,74.0
2025-07-20 15:00:00+00:00,0.0,100.0,30.2,77.0
2025-07-20 16:00:00+00:00,0.0,100.0,29.5,80.0
2025-07-20 17:00:00+00:00,0.0,100.0,29.0,81.0
2025-07-20 18:00:00+00:00,0.0,100.0,28.6,82.0
2025-07-20 19:00:00+00:00,0.0,100.0,28.3,81.0
2025-07-20 20:00:00+00:00,0.0,90.0,27.9,81.0
2025-07-20 21:00:00+00:00,0.0,24.0,27.5,82.0
2025-07-20 22:00:00+00:00,0.0,4.0,27.2,83.0
2025-07-20 23:00:00+00:00,0.0,4.0,26.8,84.0
2025-07-21 00:00:00+00:00,8.5,13.0,26.6,86.0
2025-07-21 01:00:00+00:00,47.5,100.0,28.0,84.0
2025-07-21 02:00:00+00:00,117.0,100.0,28.4,83.0
2025-07-21 03:00:00+00:00,213.5,100.0,28.9,79.0
2025-07-21 04:00:00+00:00,271.0,100.0,30.0,74.0
2025-07-21 05:00:00+00:00,234.0,100.0,29.9,71.0
2025-07-21 06:00:00+00:00,196.0,100.0,29.9,73.0
2025-07-21 07:00:00+00:00,269.0,100.0,30.0,72.0
2025-07-21 08:00:00+00:00,368.5,100.0,30.7,69.0
2025-07-21 09:00:00+00:00,396.0,100.0,31.3,66.0
2025-07-21 10:00:00+00:00,339.0,100.0,31.5,65.0
2025-07-21 11:00:00+00:00,259.5,100.0,31.4,64.0
2025-07-21 12:00:00+00:00,174.5,100.0,31.2,66.0
2025-07-21 13:00:00+00:00,64.5,99.0,29.4,76.0
2025-07-21 14:00:00+00:00,9.5,99.0,28.8,81.0
2025-07-21 15:00:00+00:00,0.0,100.0,28.3,86.0
2025-07-21 16:00:00+00:00,0.0,100.0,28.0,88.0
2025-07-21 17:00:00+00:00,0.0,100.0,27.5,90.0
2025-07-21 18:00:00+00:00,0.0,100.0,27.2,91.0
2025-07-21 19:00:00+00:00,0.0,100.0,26.8,91.0
2025-07-21 20:00:00+00:00,0.0,100.0,26.6,90.0
2025-07-21 21:00:00+00:00,0.0,100.0,26.3,92.0
2025-07-21 22:00:00+00:00,0.0,100.0,26.2,91.0
2025-07-21 23:00:00+00:00,0.0,100.0,26.1,91.0
2025-07-22 00:00:00+00:00,8.5,79.0,26.0,91.0
2025-07-22 01:00:00+00:00,57.5,89.0,27.5,88.0
2025-07-22 02:00:00+00:00,161.0,45.0,27.7,84.0
2025-07-22 03:00:00+00:00,348.0,20.0,28.7,81.0
2025-07-22 04:00:00+00:00,546.0,98.0,30.2,73.0
2025-07-22 05:00:00+00:00,682.0,97.0,31.6,68.0
2025-07-22 06:00:00+00:00,778.0,98.0,32.9,62.0
2025-07-22 07:00:00+00:00,769.5,97.0,33.9,55.0
2025-07-22 08:00:00+00:00,726.5,99.0,34.1,53.0
2025-07-22 09:00:00+00:00,659.0,95.0,34.6,52.0
2025-07-22 10:00:00+00:00,516.5,100.0,34.8,50.0
2025-07-22 11:00:00+00:00,367.0,99.0,34.3,52.0
2025-07-22 12:00:00+00:00,208.5,100.0,34.0,53.0
2025-07-22 13:00:00+00:00,71.5,63.0,31.8,64.0
2025-07-22 14:00:00+00:00,9.5,100.0,31.2,68.0
2025-07-22 15:00:00+00:00,0.0,100.0,30.2,77.0
2025-07-22 16:00:00+00:00,0.0,100.0,29.6,81.0
2025-07-22 17:00:00+00:00,0.0,41.0,29.2,83.0
2025-07-22 18:00:00+00:00,0.0,100.0,28.8,85.0
2025-07-22 19:00:00+00:00,0.0,100.0,28.6,82.0
2025-07-22 20:00:00+00:00,0.0,75.0,28.1,86.0
2025-07-22 21:00:00+00:00,0.0,55.0,27.8,86.0
2025-07-22 22:00:00+00:00,0.0,32.0,27.6,85.0
2025-07-22 23:00:00+00:00,0.0,22.0,27.3,85.0
2025-07-23 00:00:00+00:00,12.5,98.0,27.0,86.0
2025-07-23 01:00:00+00:00,78.5,49.0,28.3,84.0
2025-07-23 02:00:00+00:00,195.5,98.0,29.1,80.0
2025-07-23 03:00:00+00:00,314.0,95.0,29.8,72.0
2025-07-23 04:00:00+00:00,462.5,75.0,29.3,75.0
2025-07-23 05:00:00+00:00,604.5,73.0,30.6,71.0
2025-07-23 06:00:00+00:00,697.0,56.0,31.7,68.0
2025-07-23 07:00:00+00:00,719.0,74.0,32.7,65.0
2025-07-23 08:00:00+00:00,629.5,70.0,33.2,63.0
2025-07-23 09:00:00+00:00,532.5,89.0,33.1,64.0
2025-07-23 10:00:00+00:00,440.5,94.0,32.9,64.0
2025-07-23 11:00:00+00:00,308.5,95.0,33.0,64.0
2025-07-23 12:00:00+00:00,177.0,90.0,32.6,67.0
2025-07-23 13:00:00+00:00,66.0,99.0,29.9,80.0
2025-07-23 14:00:00+00:00,8.5,44.0,29.1,86.0
2025-07-23 15:00:00+00:00,0.0,97.0,28.7,88.0
2025-07-23 16:00:00+00:00,0.0,38.0,28.5,89.0
2025-07-23 17:00:00+00:00,0.0,55.0,28.4,89.0
2025-07-23 18:00:00+00:00,0.0,21.0,28.2,89.0
2025-07-23 19:00:00+00:00,0.0,26.0,28.0,88.0
2025-07-23 20:00:00+00:00,0.0,25.0,27.7,89.0
2025-07-23 21:00:00+00:00,0.0,11.0,27.3,91.0
2025-07-23 22:00:00+00:00,0.0,7.0,27.1,92.0
2025-07-23 23:00:00+00:00,0.0,90.0,26.5,88.0
2025-07-24 00:00:00+00:00,9.0,61.0,25.4,93.0
2025-07-24 01:00:00+00:00,68.5,40.0,27.8,82.0
2025-07-24 02:00:00+00:00,177.5,41.0,28.5,81.0
2025-07-24 03:00:00+00:00,372.0,15.0,29.5,79.0
2025-07-24 04:00:00+00:00,587.0,11.0,31.3,71.0
2025-07-24 05:00:00+00:00,700.5,26.0,32.7,65.0
2025-07-24 06:00:00+00:00,754.5,32.0,33.8,58.0
2025-07-24 07:00:00+00:00,788.5,28.0,34.5,54.0
2025-07-24 08:00:00+00:00,767.5,86.0,35.0,52.0
2025-07-24 09:00:00+00:00,682.0,35.0,35.4,51.0
2025-07-24 10:00:00+00:00,549.5,26.0,35.5,50.0
2025-07-24 11:00:00+00:00,381.5,33.0,35.1,51.0
2025-07-24 12:00:00+00:00,213.5,23.0,34.4,54.0
2025-07-24 13:00:00+00:00,75.0,9.0,32.6,64.0
2025-07-24 14:00:00+00:00,9.5,9.0,31.2,73.0
2025-07-24 15:00:00+00:00,0.0,13.0,30.6,74.0
2025-07-24 16:00:00+00:00,0.0,2.0,30.1,75.0
2025-07-24 17:00:00+00:00,0.0,13.0,29.2,78.0
2025-07-24 18:00:00+00:00,0.0,10.0,28.7,80.0
2025-07-24 19:00:00+00:00,0.0,0.0,28.2,81.0
2025-07-24 20:00:00+00:00,0.0,1.0,27.6,84.0
2025-07-24 21:00:00+00:00,0.0,2.0,27.3,85.0
2025-07-24 22:00:00+00:00,0.0,0.0,27.1,86.0
2025-07-24 23:00:00+00:00,0.0,1.0,26.8,87.0
2025-07-25 00:00:00+00:00,9.0,3.0,26.6,88.0
2025-07-25 01:00:00+00:00,63.0,6.0,28.5,84.0
2025-07-25 02:00:00+00:00,204.0,7.0,29.3,82.0
2025-07-25 03:00:00+00:00,401.5,8.0,31.0,75.0
2025-07-25 04:00:00+00:00,579.0,11.0,32.8,64.0
2025-07-25 05:00:00+00:00,683.0,3.0,34.1,56.0
2025-07-25 06:00:00+00:00,710.0,19.0,35.0,51.0
2025-07-25 07:00:00+00:00,710.0,24.0,35.5,48.0
2025-07-25 08:00:00+00:00,715.0,55.0,35.8,48.0
2025-07-25 09:00:00+00:00,647.5,98.0,36.3,48.0
2025-07-25 10:00:00+00:00,511.0,88.0,36.2,47.0
2025-07-25 11:00:00+00:00,372.0,8.0,35.7,48.0
2025-07-25 12:00:00+00:00,213.5,23.0,35.2,51.0
2025-07-25 13:00:00+00:00,73.5,10.0,34.5,54.0
2025-07-25 14:00:00+00:00,9.0,10.0,33.1,65.0
2025-07-25 15:00:00+00:00,0.0,65.0,32.4,71.0
2025-07-25 16:00:00+00:00,0.0,34.0,31.8,76.0
2025-07-25 17:00:00+00:00,0.0,100.0,31.5,78.0
2025-07-25 18:00:00+00:00,0.0,100.0,31.0,78.0
2025-07-25 19:00:00+00:00,0.0,100.0,30.5,75.0
2025-07-25 20:00:00+00:00,0.0,100.0,28.7,83.0
2025-07-25 21:00:00+00:00,0.0,100.0,28.1,86.0
2025-07-25 22:00:00+00:00,0.0,98.0,27.7,88.0
2025-07-25 23:00:00+00:00,0.0,36.0,27.2,90.0
2025-07-26 00:00:00+00:00,4.5,100.0,26.9,92.0
2025-07-26 01:00:00+00:00,45.0,100.0,27.5,89.0
2025-07-26 02:00:00+00:00,160.5,73.0,27.6,90.0
2025-07-26 03:00:00+00:00,346.0,65.0,28.7,84.0
2025-07-26 04:00:00+00:00,461.0,100.0,30.5,75.0
2025-07-26 05:00:00+00:00,486.5,100.0,31.7,69.0
2025-07-26 06:00:00+00:00,575.0,100.0,32.5,66.0
2025-07-26 07:00:00+00:00,625.5,96.0,33.5,62.0
2025-07-26 08:00:00+00:00,638.5,21.0,34.0,60.0
2025-07-26 09:00:00+00:00,658.5,72.0,34.8,55.0
2025-07-26 10:00:00+00:00,557.0,100.0,35.3,53.0
2025-07-26 11:00:00+00:00,379.0,99.0,35.4,53.0
2025-07-26 12:00:00+00:00,203.5,100.0,34.2,56.0
2025-07-26 13:00:00+00:00,68.0,100.0,33.3,62.0
2025-07-26 14:00:00+00:00,8.5,100.0,32.5,67.0
2025-07-26 15:00:00+00:00,0.0,100.0,31.8,72.0
2025-07-26 16:00:00+00:00,0.0,63.0,31.2,76.0
2025-07-26 17:00:00+00:00,0.0,55.0,30.8,78.0
2025-07-26 18:00:00+00:00,0.0,96.0,30.4,80.0
2025-07-26 19:00:00+00:00,0.0,100.0,30.2,83.0
2025-07-26 20:00:00+00:00,0.0,99.0,29.8,84.0
2025-07-26 21:00:00+00:00,0.0,98.0,29.4,86.0
2025-07-26 22:00:00+00:00,0.0,98.0,29.0,86.0
2025-07-26 23:00:00+00:00,0.0,99.0,28.9,85.0
2025-07-27 00:00:00+00:00,10.0,79.0,28.8,83.0
2025-07-27 01:00:00+00:00,70.0,80.0,29.0,83.0
2025-07-27 02:00:00+00:00,206.0,35.0,30.1,75.0
2025-07-27 03:00:00+00:00,385.0,67.0,31.6,67.0
2025-07-27 04:00:00+00:00,541.0,65.0,32.5,61.0
2025-07-27 05:00:00+00:00,671.0,36.0,33.2,59.0
2025-07-27 06:00:00+00:00,781.5,90.0,34.0,58.0
2025-07-27 07:00:00+00:00,798.5,99.0,35.3,53.0
2025-07-27 08:00:00+00:00,753.5,32.0,35.7,51.0
2025-07-27 09:00:00+00:00,684.0,16.0,36.2,49.0
2025-07-27 10:00:00+00:00,558.0,13.0,36.3,49.0
2025-07-27 11:00:00+00:00,389.0,11.0,36.0,50.0
2025-07-27 12:00:00+00:00,209.5,87.0,35.4,52.0
2025-07-27 13:00:00+00:00,70.5,97.0,33.3,59.0
2025-07-27 14:00:00+00:00,8.5,100.0,32.5,63.0
2025-07-27 15:00:00+00:00,0.0,99.0,32.0,67.0
2025-07-27 16:00:00+00:00,0.0,99.0,31.5,70.0
2025-07-27 17:00:00+00:00,0.0,100.0,30.9,73.0
2025-07-27 18:00:00+00:00,0.0,100.0,30.3,76.0
2025-07-27 19:00:00+00:00,0.0,100.0,29.9,78.0
2025-07-27 20:00:00+00:00,0.0,99.0,29.6,80.0
2025-07-27 21:00:00+00:00,0.0,100.0,29.2,82.0
2025-07-27 22:00:00+00:00,0.0,100.0,28.7,85.0
2025-07-27 23:00:00+00:00,0.0,100.0,28.4,87.0
2025-07-28 00:00:00+00:00,9.0,94.0,28.1,88.0
2025-07-28 01:00:00+00:00,61.0,99.0,29.4,81.0
2025-07-28 02:00:00+00:00,209.5,99.0,30.2,76.0
2025-07-28 03:00:00+00:00,400.0,59.0,31.8,66.0
2025-07-28 04:00:00+00:00,570.0,21.0,33.1,60.0
2025-07-28 05:00:00+00:00,700.5,26.0,34.4,54.0
2025-07-28 06:00:00+00:00,735.0,28.0,35.6,49.0
2025-07-28 07:00:00+00:00,740.0,49.0,36.2,46.0
2025-07-28 08:00:00+00:00,737.5,84.0,36.2,47.0
2025-07-28 09:00:00+00:00,654.5,100.0,36.3,49.0
2025-07-28 10:00:00+00:00,529.0,100.0,36.6,49.0
2025-07-28 11:00:00+00:00,367.0,99.0,36.6,49.0
2025-07-28 12:00:00+00:00,192.5,99.0,35.4,52.0
2025-07-28 13:00:00+00:00,67.5,97.0,33.4,58.0
2025-07-28 14:00:00+00:00,8.0,97.0,32.2,65.0
2025-07-28 15:00:00+00:00,0.0,100.0,31.3,73.0
2025-07-28 16:00:00+00:00,0.0,99.0,30.5,78.0
2025-07-28 17:00:00+00:00,0.0,100.0,29.8,80.0
2025-07-28 18:00:00+00:00,0.0,75.0,29.2,83.0
2025-07-28 19:00:00+00:00,0.0,95.0,28.6,86.0
2025-07-28 20:00:00+00:00,0.0,67.0,28.2,88.0
2025-07-28 21:00:00+00:00,0.0,96.0,27.9,90.0
2025-07-28 22:00:00+00:00,0.0,99.0,27.7,91.0
2025-07-28 23:00:00+00:00,0.0,93.0,27.5,92.0
2025-07-29 00:00:00+00:00,9.0,99.0,27.2,93.0
2025-07-29 01:00:00+00:00,53.0,91.0,27.3,88.0
2025-07-29 02:00:00+00:00,167.0,99.0,27.5,88.0
2025-07-29 03:00:00+00:00,313.5,89.0,28.3,85.0
2025-07-29 04:00:00+00:00,450.0,100.0,29.7,78.0
2025-07-29 05:00:00+00:00,483.5,100.0,30.7,75.0
2025-07-29 06:00:00+00:00,473.5,100.0,31.5,71.0
2025-07-29 07:00:00+00:00,548.0,98.0,31.1,75.0
2025-07-29 08:00:00+00:00,618.0,81.0,32.1,71.0
2025-07-29 09:00:00+00:00,541.0,99.0,32.9,68.0
2025-07-29 10:00:00+00:00,366.0,100.0,31.8,71.0
2025-07-29 11:00:00+00:00,262.5,100.0,29.7,81.0
2025-07-29 12:00:00+00:00,174.0,99.0,30.1,81.0
2025-07-29 13:00:00+00:00,64.0,100.0,29.7,77.0
2025-07-29 14:00:00+00:00,8.0,100.0,29.1,81.0
2025-07-29 15:00:00+00:00,0.0,100.0,28.6,84.0
2025-07-29 16:00:00+00:00,0.0,99.0,28.2,85.0
2025-07-29 17:00:00+00:00,0.0,99.0,28.0,87.0
2025-07-29 18:00:00+00:00,0.0,97.0,27.6,88.0
2025-07-29 19:00:00+00:00,0.0,100.0,27.3,90.0
2025-07-29 20:00:00+00:00,0.0,100.0,27.0,91.0
2025-07-29 21:00:00+00:00,0.0,75.0,26.7,93.0
2025-07-29 22:00:00+00:00,0.0,100.0,26.5,94.0
2025-07-29 23:00:00+00:00,0.0,100.0,26.4,94.0
2025-07-30 00:00:00+00:00,5.5,100.0,26.2,95.0
2025-07-30 01:00:00+00:00,31.5,100.0,26.2,94.0
2025-07-30 02:00:00+00:00,97.5,100.0,26.2,94.0
2025-07-30 03:00:00+00:00,232.0,100.0,27.2,90.0
2025-07-30 04:00:00+00:00,393.0,100.0,28.6,85.0
2025-07-30 05:00:00+00:00,557.0,100.0,29.9,78.0
2025-07-30 06:00:00+00:00,612.0,100.0,31.1,74.0
2025-07-30 07:00:00+00:00,530.5,100.0,31.6,71.0
2025-07-30 08:00:00+00:00,402.0,100.0,31.2,71.0
2025-07-30 09:00:00+00:00,316.0,100.0,28.2,89.0
2025-07-30 10:00:00+00:00,405.5,95.0,29.4,82.0
2025-07-30 11:00:00+00:00,398.0,100.0,30.5,79.0
2025-07-30 12:00:00+00:00,186.5,99.0,29.6,82.0
2025-07-30 13:00:00+00:00,39.0,100.0,27.9,89.0
2025-07-30 14:00:00+00:00,2.0,100.0,26.9,94.0
2025-07-30 15:00:00+00:00,0.0,100.0,26.8,95.0
2025-07-30 16:00:00+00:00,0.0,100.0,26.7,95.0
2025-07-30 17:00:00+00:00,0.0,100.0,26.5,96.0
2025-07-30 18:00:00+00:00,0.0,99.0,26.3,97.0
2025-07-30 19:00:00+00:00,0.0,100.0,26.3,97.0
2025-07-30 20:00:00+00:00,0.0,100.0,26.2,95.0
2025-07-30 21:00:00+00:00,0.0,100.0,25.8,98.0
2025-07-30 22:00:00+00:00,0.0,100.0,25.5,98.0
2025-07-30 23:00:00+00:00,0.0,100.0,25.3,98.0
2025-07-31 00:00:00+00:00,2.0,100.0,25.4,98.0
2025-07-31 01:00:00+00:00,14.0,100.0,25.7,97.0
2025-07-31 02:00:00+00:00,34.5,100.0,25.4,97.0
2025-07-31 03:00:00+00:00,91.0,99.0,25.7,95.0
2025-07-31 04:00:00+00:00,253.5,100.0,26.4,91.0
2025-07-31 05:00:00+00:00,409.5,100.0,28.0,85.0
2025-07-31 06:00:00+00:00,496.5,95.0,28.9,82.0
2025-07-31 07:00:00+00:00,473.0,94.0,29.7,78.0
2025-07-31 08:00:00+00:00,441.0,100.0,29.9,76.0
2025-07-31 09:00:00+00:00,460.5,96.0,30.4,74.0
2025-07-31 10:00:00+00:00,422.0,98.0,30.8,72.0
2025-07-31 11:00:00+00:00,311.5,95.0,31.2,70.0
2025-07-31 12:00:00+00:00,126.5,100.0,31.5,69.0
2025-07-31 13:00:00+00:00,19.5,100.0,28.9,85.0
2025-07-31 14:00:00+00:00,3.0,100.0,28.1,88.0
2025-07-31 15:00:00+00:00,0.0,100.0,27.8,89.0
2025-07-31 16:00:00+00:00,0.0,99.0,27.4,92.0
2025-07-31 17:00:00+00:00,0.0,100.0,27.3,93.0
2025-07-31 18:00:00+00:00,0.0,88.0,27.0,95.0
2025-07-31 19:00:00+00:00,0.0,97.0,26.5,93.0
2025-07-31 20:00:00+00:00,0.0,100.0,26.3,90.0
2025-07-31 21:00:00+00:00,0.0,96.0,26.0,94.0
2025-07-31 22:00:00+00:00,0.0,94.0,25.7,96.0
2025-07-31 23:00:00+00:00,0.0,98.0,25.5,97.0
2025-08-01 00:00:00+00:00,5.0,93.0,25.5,97.0
2025-08-01 01:00:00+00:00,48.5,96.0,25.8,96.0
2025-08-01 02:00:00+00:00,190.0,87.0,26.4,93.0
2025-08-01 03:00:00+00:00,371.5,79.0,27.8,86.0
2025-08-01 04:00:00+00:00,489.0,56.0,29.1,78.0
2025-08-01 05:00:00+00:00,610.5,48.0,29.9,74.0
2025-08-01 06:00:00+00:00,721.5,25.0,30.9,72.0
2025-08-01 07:00:00+00:00,764.0,37.0,31.4,72.0
2025-08-01 08:00:00+00:00,658.5,100.0,32.0,70.0
2025-08-01 09:00:00+00:00,455.0,100.0,31.9,69.0
2025-08-01 10:00:00+00:00,329.0,91.0,30.8,75.0
2025-08-01 11:00:00+00:00,224.0,100.0,29.1,85.0
2025-08-01 12:00:00+00:00,125.5,100.0,29.3,84.0
2025-08-01 13:00:00+00:00,51.5,96.0,28.8,87.0
2025-08-01 14:00:00+00:00,6.5,98.0,28.4,91.0
2025-08-01 15:00:00+00:00,0.0,100.0,28.2,92.0
2025-08-01 16:00:00+00:00,0.0,4.0,28.2,89.0
2025-08-01 17:00:00+00:00,0.0,94.0,28.0,85.0
2025-08-01 18:00:00+00:00,0.0,100.0,27.5,84.0
2025-08-01 19:00:00+00:00,0.0,81.0,27.1,85.0
2025-08-01 20:00:00+00:00,0.0,74.0,26.9,86.0
2025-08-01 21:00:00+00:00,0.0,95.0,26.6,87.0
2025-08-01 22:00:00+00:00,0.0,100.0,26.4,88.0
2025-08-01 23:00:00+00:00,0.0,70.0,26.3,89.0
2025-08-02 00:00:00+00:00,7.0,37.0,26.0,90.0
2025-08-02 01:00:00+00:00,53.0,100.0,27.5,86.0
2025-08-02 02:00:00+00:00,142.5,100.0,28.0,85.0
2025-08-02 03:00:00+00:00,218.5,100.0,28.6,81.0
2025-08-02 04:00:00+00:00,330.5,100.0,29.2,78.0
2025-08-02 05:00:00+00:00,509.5,100.0,30.2,72.0
2025-08-02 06:00:00+00:00,690.0,94.0,31.1,70.0
2025-08-02 07:00:00+00:00,750.0,63.0,31.7,70.0
2025-08-02 08:00:00+00:00,688.5,91.0,32.2,68.0
2025-08-02 09:00:00+00:00,620.5,100.0,32.4,66.0
2025-08-02 10:00:00+00:00,491.0,100.0,32.4,65.0
2025-08-02 11:00:00+00:00,305.0,100.0,32.0,69.0
2025-08-02 12:00:00+00:00,148.5,100.0,31.1,76.0
2025-08-02 13:00:00+00:00,47.5,100.0,30.5,74.0
2025-08-02 14:00:00+00:00,6.0,100.0,29.5,76.0
2025-08-02 15:00:00+00:00,0.0,100.0,28.7,79.0
2025-08-02 16:00:00+00:00,0.0,100.0,28.5,81.0
2025-08-02 17:00:00+00:00,0.0,100.0,28.4,82.0
2025-08-02 18:00:00+00:00,0.0,100.0,28.2,83.0
2025-08-02 19:00:00+00:00,0.0,100.0,28.1,83.0
2025-08-02 20:00:00+00:00,0.0,100.0,27.9,82.0
2025-08-02 21:00:00+00:00,0.0,100.0,27.5,83.0
2025-08-02 22:00:00+00:00,0.0,100.0,27.2,85.0
2025-08-02 23:00:00+00:00,0.0,100.0,27.0,87.0
2025-08-03 00:00:00+00:00,7.0,100.0,27.0,88.0
2025-08-03 01:00:00+00:00,47.0,100.0,26.8,91.0
2025-08-03 02:00:00+00:00,173.5,100.0,27.6,87.0
2025-08-03 03:00:00+00:00,332.5,100.0,29.2,79.0
2025-08-03 04:00:00+00:00,481.0,100.0,30.1,71.0
2025-08-03 05:00:00+00:00,645.0,100.0,31.2,68.0
2025-08-03 06:00:00+00:00,748.5,100.0,32.1,66.0
2025-08-03 07:00:00+00:00,738.5,100.0,32.7,66.0
2025-08-03 08:00:00+00:00,700.5,100.0,32.9,65.0
2025-08-03 09:00:00+00:00,606.0,100.0,33.1,66.0
2025-08-03 10:00:00+00:00,423.5,100.0,32.9,66.0
2025-08-03 11:00:00+00:00,274.5,100.0,31.1,74.0
2025-08-03 12:00:00+00:00,154.0,100.0,31.4,74.0
2025-08-03 13:00:00+00:00,49.5,100.0,31.1,73.0
2025-08-03 14:00:00+00:00,5.0,100.0,30.3,77.0
2025-08-03 15:00:00+00:00,0.0,100.0,29.6,80.0
2025-08-03 16:00:00+00:00,0.0,100.0,29.1,80.0
2025-08-03 17:00:00+00:00,0.0,100.0,28.7,80.0
2025-08-03 18:00:00+00:00,0.0,100.0,28.4,82.0
2025-08-03 19:00:00+00:00,0.0,100.0,28.0,84.0
2025-08-03 20:00:00+00:00,0.0,95.0,27.6,87.0
2025-08-03 21:00:00+00:00,0.0,98.0,27.0,89.0
2025-08-03 22:00:00+00:00,0.0,99.0,26.3,93.0
2025-08-03 23:00:00+00:00,0.0,100.0,26.2,95.0
2025-08-04 00:00:00+00:00,4.0,94.0,26.3,95.0
2025-08-04 01:00:00+00:00,33.0,100.0,28.2,76.0
2025-08-04 02:00:00+00:00,86.5,100.0,28.3,76.0
2025-08-04 03:00:00+00:00,178.5,100.0,28.4,76.0
2025-08-04 04:00:00+00:00,262.0,100.0,29.0,76.0
2025-08-04 05:00:00+00:00,257.0,100.0,29.2,76.0
2025-08-04 06:00:00+00:00,233.0,100.0,29.4,77.0
2025-08-04 07:00:00+00:00,261.0,100.0,29.5,76.0
2025-08-04 08:00:00+00:00,306.0,100.0,29.8,75.0
2025-08-04 09:00:00+00:00,291.5,100.0,30.2,75.0
2025-08-04 10:00:00+00:00,273.5,100.0,30.5,75.0
2025-08-04 11:00:00+00:00,222.0,100.0,31.0,75.0
2025-08-04 12:00:00+00:00,117.0,100.0,30.6,78.0
2025-08-04 13:00:00+00:00,44.5,94.0,29.4,83.0
2025-08-04 14:00:00+00:00,5.5,100.0,28.7,86.0
2025-08-04 15:00:00+00:00,0.0,100.0,28.6,85.0
2025-08-04 16:00:00+00:00,0.0,100.0,28.5,85.0
2025-08-04 17:00:00+00:00,0.0,98.0,28.3,87.0
2025-08-04 18:00:00+00:00,0.0,79.0,28.1,87.0
2025-08-04 19:00:00+00:00,0.0,100.0,27.8,87.0
2025-08-04 20:00:00+00:00,0.0,100.0,27.5,87.0
2025-08-04 21:00:00+00:00,0.0,100.0,27.3,87.0
2025-08-04 22:00:00+00:00,0.0,99.0,27.1,86.0
2025-08-04 23:00:00+00:00,0.0,100.0,27.2,85.0
2025-08-05 00:00:00+00:00,4.5,46.0,27.1,84.0
2025-08-05 01:00:00+00:00,47.5,97.0,27.5,79.0
2025-08-05 02:00:00+00:00,125.0,100.0,28.0,77.0
2025-08-05 03:00:00+00:00,216.5,100.0,28.7,76.0
2025-08-05 04:00:00+00:00,319.0,100.0,29.7,74.0
2025-08-05 05:00:00+00:00,391.0,100.0,30.1,73.0
2025-08-05 06:00:00+00:00,324.5,100.0,28.6,78.0
2025-08-05 07:00:00+00:00,199.0,100.0,27.1,88.0
2025-08-05 08:00:00+00:00,203.5,100.0,26.9,91.0
2025-08-05 09:00:00+00:00,241.5,100.0,27.8,89.0
2025-08-05 10:00:00+00:00,214.0,100.0,28.6,86.0
2025-08-05 11:00:00+00:00,152.0,100.0,28.9,84.0
2025-08-05 12:00:00+00:00,89.5,100.0,28.8,85.0
2025-08-05 13:00:00+00:00,35.0,100.0,28.7,87.0
2025-08-05 14:00:00+00:00,2.5,100.0,27.9,90.0
2025-08-05 15:00:00+00:00,0.0,100.0,27.6,89.0
2025-08-05 16:00:00+00:00,0.0,81.0,27.4,88.0
2025-08-05 17:00:00+00:00,0.0,59.0,27.2,88.0
2025-08-05 18:00:00+00:00,0.0,93.0,27.0,88.0
2025-08-05 19:00:00+00:00,0.0,50.0,27.0,88.0
2025-08-05 20:00:00+00:00,0.0,63.0,27.0,88.0
2025-08-05 21:00:00+00:00,0.0,35.0,26.7,90.0
2025-08-05 22:00:00+00:00,0.0,98.0,26.4,91.0
2025-08-05 23:00:00+00:00,0.0,15.0,26.3,90.0
2025-08-06 00:00:00+00:00,2.0,99.0,26.3,88.0
2025-08-06 01:00:00+00:00,20.0,100.0,27.1,82.0
2025-08-06 02:00:00+00:00,83.5,100.0,27.3,80.0
2025-08-06 03:00:00+00:00,196.5,100.0,28.1,79.0
2025-08-06 04:00:00+00:00,334.5,100.0,29.0,75.0
2025-08-06 05:00:00+00:00,417.5,100.0,30.0,72.0
2025-08-06 06:00:00+00:00,458.0,100.0,30.5,71.0
2025-08-06 07:00:00+00:00,422.5,100.0,31.0,70.0
2025-08-06 08:00:00+00:00,372.5,98.0,31.0,70.0
2025-08-06 09:00:00+00:00,470.0,83.0,31.4,69.0
2025-08-06 10:00:00+00:00,494.0,39.0,32.1,67.0
2025-08-06 11:00:00+00:00,335.5,38.0,31.7,68.0
2025-08-06 12:00:00+00:00,155.0,60.0,29.9,73.0
2025-08-06 13:00:00+00:00,43.0,79.0,29.7,78.0
2025-08-06 14:00:00+00:00,5.5,93.0,28.9,82.0
2025-08-06 15:00:00+00:00,0.0,100.0,28.4,85.0
2025-08-06 16:00:00+00:00,0.0,100.0,28.2,87.0
2025-08-06 17:00:00+00:00,0.0,100.0,28.0,88.0
2025-08-06 18:00:00+00:00,0.0,100.0,27.7,88.0
2025-08-06 19:00:00+00:00,0.0,89.0,27.5,86.0
2025-08-06 20:00:00+00:00,0.0,74.0,27.2,87.0
2025-08-06 21:00:00+00:00,0.0,87.0,27.0,86.0
2025-08-06 22:00:00+00:00,0.0,81.0,26.8,84.0
2025-08-06 23:00:00+00:00,0.0,6.0,26.4,82.0
2025-08-07 00:00:00+00:00,8.5,37.0,26.0,81.0
2025-08-07 01:00:00+00:00,75.5,5.0,27.3,78.0
2025-08-07 02:00:00+00:00,226.5,6.0,28.0,77.0
2025-08-07 03:00:00+00:00,416.0,1.0,29.1,75.0
2025-08-07 04:00:00+00:00,595.0,1.0,30.5,71.0
2025-08-07 05:00:00+00:00,718.5,9.0,31.8,67.0
2025-08-07 06:00:00+00:00,790.5,13.0,32.8,59.0
2025-08-07 07:00:00+00:00,824.5,10.0,33.4,57.0
2025-08-07 08:00:00+00:00,793.0,81.0,33.7,56.0
2025-08-07 09:00:00+00:00,691.5,62.0,33.9,56.0
2025-08-07 10:00:00+00:00,556.0,32.0,33.8,56.0
2025-08-07 11:00:00+00:00,382.5,53.0,33.5,57.0
2025-08-07 12:00:00+00:00,197.5,62.0,32.7,62.0
2025-08-07 13:00:00+00:00,64.5,70.0,31.4,69.0
2025-08-07 14:00:00+00:00,6.0,31.0,30.3,73.0
2025-08-07 15:00:00+00:00,0.0,69.0,29.7,75.0
2025-08-07 16:00:00+00:00,0.0,41.0,29.2,78.0
2025-08-07 17:00:00+00:00,0.0,92.0,28.8,78.0
2025-08-07 18:00:00+00:00,0.0,2.0,28.4,77.0
2025-08-07 19:00:00+00:00,0.0,10.0,27.9,77.0
2025-08-07 20:00:00+00:00,0.0,31.0,27.6,78.0
2025-08-07 21:00:00+00:00,0.0,54.0,27.3,79.0
2025-08-07 22:00:00+00:00,0.0,47.0,27.1,77.0
2025-08-07 23:00:00+00:00,0.0,13.0,26.8,77.0
2025-08-08 00:00:00+00:00,7.0,22.0,26.4,77.0
2025-08-08 01:00:00+00:00,60.0,17.0,27.9,72.0
2025-08-08 02:00:00+00:00,184.5,99.0,28.4,71.0
2025-08-08 03:00:00+00:00,348.5,98.0,29.4,70.0
2025-08-08 04:00:00+00:00,492.5,99.0,30.5,67.0
2025-08-08 05:00:00+00:00,516.0,100.0,31.5,64.0
2025-08-08 06:00:00+00:00,437.5,100.0,31.8,64.0
2025-08-08 07:00:00+00:00,452.5,100.0,32.0,65.0
2025-08-08 08:00:00+00:00,468.5,100.0,32.8,61.0
2025-08-08 09:00:00+00:00,370.0,100.0,33.1,58.0
2025-08-08 10:00:00+00:00,257.5,100.0,33.0,58.0
2025-08-08 11:00:00+00:00,166.0,100.0,32.8,61.0
2025-08-08 12:00:00+00:00,115.5,100.0,32.6,62.0
2025-08-08 13:00:00+00:00,55.5,100.0,32.3,63.0
2025-08-08 14:00:00+00:00,5.5,100.0,30.9,72.0
2025-08-08 15:00:00+00:00,0.0,100.0,30.0,76.0
2025-08-08 16:00:00+00:00,0.0,100.0,29.5,79.0
2025-08-08 17:00:00+00:00,0.0,100.0,29.1,79.0
2025-08-08 18:00:00+00:00,0.0,100.0,28.3,84.0
2025-08-08 19:00:00+00:00,0.0,100.0,27.8,88.0
2025-08-08 20:00:00+00:00,0.0,100.0,27.7,88.0
2025-08-08 21:00:00+00:00,0.0,100.0,27.6,88.0
2025-08-08 22:00:00+00:00,0.0,100.0,27.5,87.0
2025-08-08 23:00:00+00:00,0.0,100.0,27.2,88.0
2025-08-09 00:00:00+00:00,5.0,100.0,27.1,88.0
2025-08-09 01:00:00+00:00,29.0,100.0,27.2,85.0
2025-08-09 02:00:00+00:00,51.5,100.0,27.7,82.0
2025-08-09 03:00:00+00:00,64.0,100.0,27.6,83.0
2025-08-09 04:00:00+00:00,85.0,100.0,26.9,90.0
2025-08-09 05:00:00+00:00,195.0,100.0,26.1,91.0
2025-08-09 06:00:00+00:00,331.5,100.0,27.6,85.0
2025-08-09 07:00:00+00:00,415.0,100.0,28.6,79.0
2025-08-09 08:00:00+00:00,497.0,97.0,29.4,77.0
2025-08-09 09:00:00+00:00,461.5,64.0,30.2,74.0
2025-08-09 10:00:00+00:00,306.5,82.0,30.5,72.0
2025-08-09 11:00:00+00:00,206.0,100.0,30.5,72.0
2025-08-09 12:00:00+00:00,148.5,100.0,30.4,73.0
2025-08-09 13:00:00+00:00,59.5,49.0,27.6,83.0
2025-08-09 14:00:00+00:00,5.0,62.0,26.9,88.0
2025-08-09 15:00:00+00:00,0.0,55.0,26.7,89.0
2025-08-09 16:00:00+00:00,0.0,53.0,26.6,89.0
2025-08-09 17:00:00+00:00,0.0,46.0,26.4,90.0
2025-08-09 18:00:00+00:00,0.0,20.0,26.2,91.0
2025-08-09 19:00:00+00:00,0.0,100.0,25.9,92.0
2025-08-09 20:00:00+00:00,0.0,100.0,26.1,92.0
2025-08-09 21:00:00+00:00,0.0,100.0,26.1,92.0
2025-08-09 22:00:00+00:00,0.0,88.0,26.1,93.0
2025-08-09 23:00:00+00:00,0.0,100.0,26.1,91.0
2025-08-10 00:00:00+00:00,7.0,100.0,25.9,91.0
2025-08-10 01:00:00+00:00,56.5,59.0,26.6,92.0
2025-08-10 02:00:00+00:00,193.0,29.0,27.2,89.0
2025-08-10 03:00:00+00:00,345.5,100.0,28.2,86.0
2025-08-10 04:00:00+00:00,467.0,45.0,29.0,83.0
2025-08-10 05:00:00+00:00,609.0,100.0,30.0,78.0
2025-08-10 06:00:00+00:00,733.0,57.0,31.0,75.0
2025-08-10 07:00:00+00:00,779.0,30.0,31.5,73.0
2025-08-10 08:00:00+00:00,734.0,43.0,31.9,72.0
2025-08-10 09:00:00+00:00,604.0,74.0,32.1,72.0
2025-08-10 10:00:00+00:00,429.5,92.0,32.1,70.0
2025-08-10 11:00:00+00:00,260.0,88.0,32.1,69.0
2025-08-10 12:00:00+00:00,140.0,98.0,31.9,72.0
2025-08-10 13:00:00+00:00,54.0,94.0,30.8,75.0
2025-08-10 14:00:00+00:00,4.5,91.0,30.0,81.0
2025-08-10 15:00:00+00:00,0.0,100.0,29.4,84.0
2025-08-10 16:00:00+00:00,0.0,59.0,28.8,85.0
2025-08-10 17:00:00+00:00,0.0,95.0,28.3,87.0
2025-08-10 18:00:00+00:00,0.0,52.0,28.0,87.0
2025-08-10 19:00:00+00:00,0.0,79.0,27.9,83.0
2025-08-10 20:00:00+00:00,0.0,99.0,27.6,83.0
2025-08-10 21:00:00+00:00,0.0,100.0,27.4,82.0
2025-08-10 22:00:00+00:00,0.0,100.0,27.1,83.0
2025-08-10 23:00:00+00:00,0.0,100.0,26.8,84.0
2025-08-11 00:00:00+00:00,7.0,99.0,26.6,84.0
2025-08-11 01:00:00+00:00,51.5,100.0,28.2,80.0
2025-08-11 02:00:00+00:00,152.5,100.0,28.6,79.0
2025-08-11 03:00:00+00:00,305.0,100.0,29.5,77.0
2025-08-11 04:00:00+00:00,464.0,100.0,30.6,72.0
2025-08-11 05:00:00+00:00,619.0,100.0,31.5,68.0
2025-08-11 06:00:00+00:00,713.5,100.0,32.6,65.0
2025-08-11 07:00:00+00:00,713.0,100.0,33.3,63.0
2025-08-11 08:00:00+00:00,680.5,100.0,33.6,63.0
2025-08-11 09:00:00+00:00,583.0,100.0,33.9,60.0
2025-08-11 10:00:00+00:00,381.0,100.0,32.9,64.0
2025-08-11 11:00:00+00:00,158.5,100.0,32.7,64.0
2025-08-11 12:00:00+00:00,70.0,100.0,31.8,73.0
2025-08-11 13:00:00+00:00,40.0,100.0,30.5,81.0
2025-08-11 14:00:00+00:00,1.5,100.0,29.5,87.0
2025-08-11 15:00:00+00:00,0.0,100.0,28.6,91.0
2025-08-11 16:00:00+00:00,0.0,100.0,28.0,93.0
2025-08-11 17:00:00+00:00,0.0,100.0,28.0,92.0
2025-08-11 18:00:00+00:00,0.0,100.0,27.8,92.0
2025-08-11 19:00:00+00:00,0.0,100.0,27.5,90.0
2025-08-11 20:00:00+00:00,0.0,100.0,27.2,89.0
2025-08-11 21:00:00+00:00,0.0,100.0,27.1,88.0
2025-08-11 22:00:00+00:00,0.0,100.0,26.9,89.0
2025-08-11 23:00:00+00:00,0.0,100.0,26.7,91.0
2025-08-12 00:00:00+00:00,4.5,100.0,26.7,92.0
2025-08-12 01:00:00+00:00,24.5,100.0,27.1,84.0
2025-08-12 02:00:00+00:00,67.0,100.0,27.1,82.0
2025-08-12 03:00:00+00:00,104.0,100.0,26.9,85.0
2025-08-12 04:00:00+00:00,195.5,100.0,26.3,91.0
2025-08-12 05:00:00+00:00,366.0,100.0,27.3,87.0
2025-08-12 06:00:00+00:00,570.5,43.0,29.5,77.0
2025-08-12 07:00:00+00:00,752.5,26.0,31.2,71.0
2025-08-12 08:00:00+00:00,792.5,16.0,32.2,67.0
2025-08-12 09:00:00+00:00,706.0,100.0,33.0,63.0
2025-08-12 10:00:00+00:00,556.5,98.0,33.3,62.0
2025-08-12 11:00:00+00:00,372.5,24.0,32.9,63.0
2025-08-12 12:00:00+00:00,190.5,47.0,32.3,65.0
2025-08-12 13:00:00+00:00,55.5,100.0,31.4,73.0
2025-08-12 14:00:00+00:00,4.0,100.0,30.6,76.0
2025-08-12 15:00:00+00:00,0.0,100.0,30.1,79.0
2025-08-12 16:00:00+00:00,0.0,100.0,29.6,82.0
2025-08-12 17:00:00+00:00,0.0,100.0,29.2,83.0
2025-08-12 18:00:00+00:00,0.0,100.0,28.6,84.0
2025-08-12 19:00:00+00:00,0.0,100.0,28.2,85.0
2025-08-12 20:00:00+00:00,0.0,100.0,27.8,87.0
2025-08-12 21:00:00+00:00,0.0,100.0,27.6,87.0
2025-08-12 22:00:00+00:00,0.0,100.0,27.3,88.0
2025-08-12 23:00:00+00:00,0.0,100.0,27.1,87.0
2025-08-13 00:00:00+00:00,6.5,98.0,26.9,85.0
2025-08-13 01:00:00+00:00,59.0,97.0,28.0,87.0
2025-08-13 02:00:00+00:00,142.0,100.0,28.7,84.0
2025-08-13 03:00:00+00:00,256.5,100.0,29.4,78.0
2025-08-13 04:00:00+00:00,446.0,100.0,30.3,71.0
2025-08-13 05:00:00+00:00,639.5,100.0,31.4,67.0
2025-08-13 06:00:00+00:00,656.0,100.0,32.4,64.0
2025-08-13 07:00:00+00:00,600.0,100.0,32.6,62.0
2025-08-13 08:00:00+00:00,589.5,100.0,33.0,60.0
2025-08-13 09:00:00+00:00,539.0,100.0,33.4,59.0
2025-08-13 10:00:00+00:00,431.0,100.0,33.4,59.0
2025-08-13 11:00:00+00:00,283.0,100.0,33.3,59.0
2025-08-13 12:00:00+00:00,135.0,100.0,32.8,62.0
2025-08-13 13:00:00+00:00,31.0,100.0,32.1,66.0
2025-08-13 14:00:00+00:00,2.0,100.0,31.1,73.0
2025-08-13 15:00:00+00:00,0.0,100.0,30.6,74.0
2025-08-13 16:00:00+00:00,0.0,100.0,30.3,78.0
2025-08-13 17:00:00+00:00,0.0,100.0,30.2,77.0
2025-08-13 18:00:00+00:00,0.0,100.0,29.3,79.0
2025-08-13 19:00:00+00:00,0.0,100.0,29.0,80.0
2025-08-13 20:00:00+00:00,0.0,99.0,28.5,82.0
2025-08-13 21:00:00+00:00,0.0,99.0,28.2,83.0
2025-08-13 22:00:00+00:00,0.0,100.0,27.9,85.0
2025-08-13 23:00:00+00:00,0.0,100.0,27.5,88.0
2025-08-14 00:00:00+00:00,1.5,100.0,27.1,90.0
2025-08-14 01:00:00+00:00,14.0,100.0,26.9,92.0
2025-08-14 02:00:00+00:00,40.0,100.0,26.4,96.0
2025-08-14 03:00:00+00:00,106.0,100.0,26.7,95.0
2025-08-14 04:00:00+00:00,227.5,100.0,27.6,92.0
2025-08-14 05:00:00+00:00,345.5,100.0,28.5,85.0
2025-08-14 06:00:00+00:00,461.0,100.0,28.9,84.0
2025-08-14 07:00:00+00:00,372.5,100.0,29.6,80.0
2025-08-14 08:00:00+00:00,184.0,100.0,28.5,79.0
2025-08-14 09:00:00+00:00,197.5,100.0,27.7,87.0
2025-08-14 10:00:00+00:00,290.0,100.0,28.1,87.0
2025-08-14 11:00:00+00:00,248.5,100.0,29.0,81.0
2025-08-14 12:00:00+00:00,120.5,100.0,28.5,84.0
2025-08-14 13:00:00+00:00,44.0,100.0,28.2,87.0
2025-08-14 14:00:00+00:00,3.5,46.0,27.5,90.0
2025-08-14 15:00:00+00:00,0.0,79.0,27.1,92.0
2025-08-14 16:00:00+00:00,0.0,97.0,26.8,93.0
2025-08-14 17:00:00+00:00,0.0,30.0,26.6,94.0
2025-08-14 18:00:00+00:00,0.0,11.0,26.3,95.0
2025-08-14 19:00:00+00:00,0.0,27.0,26.3,95.0
2025-08-14 20:00:00+00:00,0.0,47.0,26.2,95.0
2025-08-14 21:00:00+00:00,0.0,30.0,26.1,95.0
2025-08-14 22:00:00+00:00,0.0,53.0,25.8,95.0
2025-08-14 23:00:00+00:00,0.0,7.0,25.6,96.0
2025-08-15 00:00:00+00:00,5.5,18.0,25.3,97.0
2025-08-15 01:00:00+00:00,54.5,69.0,26.0,94.0
2025-08-15 02:00:00+00:00,187.5,45.0,26.5,93.0
2025-08-15 03:00:00+00:00,373.5,50.0,27.6,89.0
2025-08-15 04:00:00+00:00,530.5,88.0,29.0,84.0
2025-08-15 05:00:00+00:00,615.5,100.0,29.9,80.0
2025-08-15 06:00:00+00:00,678.5,99.0,30.5,77.0
2025-08-15 07:00:00+00:00,703.5,48.0,31.4,72.0
2025-08-15 08:00:00+00:00,612.0,70.0,31.5,72.0
2025-08-15 09:00:00+00:00,503.0,100.0,31.7,72.0
2025-08-15 10:00:00+00:00,444.5,98.0,31.4,75.0
2025-08-15 11:00:00+00:00,344.0,58.0,31.1,77.0
2025-08-15 12:00:00+00:00,183.0,68.0,30.5,77.0
2025-08-15 13:00:00+00:00,51.0,71.0,29.8,83.0
2025-08-15 14:00:00+00:00,3.5,80.0,28.9,87.0
2025-08-15 15:00:00+00:00,0.0,85.0,28.5,89.0
2025-08-15 16:00:00+00:00,0.0,60.0,28.3,88.0
2025-08-15 17:00:00+00:00,0.0,40.0,27.8,89.0
2025-08-15 18:00:00+00:00,0.0,24.0,27.5,91.0
2025-08-15 19:00:00+00:00,0.0,19.0,27.3,92.0
2025-08-15 20:00:00+00:00,0.0,40.0,27.0,94.0
2025-08-15 21:00:00+00:00,0.0,99.0,26.8,96.0
2025-08-15 22:00:00+00:00,0.0,97.0,26.7,97.0
2025-08-15 23:00:00+00:00,0.0,98.0,26.5,97.0
2025-08-16 00:00:00+00:00,6.0,32.0,26.4,97.0
2025-08-16 01:00:00+00:00,53.5,98.0,27.3,96.0
2025-08-16 02:00:00+00:00,146.5,100.0,28.1,93.0
2025-08-16 03:00:00+00:00,308.5,99.0,28.9,89.0
2025-08-16 04:00:00+00:00,412.0,100.0,30.1,81.0
2025-08-16 05:00:00+00:00,411.5,99.0,29.5,81.0
2025-08-16 06:00:00+00:00,408.5,100.0,28.3,85.0
2025-08-16 07:00:00+00:00,496.5,100.0,29.0,84.0
2025-08-16 08:00:00+00:00,519.0,100.0,30.5,77.0
2025-08-16 09:00:00+00:00,448.0,100.0,30.8,74.0
2025-08-16 10:00:00+00:00,385.0,100.0,31.2,73.0
2025-08-16 11:00:00+00:00,269.0,100.0,31.1,74.0
2025-08-16 12:00:00+00:00,141.5,100.0,30.9,75.0
2025-08-16 13:00:00+00:00,34.5,97.0,29.9,83.0
2025-08-16 14:00:00+00:00,3.0,100.0,28.7,87.0
2025-08-16 15:00:00+00:00,0.0,100.0,28.3,88.0
2025-08-16 16:00:00+00:00,0.0,100.0,28.2,90.0
2025-08-16 17:00:00+00:00,0.0,88.0,28.1,91.0
2025-08-16 18:00:00+00:00,0.0,59.0,27.9,91.0
2025-08-16 19:00:00+00:00,0.0,61.0,27.7,91.0
2025-08-16 20:00:00+00:00,0.0,87.0,27.5,91.0
2025-08-16 21:00:00+00:00,0.0,91.0,27.4,91.0
2025-08-16 22:00:00+00:00,0.0,100.0,27.3,92.0
2025-08-16 23:00:00+00:00,0.0,93.0,27.3,92.0
2025-08-17 00:00:00+00:00,5.5,76.0,27.3,92.0
2025-08-17 01:00:00+00:00,38.5,100.0,27.7,93.0
2025-08-17 02:00:00+00:00,108.5,100.0,28.0,92.0
2025-08-17 03:00:00+00:00,272.5,97.0,28.1,92.0
2025-08-17 04:00:00+00:00,502.0,83.0,29.7,85.0
2025-08-17 05:00:00+00:00,633.0,99.0,31.2,78.0
2025-08-17 06:00:00+00:00,507.5,100.0,32.0,74.0
2025-08-17 07:00:00+00:00,327.5,100.0,28.6,85.0
2025-08-17 08:00:00+00:00,438.0,100.0,28.8,85.0
2025-08-17 09:00:00+00:00,577.5,92.0,30.6,80.0
2025-08-17 10:00:00+00:00,518.0,70.0,31.5,76.0
2025-08-17 11:00:00+00:00,363.5,86.0,31.6,75.0
2025-08-17 12:00:00+00:00,172.0,98.0,31.4,74.0
2025-08-17 13:00:00+00:00,42.0,95.0,30.3,80.0
2025-08-17 14:00:00+00:00,3.0,100.0,29.3,85.0
2025-08-17 15:00:00+00:00,0.0,100.0,28.7,89.0
2025-08-17 16:00:00+00:00,0.0,100.0,28.4,91.0
2025-08-17 17:00:00+00:00,0.0,84.0,28.2,92.0
2025-08-17 18:00:00+00:00,0.0,50.0,28.2,92.0
2025-08-17 19:00:00+00:00,0.0,100.0,28.0,91.0
2025-08-17 20:00:00+00:00,0.0,100.0,27.8,92.0
2025-08-17 21:00:00+00:00,0.0,100.0,27.6,92.0
2025-08-17 22:00:00+00:00,0.0,25.0,27.4,93.0
2025-08-17 23:00:00+00:00,0.0,22.0,27.3,93.0
2025-08-18 00:00:00+00:00,6.0,37.0,27.2,94.0
2025-08-18 01:00:00+00:00,66.5,61.0,27.9,90.0
2025-08-18 02:00:00+00:00,211.0,86.0,28.5,90.0
2025-08-18 03:00:00+00:00,271.0,93.0,27.5,87.0
2025-08-18 04:00:00+00:00,373.5,82.0,28.1,89.0
2025-08-18 05:00:00+00:00,604.5,32.0,29.7,83.0
2025-08-18 06:00:00+00:00,749.0,66.0,31.0,76.0
2025-08-18 07:00:00+00:00,780.0,99.0,31.4,74.0
2025-08-18 08:00:00+00:00,710.5,100.0,31.6,72.0
2025-08-18 09:00:00+00:00,616.0,92.0,31.7,71.0
2025-08-18 10:00:00+00:00,521.0,6.0,31.8,69.0
2025-08-18 11:00:00+00:00,372.0,4.0,31.7,69.0
2025-08-18 12:00:00+00:00,184.0,33.0,31.1,72.0
2025-08-18 13:00:00+00:00,48.0,60.0,30.6,77.0
2025-08-18 14:00:00+00:00,3.0,30.0,29.5,81.0
2025-08-18 15:00:00+00:00,0.0,37.0,28.8,82.0
2025-08-18 16:00:00+00:00,0.0,59.0,28.5,85.0
2025-08-18 17:00:00+00:00,0.0,88.0,28.2,87.0
2025-08-18 18:00:00+00:00,0.0,24.0,28.0,89.0
2025-08-18 19:00:00+00:00,0.0,31.0,27.7,89.0
2025-08-18 20:00:00+00:00,0.0,65.0,27.3,89.0
2025-08-18 21:00:00+00:00,0.0,69.0,27.1,89.0
2025-08-18 22:00:00+00:00,0.0,1.0,26.9,90.0
2025-08-18 23:00:00+00:00,0.0,0.0,26.8,91.0
2025-08-19 00:00:00+00:00,6.0,0.0,26.6,92.0
2025-08-19 01:00:00+00:00,66.0,12.0,27.9,89.0
2025-08-19 02:00:00+00:00,210.0,8.0,28.7,89.0
2025-08-19 03:00:00+00:00,396.0,7.0,29.8,84.0
2025-08-19 04:00:00+00:00,568.5,10.0,30.7,80.0
2025-08-19 05:00:00+00:00,686.5,11.0,31.9,72.0
2025-08-19 06:00:00+00:00,699.5,84.0,29.4,80.0
2025-08-19 07:00:00+00:00,700.0,100.0,30.9,72.0
2025-08-19 08:00:00+00:00,681.0,89.0,31.1,69.0
2025-08-19 09:00:00+00:00,589.5,87.0,31.2,72.0
2025-08-19 10:00:00+00:00,481.5,100.0,31.6,70.0
2025-08-19 11:00:00+00:00,345.5,86.0,31.5,69.0
2025-08-19 12:00:00+00:00,177.5,43.0,31.1,70.0
2025-08-19 13:00:00+00:00,43.0,31.0,29.5,81.0
2025-08-19 14:00:00+00:00,2.5,11.0,28.9,85.0
2025-08-19 15:00:00+00:00,0.0,0.0,28.7,86.0
2025-08-19 16:00:00+00:00,0.0,3.0,28.6,87.0
2025-08-19 17:00:00+00:00,0.0,2.0,28.4,87.0
2025-08-19 18:00:00+00:00,0.0,3.0,28.3,86.0
2025-08-19 19:00:00+00:00,0.0,18.0,27.9,85.0
2025-08-19 20:00:00+00:00,0.0,22.0,27.5,86.0
2025-08-19 21:00:00+00:00,0.0,7.0,27.3,87.0
2025-08-19 22:00:00+00:00,0.0,5.0,27.0,89.0
2025-08-19 23:00:00+00:00,0.0,9.0,26.8,90.0
2025-08-20 00:00:00+00:00,5.5,6.0,26.8,90.0
2025-08-20 01:00:00+00:00,42.5,69.0,27.8,88.0
2025-08-20 02:00:00+00:00,144.5,97.0,27.8,90.0
2025-08-20 03:00:00+00:00,268.5,100.0,28.2,86.0
2025-08-20 04:00:00+00:00,429.0,99.0,28.6,83.0
2025-08-20 05:00:00+00:00,572.0,100.0,30.1,75.0
2025-08-20 06:00:00+00:00,684.0,100.0,30.7,71.0
2025-08-20 07:00:00+00:00,744.0,100.0,31.6,67.0
2025-08-20 08:00:00+00:00,718.0,100.0,32.3,63.0
2025-08-20 09:00:00+00:00,643.5,100.0,32.6,62.0
2025-08-20 10:00:00+00:00,488.0,100.0,32.7,61.0
2025-08-20 11:00:00+00:00,319.0,100.0,31.4,68.0
2025-08-20 12:00:00+00:00,164.5,53.0,30.8,73.0
2025-08-20 13:00:00+00:00,46.5,41.0,31.0,69.0
2025-08-20 14:00:00+00:00,2.5,12.0,29.8,77.0
2025-08-20 15:00:00+00:00,0.0,18.0,29.4,79.0
2025-08-20 16:00:00+00:00,0.0,16.0,29.0,82.0
2025-08-20 17:00:00+00:00,0.0,9.0,28.6,84.0
2025-08-20 18:00:00+00:00,0.0,18.0,28.3,87.0
2025-08-20 19:00:00+00:00,0.0,28.0,28.0,88.0
2025-08-20 20:00:00+00:00,0.0,33.0,27.8,89.0
2025-08-20 21:00:00+00:00,0.0,51.0,27.4,90.0
2025-08-20 22:00:00+00:00,0.0,100.0,26.0,97.0
2025-08-20 23:00:00+00:00,0.0,100.0,25.7,98.0
2025-08-21 00:00:00+00:00,5.0,100.0,25.6,96.0
2025-08-21 01:00:00+00:00,52.0,100.0,26.3,90.0
2025-08-21 02:00:00+00:00,194.5,99.0,27.3,87.0
2025-08-21 03:00:00+00:00,386.0,97.0,28.8,81.0
2025-08-21 04:00:00+00:00,553.5,93.0,30.3,73.0
2025-08-21 05:00:00+00:00,677.5,75.0,31.6,65.0
2025-08-21 06:00:00+00:00,759.5,85.0,32.3,62.0
2025-08-21 07:00:00+00:00,777.0,79.0,32.9,60.0
2025-08-21 08:00:00+00:00,726.5,71.0,33.2,60.0
2025-08-21 09:00:00+00:00,634.0,40.0,33.6,58.0
2025-08-21 10:00:00+00:00,486.5,56.0,33.1,60.0
2025-08-21 11:00:00+00:00,308.0,99.0,31.6,65.0
2025-08-21 12:00:00+00:00,152.5,98.0,31.3,66.0
2025-08-21 13:00:00+00:00,45.5,30.0,31.2,70.0
2025-08-21 14:00:00+00:00,2.0,27.0,30.7,79.0
2025-08-21 15:00:00+00:00,0.0,13.0,30.3,78.0
2025-08-21 16:00:00+00:00,0.0,15.0,29.6,83.0
2025-08-21 17:00:00+00:00,0.0,5.0,29.1,88.0
2025-08-21 18:00:00+00:00,0.0,2.0,28.8,90.0
2025-08-21 19:00:00+00:00,0.0,5.0,28.6,90.0
2025-08-21 20:00:00+00:00,0.0,4.0,28.4,89.0
2025-08-21 21:00:00+00:00,0.0,4.0,28.0,89.0
2025-08-21 22:00:00+00:00,0.0,85.0,27.4,89.0
2025-08-21 23:00:00+00:00,0.0,100.0,25.6,94.0
2025-08-22 00:00:00+00:00,5.0,99.0,25.3,94.0
2025-08-22 01:00:00+00:00,50.0,100.0,27.9,89.0
2025-08-22 02:00:00+00:00,162.5,100.0,28.6,84.0
2025-08-22 03:00:00+00:00,334.0,100.0,29.3,80.0
2025-08-22 04:00:00+00:00,521.0,100.0,30.7,75.0
2025-08-22 05:00:00+00:00,670.5,100.0,32.1,68.0
2025-08-22 06:00:00+00:00,754.0,100.0,33.3,61.0
2025-08-22 07:00:00+00:00,715.0,100.0,34.1,57.0
2025-08-22 08:00:00+00:00,581.5,100.0,34.2,55.0
2025-08-22 09:00:00+00:00,477.0,100.0,34.0,55.0
2025-08-22 10:00:00+00:00,389.0,95.0,34.1,54.0
2025-08-22 11:00:00+00:00,285.0,96.0,33.8,55.0
2025-08-22 12:00:00+00:00,146.5,98.0,33.1,57.0
2025-08-22 13:00:00+00:00,29.5,100.0,31.5,70.0
2025-08-22 14:00:00+00:00,1.5,100.0,30.5,76.0
2025-08-22 15:00:00+00:00,0.0,100.0,30.1,78.0
2025-08-22 16:00:00+00:00,0.0,100.0,29.5,82.0
2025-08-22 17:00:00+00:00,0.0,100.0,29.1,83.0
2025-08-22 18:00:00+00:00,0.0,100.0,28.6,87.0
2025-08-22 19:00:00+00:00,0.0,100.0,28.3,86.0
2025-08-22 20:00:00+00:00,0.0,99.0,27.9,89.0
2025-08-22 21:00:00+00:00,0.0,100.0,27.4,90.0
2025-08-22 22:00:00+00:00,0.0,100.0,26.3,93.0
2025-08-22 23:00:00+00:00,0.0,100.0,25.6,95.0
2025-08-23 00:00:00+00:00,4.5,100.0,25.7,97.0
2025-08-23 01:00:00+00:00,56.5,100.0,26.5,94.0
2025-08-23 02:00:00+00:00,189.0,100.0,27.4,89.0
2025-08-23 03:00:00+00:00,363.0,100.0,28.7,83.0
2025-08-23 04:00:00+00:00,539.0,100.0,30.1,74.0
2025-08-23 05:00:00+00:00,658.0,100.0,31.3,69.0
2025-08-23 06:00:00+00:00,712.5,99.0,31.9,66.0
2025-08-23 07:00:00+00:00,525.0,100.0,32.6,63.0
2025-08-23 08:00:00+00:00,412.0,100.0,30.1,71.0
2025-08-23 09:00:00+00:00,478.0,98.0,30.2,74.0
2025-08-23 10:00:00+00:00,346.0,100.0,31.0,72.0
2025-08-23 11:00:00+00:00,197.0,100.0,28.7,80.0
2025-08-23 12:00:00+00:00,95.5,95.0,28.4,83.0
2025-08-23 13:00:00+00:00,22.0,100.0,27.9,86.0
2025-08-23 14:00:00+00:00,1.0,99.0,27.4,90.0
2025-08-23 15:00:00+00:00,0.0,100.0,27.2,92.0
2025-08-23 16:00:00+00:00,0.0,100.0,26.8,93.0
2025-08-23 17:00:00+00:00,0.0,100.0,26.5,93.0
2025-08-23 18:00:00+00:00,0.0,100.0,26.3,94.0
2025-08-23 19:00:00+00:00,0.0,100.0,26.2,95.0
2025-08-23 20:00:00+00:00,0.0,100.0,26.1,95.0
2025-08-23 21:00:00+00:00,0.0,100.0,25.9,95.0
2025-08-23 22:00:00+00:00,0.0,100.0,25.9,95.0
2025-08-23 23:00:00+00:00,0.0,96.0,25.8,95.0
2025-08-24 00:00:00+00:00,3.0,62.0,25.7,95.0
2025-08-24 01:00:00+00:00,51.0,99.0,26.1,95.0
2025-08-24 02:00:00+00:00,175.0,99.0,26.9,92.0
2025-08-24 03:00:00+00:00,353.5,98.0,27.9,86.0
2025-08-24 04:00:00+00:00,543.5,99.0,29.2,79.0
2025-08-24 05:00:00+00:00,702.5,96.0,30.2,77.0
2025-08-24 06:00:00+00:00,749.0,93.0,31.1,72.0
2025-08-24 07:00:00+00:00,684.0,98.0,29.1,80.0
2025-08-24 08:00:00+00:00,685.0,100.0,30.8,75.0
2025-08-24 09:00:00+00:00,594.0,100.0,29.0,79.0
2025-08-24 10:00:00+00:00,365.0,99.0,29.4,81.0
2025-08-24 11:00:00+00:00,179.0,100.0,28.4,84.0
2025-08-24 12:00:00+00:00,67.0,100.0,26.6,87.0
2025-08-24 13:00:00+00:00,25.0,100.0,28.0,84.0
2025-08-24 14:00:00+00:00,1.5,100.0,27.5,85.0
2025-08-24 15:00:00+00:00,0.0,100.0,27.1,88.0
2025-08-24 16:00:00+00:00,0.0,100.0,27.0,89.0
2025-08-24 17:00:00+00:00,0.0,100.0,26.8,90.0
2025-08-24 18:00:00+00:00,0.0,100.0,26.4,91.0
2025-08-24 19:00:00+00:00,0.0,100.0,25.6,92.0
2025-08-24 20:00:00+00:00,0.0,100.0,25.3,93.0
2025-08-24 21:00:00+00:00,0.0,100.0,25.3,93.0
2025-08-24 22:00:00+00:00,0.0,100.0,24.6,96.0
2025-08-24 23:00:00+00:00,0.0,100.0,24.4,96.0
2025-08-25 00:00:00+00:00,2.0,99.0,24.5,96.0
2025-08-25 01:00:00+00:00,23.5,100.0,25.3,95.0
2025-08-25 02:00:00+00:00,55.5,100.0,25.5,94.0
2025-08-25 03:00:00+00:00,105.5,100.0,25.8,95.0
2025-08-25 04:00:00+00:00,223.0,100.0,26.6,92.0
2025-08-25 05:00:00+00:00,406.0,100.0,27.2,88.0
2025-08-25 06:00:00+00:00,428.5,100.0,28.8,80.0
2025-08-25 07:00:00+00:00,288.0,100.0,28.9,81.0
2025-08-25 08:00:00+00:00,267.0,100.0,28.9,81.0
2025-08-25 09:00:00+00:00,331.5,100.0,28.3,81.0
2025-08-25 10:00:00+00:00,303.5,100.0,29.0,79.0
2025-08-25 11:00:00+00:00,183.0,100.0,27.0,86.0
2025-08-25 12:00:00+00:00,87.5,100.0,26.8,87.0
2025-08-25 13:00:00+00:00,30.5,100.0,27.4,87.0
2025-08-25 14:00:00+00:00,1.0,100.0,27.2,88.0
2025-08-25 15:00:00+00:00,0.0,100.0,27.0,88.0
2025-08-25 16:00:00+00:00,0.0,100.0,26.7,89.0
2025-08-25 17:00:00+00:00,0.0,100.0,26.0,93.0
2025-08-25 18:00:00+00:00,0.0,98.0,25.8,94.0
2025-08-25 19:00:00+00:00,0.0,100.0,25.7,95.0
2025-08-25 20:00:00+00:00,0.0,100.0,25.3,96.0
2025-08-25 21:00:00+00:00,0.0,100.0,25.1,97.0
2025-08-25 22:00:00+00:00,0.0,100.0,25.5,94.0
2025-08-25 23:00:00+00:00,0.0,100.0,25.4,95.0
2025-08-26 00:00:00+00:00,4.0,100.0,25.2,96.0
2025-08-26 01:00:00+00:00,54.0,100.0,26.0,94.0
2025-08-26 02:00:00+00:00,114.0,100.0,26.0,91.0
2025-08-26 03:00:00+00:00,221.0,100.0,26.4,91.0
2025-08-26 04:00:00+00:00,409.0,100.0,27.5,88.0
2025-08-26 05:00:00+00:00,482.5,100.0,28.9,81.0
2025-08-26 06:00:00+00:00,414.5,100.0,29.6,77.0
2025-08-26 07:00:00+00:00,402.0,100.0,29.7,75.0
2025-08-26 08:00:00+00:00,442.0,100.0,29.9,77.0
2025-08-26 09:00:00+00:00,434.5,100.0,28.7,81.0
2025-08-26 10:00:00+00:00,391.5,100.0,28.8,83.0
2025-08-26 11:00:00+00:00,290.0,100.0,29.5,80.0
2025-08-26 12:00:00+00:00,139.5,100.0,29.4,79.0
2025-08-26 13:00:00+00:00,31.5,100.0,27.6,89.0
2025-08-26 14:00:00+00:00,1.0,100.0,27.2,91.0
2025-08-26 15:00:00+00:00,0.0,99.0,26.7,92.0
2025-08-26 16:00:00+00:00,0.0,100.0,26.4,93.0
2025-08-26 17:00:00+00:00,0.0,96.0,26.3,95.0
2025-08-26 18:00:00+00:00,0.0,97.0,26.2,96.0
2025-08-26 19:00:00+00:00,0.0,98.0,26.0,96.0
2025-08-26 20:00:00+00:00,0.0,99.0,25.8,96.0
2025-08-26 21:00:00+00:00,0.0,87.0,25.6,97.0
2025-08-26 22:00:00+00:00,0.0,100.0,25.5,98.0
2025-08-26 23:00:00+00:00,0.0,98.0,25.4,98.0
2025-08-27 00:00:00+00:00,4.5,99.0,25.2,98.0
2025-08-27 01:00:00+00:00,46.0,100.0,26.1,95.0
2025-08-27 02:00:00+00:00,164.0,97.0,26.7,92.0
2025-08-27 03:00:00+00:00,329.0,92.0,27.3,89.0
2025-08-27 04:00:00+00:00,510.5,97.0,28.5,85.0
2025-08-27 05:00:00+00:00,659.0,86.0,29.7,82.0
2025-08-27 06:00:00+00:00,743.0,89.0,30.6,78.0
2025-08-27 07:00:00+00:00,775.0,91.0,31.2,74.0
2025-08-27 08:00:00+00:00,750.5,25.0,31.9,71.0
2025-08-27 09:00:00+00:00,667.0,30.0,32.5,69.0
2025-08-27 10:00:00+00:00,518.5,9.0,32.6,68.0
2025-08-27 11:00:00+00:00,337.0,10.0,32.3,67.0
2025-08-27 12:00:00+00:00,160.5,6.0,31.8,70.0
2025-08-27 13:00:00+00:00,39.5,35.0,29.1,84.0
2025-08-27 14:00:00+00:00,1.0,16.0,28.5,90.0
2025-08-27 15:00:00+00:00,0.0,7.0,28.3,91.0
2025-08-27 16:00:00+00:00,0.0,52.0,28.0,92.0
2025-08-27 17:00:00+00:00,0.0,61.0,27.9,92.0
2025-08-27 18:00:00+00:00,0.0,80.0,26.8,93.0
2025-08-27 19:00:00+00:00,0.0,80.0,26.7,93.0
2025-08-27 20:00:00+00:00,0.0,94.0,26.5,95.0
2025-08-27 21:00:00+00:00,0.0,100.0,25.9,94.0
2025-08-27 22:00:00+00:00,0.0,99.0,25.8,96.0
2025-08-27 23:00:00+00:00,0.0,100.0,25.5,98.0
2025-08-28 00:00:00+00:00,4.0,100.0,25.3,97.0
2025-08-28 01:00:00+00:00,44.0,100.0,26.7,97.0
2025-08-28 02:00:00+00:00,149.5,100.0,27.3,93.0
2025-08-28 03:00:00+00:00,317.0,100.0,28.2,89.0
2025-08-28 04:00:00+00:00,513.5,100.0,29.6,82.0
2025-08-28 05:00:00+00:00,649.0,100.0,30.8,77.0
2025-08-28 06:00:00+00:00,731.5,99.0,31.3,76.0
2025-08-28 07:00:00+00:00,747.0,100.0,32.0,73.0
2025-08-28 08:00:00+00:00,657.0,100.0,32.2,73.0
2025-08-28 09:00:00+00:00,576.0,100.0,32.2,73.0
2025-08-28 10:00:00+00:00,486.0,100.0,32.4,73.0
2025-08-28 11:00:00+00:00,309.0,100.0,30.5,76.0
2025-08-28 12:00:00+00:00,122.5,100.0,29.7,77.0
2025-08-28 13:00:00+00:00,22.5,100.0,29.5,82.0
2025-08-28 14:00:00+00:00,0.5,100.0,29.0,85.0
2025-08-28 15:00:00+00:00,0.0,100.0,28.6,87.0
2025-08-28 16:00:00+00:00,0.0,100.0,28.2,90.0
2025-08-28 17:00:00+00:00,0.0,100.0,27.5,92.0
2025-08-28 18:00:00+00:00,0.0,100.0,25.9,97.0
2025-08-28 19:00:00+00:00,0.0,100.0,25.9,97.0
2025-08-28 20:00:00+00:00,0.0,100.0,26.0,97.0
2025-08-28 21:00:00+00:00,0.0,100.0,25.8,96.0
2025-08-28 22:00:00+00:00,0.0,100.0,25.4,95.0
2025-08-28 23:00:00+00:00,0.0,100.0,25.0,95.0
2025-08-29 00:00:00+00:00,2.0,100.0,25.2,96.0
2025-08-29 01:00:00+00:00,29.5,100.0,27.4,95.0
2025-08-29 02:00:00+00:00,86.5,100.0,26.9,95.0
2025-08-29 03:00:00+00:00,157.0,100.0,27.6,92.0
2025-08-29 04:00:00+00:00,262.5,100.0,28.4,87.0
2025-08-29 05:00:00+00:00,420.0,100.0,29.1,86.0
2025-08-29 06:00:00+00:00,584.0,100.0,30.0,83.0
2025-08-29 07:00:00+00:00,622.5,100.0,31.1,76.0
2025-08-29 08:00:00+00:00,558.0,100.0,31.3,75.0
2025-08-29 09:00:00+00:00,470.5,100.0,31.0,72.0
2025-08-29 10:00:00+00:00,343.5,100.0,29.6,78.0
2025-08-29 11:00:00+00:00,215.5,100.0,29.4,80.0
2025-08-29 12:00:00+00:00,110.5,100.0,29.2,81.0
2025-08-29 13:00:00+00:00,32.5,100.0,28.4,84.0
2025-08-29 14:00:00+00:00,0.5,100.0,27.9,87.0
2025-08-29 15:00:00+00:00,0.0,100.0,27.6,89.0
2025-08-29 16:00:00+00:00,0.0,100.0,27.2,90.0
2025-08-29 17:00:00+00:00,0.0,100.0,26.9,90.0
2025-08-29 18:00:00+00:00,0.0,100.0,26.7,92.0
2025-08-29 19:00:00+00:00,0.0,100.0,26.5,93.0
2025-08-29 20:00:00+00:00,0.0,98.0,26.4,93.0
2025-08-29 21:00:00+00:00,0.0,67.0,26.3,93.0
2025-08-29 22:00:00+00:00,0.0,3.0,26.2,93.0
2025-08-29 23:00:00+00:00,0.0,9.0,26.1,94.0
2025-08-30 00:00:00+00:00,2.5,36.0,26.0,94.0
2025-08-30 01:00:00+00:00,26.0,100.0,26.3,98.0
2025-08-30 02:00:00+00:00,75.0,100.0,26.4,93.0
2025-08-30 03:00:00+00:00,173.5,100.0,26.7,91.0
2025-08-30 04:00:00+00:00,300.5,100.0,28.0,87.0
2025-08-30 05:00:00+00:00,454.0,100.0,29.1,81.0
2025-08-30 06:00:00+00:00,595.0,100.0,30.1,76.0
2025-08-30 07:00:00+00:00,651.0,100.0,30.8,72.0
2025-08-30 08:00:00+00:00,619.5,100.0,31.5,68.0
2025-08-30 09:00:00+00:00,544.0,100.0,31.6,67.0
2025-08-30 10:00:00+00:00,440.5,100.0,31.8,66.0
2025-08-30 11:00:00+00:00,289.5,100.0,31.4,68.0
2025-08-30 12:00:00+00:00,139.0,100.0,30.6,73.0
2025-08-30 13:00:00+00:00,34.5,31.0,29.5,80.0
2025-08-30 14:00:00+00:00,0.5,95.0,28.8,84.0
2025-08-30 15:00:00+00:00,0.0,100.0,28.4,86.0
2025-08-30 16:00:00+00:00,0.0,100.0,28.1,87.0
2025-08-30 17:00:00+00:00,0.0,100.0,27.8,89.0
2025-08-30 18:00:00+00:00,0.0,100.0,27.5,89.0
2025-08-30 19:00:00+00:00,0.0,88.0,27.2,90.0
2025-08-30 20:00:00+00:00,0.0,93.0,26.9,92.0
2025-08-30 21:00:00+00:00,0.0,21.0,26.7,93.0
2025-08-30 22:00:00+00:00,0.0,80.0,26.0,95.0
2025-08-30 23:00:00+00:00,0.0,99.0,25.2,96.0
2025-08-31 00:00:00+00:00,2.0,100.0,24.5,96.0
2025-08-31 01:00:00+00:00,19.0,100.0,25.7,96.0
2025-08-31 02:00:00+00:00,44.0,100.0,25.8,94.0
2025-08-31 03:00:00+00:00,145.5,100.0,25.4,96.0
2025-08-31 04:00:00+00:00,358.5,100.0,27.0,88.0
2025-08-31 05:00:00+00:00,484.5,100.0,28.5,85.0
2025-08-31 06:00:00+00:00,396.0,100.0,29.2,81.0
2025-08-31 07:00:00+00:00,361.0,100.0,28.2,85.0
2025-08-31 08:00:00+00:00,467.5,100.0,29.3,82.0
2025-08-31 09:00:00+00:00,464.0,100.0,30.0,79.0
2025-08-31 10:00:00+00:00,287.5,100.0,28.4,82.0
2025-08-31 11:00:00+00:00,108.5,100.0,26.8,87.0
2025-08-31 12:00:00+00:00,48.5,100.0,26.5,90.0
2025-08-31 13:00:00+00:00,21.5,100.0,25.9,91.0
2025-08-31 14:00:00+00:00,0.0,100.0,25.8,93.0
2025-08-31 15:00:00+00:00,0.0,100.0,25.8,94.0
2025-08-31 16:00:00+00:00,0.0,100.0,25.8,95.0
2025-08-31 17:00:00+00:00,0.0,100.0,25.7,96.0
2025-08-31 18:00:00+00:00,0.0,100.0,25.5,98.0
2025-08-31 19:00:00+00:00,0.0,100.0,25.4,94.0
2025-08-31 20:00:00+00:00,0.0,100.0,24.7,95.0
2025-08-31 21:00:00+00:00,0.0,100.0,24.3,97.0
2025-08-31 22:00:00+00:00,0.0,100.0,24.0,99.0
2025-08-31 23:00:00+00:00,0.0,100.0,24.1,98.0
2025-09-01 00:00:00+00:00,2.0,100.0,24.1,98.0
2025-09-01 01:00:00+00:00,20.5,100.0,24.6,96.0
2025-09-01 02:00:00+00:00,61.0,100.0,24.6,96.0
2025-09-01 03:00:00+00:00,109.0,100.0,24.6,95.0
2025-09-01 04:00:00+00:00,211.0,100.0,25.1,94.0
2025-09-01 05:00:00+00:00,359.0,100.0,26.3,88.0
2025-09-01 06:00:00+00:00,512.0,68.0,27.7,84.0
2025-09-01 07:00:00+00:00,480.0,100.0,29.2,77.0
2025-09-01 08:00:00+00:00,440.5,100.0,28.1,80.0
2025-09-01 09:00:00+00:00,475.0,100.0,28.1,83.0
2025-09-01 10:00:00+00:00,342.5,99.0,27.7,84.0
2025-09-01 11:00:00+00:00,159.0,100.0,26.1,89.0
2025-09-01 12:00:00+00:00,40.0,100.0,25.8,91.0
2025-09-01 13:00:00+00:00,6.5,100.0,24.9,94.0
2025-09-01 14:00:00+00:00,0.0,100.0,24.5,96.0
2025-09-01 15:00:00+00:00,0.0,100.0,24.4,96.0
2025-09-01 16:00:00+00:00,0.0,100.0,24.3,97.0
2025-09-01 17:00:00+00:00,0.0,100.0,24.2,98.0
2025-09-01 18:00:00+00:00,0.0,100.0,24.4,97.0
2025-09-01 19:00:00+00:00,0.0,100.0,24.2,99.0
2025-09-01 20:00:00+00:00,0.0,100.0,24.2,98.0
2025-09-01 21:00:00+00:00,0.0,100.0,23.8,98.0
2025-09-01 22:00:00+00:00,0.0,100.0,24.0,98.0
2025-09-01 23:00:00+00:00,0.0,100.0,23.8,97.0
2025-09-02 00:00:00+00:00,2.0,100.0,23.9,98.0
2025-09-02 01:00:00+00:00,26.0,100.0,24.2,96.0
2025-09-02 02:00:00+00:00,93.0,100.0,24.0,98.0
2025-09-02 03:00:00+00:00,158.0,100.0,24.4,94.0
2025-09-02 04:00:00+00:00,188.5,100.0,24.9,90.0
2025-09-02 05:00:00+00:00,205.0,100.0,26.1,86.0
2025-09-02 06:00:00+00:00,289.0,100.0,26.9,83.0
2025-09-02 07:00:00+00:00,352.0,100.0,26.6,84.0
2025-09-02 08:00:00+00:00,326.5,100.0,27.0,81.0
2025-09-02 09:00:00+00:00,294.0,97.0,26.4,86.0
2025-09-02 10:00:00+00:00,231.5,97.0,26.4,86.0
2025-09-02 11:00:00+00:00,155.5,96.0,26.1,88.0
2025-09-02 12:00:00+00:00,64.0,92.0,25.9,90.0
2025-09-02 13:00:00+00:00,4.0,100.0,24.6,98.0
2025-09-02 14:00:00+00:00,0.0,100.0,24.6,96.0
2025-09-02 15:00:00+00:00,0.0,100.0,24.8,95.0
2025-09-02 16:00:00+00:00,0.0,100.0,24.9,95.0
2025-09-02 17:00:00+00:00,0.0,99.0,24.9,96.0
2025-09-02 18:00:00+00:00,0.0,100.0,24.9,96.0
2025-09-02 19:00:00+00:00,0.0,100.0,24.8,96.0
2025-09-02 20:00:00+00:00,0.0,86.0,24.5,96.0
2025-09-02 21:00:00+00:00,0.0,44.0,24.3,97.0
2025-09-02 22:00:00+00:00,0.0,35.0,24.2,97.0
2025-09-02 23:00:00+00:00,0.0,65.0,24.1,98.0
2025-09-03 00:00:00+00:00,1.5,98.0,24.1,98.0
2025-09-03 01:00:00+00:00,19.0,100.0,24.1,96.0
2025-09-03 02:00:00+00:00,65.0,99.0,24.8,95.0
2025-09-03 03:00:00+00:00,143.0,98.0,25.4,93.0
2025-09-03 04:00:00+00:00,287.0,97.0,26.6,88.0
2025-09-03 05:00:00+00:00,528.0,100.0,27.8,86.0
2025-09-03 06:00:00+00:00,639.5,100.0,29.2,81.0
2025-09-03 07:00:00+00:00,477.0,100.0,29.4,76.0
2025-09-03 08:00:00+00:00,331.5,100.0,27.9,82.0
2025-09-03 09:00:00+00:00,371.5,99.0,28.4,79.0
2025-09-03 10:00:00+00:00,351.0,100.0,28.8,78.0
2025-09-03 11:00:00+00:00,219.5,100.0,28.4,80.0
2025-09-03 12:00:00+00:00,88.5,100.0,28.0,83.0
2025-09-03 13:00:00+00:00,6.0,100.0,26.2,86.0
2025-09-03 14:00:00+00:00,0.0,100.0,25.9,85.0
2025-09-03 15:00:00+00:00,0.0,100.0,25.8,87.0
2025-09-03 16:00:00+00:00,0.0,100.0,25.6,90.0
2025-09-03 17:00:00+00:00,0.0,100.0,25.4,91.0
2025-09-03 18:00:00+00:00,0.0,100.0,25.1,95.0
2025-09-03 19:00:00+00:00,0.0,100.0,25.1,96.0
2025-09-03 20:00:00+00:00,0.0,100.0,25.0,96.0
2025-09-03 21:00:00+00:00,0.0,98.0,24.8,97.0
2025-09-03 22:00:00+00:00,0.0,100.0,24.7,97.0
2025-09-03 23:00:00+00:00,0.0,100.0,24.8,97.0
2025-09-04 00:00:00+00:00,2.0,76.0,24.5,97.0
2025-09-04 01:00:00+00:00,17.0,100.0,24.2,96.0
2025-09-04 02:00:00+00:00,68.0,100.0,24.2,96.0
2025-09-04 03:00:00+00:00,184.5,100.0,25.2,94.0
2025-09-04 04:00:00+00:00,350.5,100.0,26.8,89.0
2025-09-04 05:00:00+00:00,518.5,100.0,28.6,84.0
2025-09-04 06:00:00+00:00,664.0,100.0,30.0,77.0
2025-09-04 07:00:00+00:00,736.5,95.0,31.0,72.0
2025-09-04 08:00:00+00:00,714.0,68.0,31.4,69.0
2025-09-04 09:00:00+00:00,570.0,100.0,31.4,67.0
2025-09-04 10:00:00+00:00,362.0,100.0,30.0,76.0
2025-09-04 11:00:00+00:00,204.0,100.0,29.1,81.0
2025-09-04 12:00:00+00:00,98.5,100.0,28.9,82.0
2025-09-04 13:00:00+00:00,28.5,46.0,27.8,86.0
2025-09-04 14:00:00+00:00,0.0,38.0,27.4,88.0
2025-09-04 15:00:00+00:00,0.0,57.0,27.0,89.0
2025-09-04 16:00:00+00:00,0.0,86.0,26.7,89.0
2025-09-04 17:00:00+00:00,0.0,91.0,26.4,91.0
2025-09-04 18:00:00+00:00,0.0,90.0,26.2,91.0
2025-09-04 19:00:00+00:00,0.0,100.0,26.0,91.0
2025-09-04 20:00:00+00:00,0.0,19.0,25.9,92.0
2025-09-04 21:00:00+00:00,0.0,28.0,25.7,93.0
2025-09-04 22:00:00+00:00,0.0,53.0,25.5,92.0
2025-09-04 23:00:00+00:00,0.0,22.0,25.4,93.0
2025-09-05 00:00:00+00:00,3.0,12.0,25.2,94.0
2025-09-05 01:00:00+00:00,50.0,100.0,26.7,86.0
2025-09-05 02:00:00+00:00,179.0,100.0,27.1,84.0
2025-09-05 03:00:00+00:00,345.5,100.0,28.0,80.0
2025-09-05 04:00:00+00:00,508.0,100.0,29.0,74.0
2025-09-05 05:00:00+00:00,640.0,100.0,29.8,75.0
2025-09-05 06:00:00+00:00,725.0,100.0,30.5,73.0
2025-09-05 07:00:00+00:00,760.5,100.0,31.0,72.0
2025-09-05 08:00:00+00:00,681.0,87.0,29.9,75.0
2025-09-05 09:00:00+00:00,539.5,49.0,30.5,76.0
2025-09-05 10:00:00+00:00,403.5,91.0,29.6,71.0
2025-09-05 11:00:00+00:00,234.5,100.0,28.7,79.0
2025-09-05 12:00:00+00:00,95.5,99.0,27.0,87.0
2025-09-05 13:00:00+00:00,25.0,100.0,27.1,89.0
2025-09-05 14:00:00+00:00,0.0,99.0,26.9,91.0
2025-09-05 15:00:00+00:00,0.0,99.0,26.8,92.0
2025-09-05 16:00:00+00:00,0.0,100.0,26.7,91.0
2025-09-05 17:00:00+00:00,0.0,99.0,26.6,91.0
2025-09-05 18:00:00+00:00,0.0,100.0,26.4,93.0
2025-09-05 19:00:00+00:00,0.0,100.0,25.4,96.0
2025-09-05 20:00:00+00:00,0.0,100.0,24.8,96.0
2025-09-05 21:00:00+00:00,0.0,100.0,24.5,95.0
2025-09-05 22:00:00+00:00,0.0,100.0,24.6,96.0
2025-09-05 23:00:00+00:00,0.0,100.0,24.7,96.0
2025-09-06 00:00:00+00:00,3.0,100.0,24.6,96.0
2025-09-06 01:00:00+00:00,52.5,100.0,26.0,92.0
2025-09-06 02:00:00+00:00,192.5,100.0,26.6,91.0
2025-09-06 03:00:00+00:00,378.5,94.0,27.8,86.0
2025-09-06 04:00:00+00:00,549.5,97.0,29.2,78.0
2025-09-06 05:00:00+00:00,649.0,100.0,30.3,72.0
2025-09-06 06:00:00+00:00,717.0,100.0,30.8,71.0
2025-09-06 07:00:00+00:00,761.5,99.0,31.2,72.0
2025-09-06 08:00:00+00:00,705.0,98.0,31.2,72.0
2025-09-06 09:00:00+00:00,561.0,98.0,31.2,73.0
2025-09-06 10:00:00+00:00,380.5,99.0,29.5,80.0
2025-09-06 11:00:00+00:00,228.5,98.0,29.3,80.0
2025-09-06 12:00:00+00:00,107.5,98.0,28.6,83.0
2025-09-06 13:00:00+00:00,24.0,70.0,28.8,83.0
2025-09-06 14:00:00+00:00,0.0,93.0,28.3,85.0
2025-09-06 15:00:00+00:00,0.0,99.0,27.7,88.0
2025-09-06 16:00:00+00:00,0.0,99.0,26.8,88.0
2025-09-06 17:00:00+00:00,0.0,98.0,26.4,89.0
2025-09-06 18:00:00+00:00,0.0,100.0,26.2,90.0
2025-09-06 19:00:00+00:00,0.0,100.0,26.1,90.0
2025-09-06 20:00:00+00:00,0.0,100.0,25.2,93.0
2025-09-06 21:00:00+00:00,0.0,99.0,25.3,95.0
2025-09-06 22:00:00+00:00,0.0,25.0,25.1,96.0
2025-09-06 23:00:00+00:00,0.0,4.0,24.9,96.0
2025-09-07 00:00:00+00:00,3.0,2.0,24.8,96.0
2025-09-07 01:00:00+00:00,53.5,80.0,25.8,95.0
2025-09-07 02:00:00+00:00,197.0,49.0,26.6,93.0
2025-09-07 03:00:00+00:00,392.5,21.0,27.9,87.0
2025-09-07 04:00:00+00:00,562.0,39.0,29.3,81.0
2025-09-07 05:00:00+00:00,701.5,27.0,30.5,75.0
2025-09-07 06:00:00+00:00,782.0,31.0,31.3,72.0
2025-09-07 07:00:00+00:00,774.5,15.0,31.8,69.0
2025-09-07 08:00:00+00:00,725.5,10.0,31.9,68.0
2025-09-07 09:00:00+00:00,599.5,15.0,31.9,70.0
2025-09-07 10:00:00+00:00,425.5,72.0,31.2,74.0
2025-09-07 11:00:00+00:00,266.0,100.0,30.8,76.0
2025-09-07 12:00:00+00:00,112.5,97.0,29.9,78.0
2025-09-07 13:00:00+00:00,20.0,100.0,28.0,88.0
2025-09-07 14:00:00+00:00,0.0,100.0,27.4,89.0
2025-09-07 15:00:00+00:00,0.0,99.0,27.0,90.0
2025-09-07 16:00:00+00:00,0.0,100.0,26.7,90.0
2025-09-07 17:00:00+00:00,0.0,9.0,26.5,91.0
2025-09-07 18:00:00+00:00,0.0,3.0,26.2,92.0
2025-09-07 19:00:00+00:00,0.0,4.0,26.0,93.0
2025-09-07 20:00:00+00:00,0.0,2.0,25.8,95.0
2025-09-07 21:00:00+00:00,0.0,2.0,25.5,96.0
2025-09-07 22:00:00+00:00,0.0,2.0,25.3,97.0
2025-09-07 23:00:00+00:00,0.0,2.0,25.2,98.0
2025-09-08 00:00:00+00:00,3.0,7.0,25.2,98.0
2025-09-08 01:00:00+00:00,55.5,12.0,25.8,96.0
2025-09-08 02:00:00+00:00,197.0,7.0,26.7,93.0
2025-09-08 03:00:00+00:00,384.0,4.0,27.9,89.0
2025-09-08 04:00:00+00:00,556.5,6.0,29.2,81.0
2025-09-08 05:00:00+00:00,690.5,10.0,30.3,74.0
2025-09-08 06:00:00+00:00,771.0,12.0,30.9,72.0
2025-09-08 07:00:00+00:00,784.0,19.0,31.4,71.0
2025-09-08 08:00:00+00:00,747.0,16.0,31.5,70.0
2025-09-08 09:00:00+00:00,643.5,15.0,31.7,65.0
2025-09-08 10:00:00+00:00,469.5,9.0,32.0,60.0
2025-09-08 11:00:00+00:00,287.0,4.0,31.9,60.0
2025-09-08 12:00:00+00:00,126.0,7.0,31.4,64.0
2025-09-08 13:00:00+00:00,25.5,48.0,30.5,72.0
2025-09-08 14:00:00+00:00,0.0,41.0,29.3,78.0
2025-09-08 15:00:00+00:00,0.0,98.0,28.8,80.0
2025-09-08 16:00:00+00:00,0.0,100.0,28.4,81.0
2025-09-08 17:00:00+00:00,0.0,100.0,28.0,82.0
2025-09-08 18:00:00+00:00,0.0,100.0,27.5,84.0
2025-09-08 19:00:00+00:00,0.0,20.0,27.1,85.0
2025-09-08 20:00:00+00:00,0.0,98.0,26.6,85.0
2025-09-08 21:00:00+00:00,0.0,2.0,26.3,84.0
2025-09-08 22:00:00+00:00,0.0,4.0,26.0,86.0
2025-09-08 23:00:00+00:00,0.0,1.0,25.9,87.0
2025-09-09 00:00:00+00:00,3.0,1.0,25.8,88.0
2025-09-09 01:00:00+00:00,56.0,1.0,26.7,86.0
2025-09-09 02:00:00+00:00,199.5,0.0,27.5,84.0
2025-09-09 03:00:00+00:00,391.0,0.0,28.6,80.0
2025-09-09 04:00:00+00:00,571.0,1.0,30.0,74.0
2025-09-09 05:00:00+00:00,669.0,28.0,30.5,70.0
2025-09-09 06:00:00+00:00,718.5,19.0,31.3,66.0
2025-09-09 07:00:00+00:00,749.0,9.0,31.9,64.0
2025-09-09 08:00:00+00:00,713.5,10.0,32.4,64.0
2025-09-09 09:00:00+00:00,627.5,8.0,32.3,63.0
2025-09-09 10:00:00+00:00,486.0,2.0,32.4,63.0
2025-09-09 11:00:00+00:00,304.0,11.0,32.0,62.0
2025-09-09 12:00:00+00:00,129.5,6.0,31.2,68.0
2025-09-09 13:00:00+00:00,24.5,7.0,30.3,72.0
2025-09-09 14:00:00+00:00,0.0,1.0,29.5,76.0
2025-09-09 15:00:00+00:00,0.0,4.0,29.0,79.0
2025-09-09 16:00:00+00:00,0.0,5.0,28.6,78.0
2025-09-09 17:00:00+00:00,0.0,2.0,28.1,78.0
2025-09-09 18:00:00+00:00,0.0,0.0,27.7,79.0
2025-09-09 19:00:00+00:00,0.0,0.0,27.3,80.0
2025-09-09 20:00:00+00:00,0.0,0.0,26.9,80.0
2025-09-09 21:00:00+00:00,0.0,0.0,26.4,81.0
2025-09-09 22:00:00+00:00,0.0,0.0,26.1,83.0
2025-09-09 23:00:00+00:00,0.0,0.0,25.8,84.0
2025-09-10 00:00:00+00:00,2.5,0.0,25.6,85.0
2025-09-10 01:00:00+00:00,55.0,2.0,27.1,88.0
2025-09-10 02:00:00+00:00,198.5,3.0,27.8,86.0
2025-09-10 03:00:00+00:00,391.0,0.0,28.9,81.0
2025-09-10 04:00:00+00:00,556.0,10.0,30.1,75.0
2025-09-10 05:00:00+00:00,683.0,4.0,31.2,69.0
2025-09-10 06:00:00+00:00,772.5,6.0,32.1,62.0
2025-09-10 07:00:00+00:00,787.5,6.0,32.7,59.0
2025-09-10 08:00:00+00:00,748.5,4.0,33.1,56.0
2025-09-10 09:00:00+00:00,654.5,5.0,33.2,55.0
2025-09-10 10:00:00+00:00,500.0,4.0,32.9,56.0
2025-09-10 11:00:00+00:00,315.5,2.0,32.2,59.0
2025-09-10 12:00:00+00:00,133.0,2.0,31.3,63.0
2025-09-10 13:00:00+00:00,24.5,16.0,30.1,66.0
2025-09-10 14:00:00+00:00,0.0,87.0,29.3,70.0
2025-09-10 15:00:00+00:00,0.0,0.0,28.6,73.0
2025-09-10 16:00:00+00:00,0.0,0.0,28.0,76.0
2025-09-10 17:00:00+00:00,0.0,3.0,27.4,79.0
2025-09-10 18:00:00+00:00,0.0,7.0,26.9,80.0
2025-09-10 19:00:00+00:00,0.0,33.0,26.5,81.0
2025-09-10 20:00:00+00:00,0.0,4.0,26.0,80.0
2025-09-10 21:00:00+00:00,0.0,2.0,25.7,79.0
2025-09-10 22:00:00+00:00,0.0,6.0,25.5,79.0
2025-09-10 23:00:00+00:00,0.0,17.0,25.1,79.0
2025-09-11 00:00:00+00:00,2.5,26.0,24.7,79.0
2025-09-11 01:00:00+00:00,51.5,67.0,26.4,77.0
2025-09-11 02:00:00+00:00,183.0,45.0,27.2,76.0
2025-09-11 03:00:00+00:00,375.0,14.0,28.3,73.0
2025-09-11 04:00:00+00:00,574.0,1.0,29.7,69.0
2025-09-11 05:00:00+00:00,716.0,24.0,30.9,63.0
2025-09-11 06:00:00+00:00,751.5,30.0,32.0,58.0
2025-09-11 07:00:00+00:00,710.0,49.0,32.5,55.0
2025-09-11 08:00:00+00:00,653.5,46.0,32.6,54.0
2025-09-11 09:00:00+00:00,577.0,40.0,32.8,53.0
2025-09-11 10:00:00+00:00,445.0,33.0,32.8,52.0
2025-09-11 11:00:00+00:00,281.0,38.0,32.3,54.0
2025-09-11 12:00:00+00:00,123.5,21.0,31.5,57.0
2025-09-11 13:00:00+00:00,22.5,100.0,30.2,65.0
2025-09-11 14:00:00+00:00,0.0,100.0,29.4,69.0
2025-09-11 15:00:00+00:00,0.0,80.0,28.9,70.0
2025-09-11 16:00:00+00:00,0.0,92.0,28.1,75.0
2025-09-11 17:00:00+00:00,0.0,87.0,27.5,79.0
2025-09-11 18:00:00+00:00,0.0,98.0,26.9,83.0
2025-09-11 19:00:00+00:00,0.0,64.0,26.5,84.0
2025-09-11 20:00:00+00:00,0.0,78.0,26.1,83.0
2025-09-11 21:00:00+00:00,0.0,58.0,25.7,80.0
2025-09-11 22:00:00+00:00,0.0,27.0,25.3,78.0
2025-09-11 23:00:00+00:00,0.0,11.0,24.9,78.0
2025-09-12 00:00:00+00:00,2.5,4.0,24.6,80.0
2025-09-12 01:00:00+00:00,55.5,5.0,25.9,80.0
2025-09-12 02:00:00+00:00,196.0,19.0,26.9,77.0
2025-09-12 03:00:00+00:00,385.5,12.0,28.3,71.0
2025-09-12 04:00:00+00:00,574.5,0.0,29.8,66.0
2025-09-12 05:00:00+00:00,678.5,25.0,31.1,61.0
2025-09-12 06:00:00+00:00,732.5,17.0,32.1,56.0
2025-09-12 07:00:00+00:00,758.5,17.0,33.0,52.0
2025-09-12 08:00:00+00:00,707.5,20.0,33.3,50.0
2025-09-12 09:00:00+00:00,616.0,13.0,33.5,49.0
2025-09-12 10:00:00+00:00,472.5,10.0,33.3,50.0
2025-09-12 11:00:00+00:00,288.5,16.0,32.8,52.0
2025-09-12 12:00:00+00:00,119.0,26.0,32.0,55.0
2025-09-12 13:00:00+00:00,22.0,6.0,31.6,56.0
2025-09-12 14:00:00+00:00,0.0,10.0,31.0,59.0
2025-09-12 15:00:00+00:00,0.0,35.0,30.1,67.0
2025-09-12 16:00:00+00:00,0.0,37.0,29.7,71.0
2025-09-12 17:00:00+00:00,0.0,33.0,29.1,74.0
2025-09-12 18:00:00+00:00,0.0,17.0,28.4,75.0
2025-09-12 19:00:00+00:00,0.0,69.0,27.8,79.0
2025-09-12 20:00:00+00:00,0.0,100.0,27.6,80.0
2025-09-12 21:00:00+00:00,0.0,66.0,27.4,80.0
2025-09-12 22:00:00+00:00,0.0,32.0,27.1,80.0
2025-09-12 23:00:00+00:00,0.0,41.0,26.7,80.0
2025-09-13 00:00:00+00:00,2.0,10.0,26.3,79.0
2025-09-13 01:00:00+00:00,41.5,79.0,27.7,73.0
2025-09-13 02:00:00+00:00,117.5,44.0,28.5,69.0
2025-09-13 03:00:00+00:00,249.0,96.0,29.2,66.0
2025-09-13 04:00:00+00:00,481.5,12.0,30.9,60.0
2025-09-13 05:00:00+00:00,675.5,25.0,33.0,49.0
2025-09-13 06:00:00+00:00,756.0,12.0,34.3,44.0
2025-09-13 07:00:00+00:00,761.0,22.0,35.0,42.0
2025-09-13 08:00:00+00:00,700.0,18.0,35.3,41.0
2025-09-13 09:00:00+00:00,593.0,18.0,34.8,42.0
2025-09-13 10:00:00+00:00,441.5,32.0,34.4,44.0
2025-09-13 11:00:00+00:00,267.0,26.0,33.4,49.0
2025-09-13 12:00:00+00:00,110.0,26.0,32.5,54.0
2025-09-13 13:00:00+00:00,21.5,63.0,32.9,48.0
2025-09-13 14:00:00+00:00,0.0,92.0,32.5,50.0
2025-09-13 15:00:00+00:00,0.0,84.0,32.0,53.0
2025-09-13 16:00:00+00:00,0.0,79.0,31.2,57.0
2025-09-13 17:00:00+00:00,0.0,95.0,30.4,60.0
2025-09-13 18:00:00+00:00,0.0,82.0,29.7,64.0
2025-09-13 19:00:00+00:00,0.0,26.0,29.0,68.0
2025-09-13 20:00:00+00:00,0.0,26.0,28.5,70.0
2025-09-13 21:00:00+00:00,0.0,20.0,28.0,73.0
2025-09-13 22:00:00+00:00,0.0,19.0,27.6,77.0
2025-09-13 23:00:00+00:00,0.0,23.0,27.3,78.0
2025-09-14 00:00:00+00:00,2.0,19.0,27.0,80.0
2025-09-14 01:00:00+00:00,50.0,15.0,27.6,81.0
2025-09-14 02:00:00+00:00,187.0,5.0,29.0,73.0
2025-09-14 03:00:00+00:00,375.0,8.0,31.5,59.0
2025-09-14 04:00:00+00:00,555.5,11.0,33.4,48.0
2025-09-14 05:00:00+00:00,671.5,11.0,34.9,42.0
2025-09-14 06:00:00+00:00,731.5,20.0,35.6,39.0
2025-09-14 07:00:00+00:00,743.0,70.0,36.1,38.0
2025-09-14 08:00:00+00:00,704.0,55.0,36.2,39.0
2025-09-14 09:00:00+00:00,625.0,75.0,36.5,38.0
2025-09-14 10:00:00+00:00,472.5,96.0,36.2,39.0
2025-09-14 11:00:00+00:00,285.0,91.0,35.3,42.0
2025-09-14 12:00:00+00:00,116.0,76.0,34.3,45.0
2025-09-14 13:00:00+00:00,19.0,87.0,33.3,50.0
2025-09-14 14:00:00+00:00,0.0,71.0,33.0,50.0
2025-09-14 15:00:00+00:00,0.0,14.0,32.7,51.0
2025-09-14 16:00:00+00:00,0.0,42.0,32.0,56.0
2025-09-14 17:00:00+00:00,0.0,11.0,31.1,61.0
2025-09-14 18:00:00+00:00,0.0,5.0,30.4,65.0
2025-09-14 19:00:00+00:00,0.0,3.0,29.8,68.0
2025-09-14 20:00:00+00:00,0.0,5.0,29.1,71.0
2025-09-14 21:00:00+00:00,0.0,3.0,28.6,73.0
2025-09-14 22:00:00+00:00,0.0,1.0,28.1,75.0
2025-09-14 23:00:00+00:00,0.0,0.0,27.8,76.0
2025-09-15 00:00:00+00:00,2.0,0.0,27.3,75.0
2025-09-15 01:00:00+00:00,48.5,43.0,28.6,68.0
2025-09-15 02:00:00+00:00,184.0,1.0,29.5,62.0
2025-09-15 03:00:00+00:00,373.5,0.0,31.4,54.0
2025-09-15 04:00:00+00:00,565.5,2.0,33.3,46.0
2025-09-15 05:00:00+00:00,717.5,9.0,34.7,41.0
2025-09-15 06:00:00+00:00,798.0,2.0,35.6,39.0
2025-09-15 07:00:00+00:00,796.0,5.0,36.3,38.0
2025-09-15 08:00:00+00:00,746.0,5.0,36.4,37.0
2025-09-15 09:00:00+00:00,645.5,8.0,36.4,38.0
2025-09-15 10:00:00+00:00,474.5,7.0,36.0,39.0
2025-09-15 11:00:00+00:00,282.0,12.0,35.2,42.0
2025-09-15 12:00:00+00:00,111.0,3.0,34.3,44.0
2025-09-15 13:00:00+00:00,18.0,89.0,33.5,47.0
2025-09-15 14:00:00+00:00,0.0,95.0,33.4,47.0
2025-09-15 15:00:00+00:00,0.0,100.0,33.3,48.0
2025-09-15 16:00:00+00:00,0.0,100.0,32.8,53.0
2025-09-15 17:00:00+00:00,0.0,100.0,32.1,53.0
2025-09-15 18:00:00+00:00,0.0,100.0,31.3,58.0
2025-09-15 19:00:00+00:00,0.0,100.0,30.5,62.0
2025-09-15 20:00:00+00:00,0.0,100.0,29.5,67.0
2025-09-15 21:00:00+00:00,0.0,99.0,28.8,70.0
2025-09-15 22:00:00+00:00,0.0,98.0,28.4,71.0
2025-09-15 23:00:00+00:00,0.0,24.0,28.0,73.0
2025-09-16 00:00:00+00:00,2.0,4.0,27.3,77.0
2025-09-16 01:00:00+00:00,51.5,100.0,28.8,62.0
2025-09-16 02:00:00+00:00,190.5,98.0,29.2,60.0
2025-09-16 03:00:00+00:00,383.5,78.0,30.4,56.0
2025-09-16 04:00:00+00:00,571.5,22.0,32.4,48.0
2025-09-16 05:00:00+00:00,712.0,12.0,34.1,43.0
2025-09-16 06:00:00+00:00,773.5,81.0,35.3,40.0
2025-09-16 07:00:00+00:00,781.5,49.0,36.2,38.0
2025-09-16 08:00:00+00:00,705.5,38.0,36.8,37.0
2025-09-16 09:00:00+00:00,572.5,61.0,36.6,38.0
2025-09-16 10:00:00+00:00,448.5,37.0,35.7,41.0
2025-09-16 11:00:00+00:00,281.5,31.0,35.2,42.0
2025-09-16 12:00:00+00:00,108.0,34.0,34.3,45.0
2025-09-16 13:00:00+00:00,17.0,17.0,32.6,56.0
2025-09-16 14:00:00+00:00,0.0,21.0,32.6,53.0
2025-09-16 15:00:00+00:00,0.0,28.0,31.0,61.0
2025-09-16 16:00:00+00:00,0.0,7.0,30.0,67.0
2025-09-16 17:00:00+00:00,0.0,15.0,29.2,71.0
2025-09-16 18:00:00+00:00,0.0,8.0,28.4,74.0
2025-09-16 19:00:00+00:00,0.0,4.0,27.9,75.0
2025-09-16 20:00:00+00:00,0.0,0.0,27.5,76.0
2025-09-16 21:00:00+00:00,0.0,0.0,27.1,77.0
2025-09-16 22:00:00+00:00,0.0,3.0,26.9,79.0
2025-09-16 23:00:00+00:00,0.0,5.0,27.0,80.0
2025-09-17 00:00:00+00:00,2.0,29.0,26.7,80.0
2025-09-17 01:00:00+00:00,48.0,11.0,27.4,76.0
2025-09-17 02:00:00+00:00,185.0,7.0,28.8,70.0
2025-09-17 03:00:00+00:00,377.0,2.0,30.6,64.0
2025-09-17 04:00:00+00:00,559.5,6.0,32.5,55.0
2025-09-17 05:00:00+00:00,665.5,26.0,33.9,49.0
2025-09-17 06:00:00+00:00,718.0,28.0,35.1,44.0
2025-09-17 07:00:00+00:00,735.5,36.0,36.2,40.0
2025-09-17 08:00:00+00:00,684.5,43.0,36.4,38.0
2025-09-17 09:00:00+00:00,584.0,29.0,36.3,39.0
2025-09-17 10:00:00+00:00,448.0,34.0,35.8,40.0
2025-09-17 11:00:00+00:00,280.5,18.0,35.2,42.0
2025-09-17 12:00:00+00:00,109.0,14.0,34.2,45.0
2025-09-17 13:00:00+00:00,15.5,12.0,31.6,61.0
2025-09-17 14:00:00+00:00,0.0,12.0,31.4,62.0
2025-09-17 15:00:00+00:00,0.0,32.0,31.1,64.0
2025-09-17 16:00:00+00:00,0.0,11.0,30.7,65.0
2025-09-17 17:00:00+00:00,0.0,8.0,29.5,73.0
2025-09-17 18:00:00+00:00,0.0,2.0,28.5,79.0
2025-09-17 19:00:00+00:00,0.0,7.0,27.8,82.0
2025-09-17 20:00:00+00:00,0.0,14.0,27.2,85.0
2025-09-17 21:00:00+00:00,0.0,18.0,26.3,87.0
2025-09-17 22:00:00+00:00,0.0,7.0,25.8,88.0
2025-09-17 23:00:00+00:00,0.0,10.0,25.4,89.0
2025-09-18 00:00:00+00:00,1.5,11.0,25.1,90.0
2025-09-18 01:00:00+00:00,48.0,19.0,27.3,82.0
2025-09-18 02:00:00+00:00,185.0,5.0,27.9,79.0
2025-09-18 03:00:00+00:00,378.5,2.0,29.4,73.0
2025-09-18 04:00:00+00:00,558.5,17.0,31.4,63.0
2025-09-18 05:00:00+00:00,664.5,19.0,33.3,52.0
2025-09-18 06:00:00+00:00,702.5,21.0,34.9,45.0
2025-09-18 07:00:00+00:00,673.5,36.0,34.9,43.0
2025-09-18 08:00:00+00:00,574.5,78.0,32.8,48.0
2025-09-18 09:00:00+00:00,440.0,48.0,31.9,55.0
2025-09-18 10:00:00+00:00,352.0,15.0,32.2,56.0
2025-09-18 11:00:00+00:00,255.5,23.0,32.5,55.0
2025-09-18 12:00:00+00:00,99.0,16.0,32.0,57.0
2025-09-18 13:00:00+00:00,13.0,79.0,32.7,51.0
2025-09-18 14:00:00+00:00,0.0,98.0,32.0,57.0
2025-09-18 15:00:00+00:00,0.0,4.0,31.6,60.0
2025-09-18 16:00:00+00:00,0.0,4.0,31.1,63.0
2025-09-18 17:00:00+00:00,0.0,2.0,30.3,67.0
2025-09-18 18:00:00+00:00,0.0,1.0,29.5,71.0
2025-09-18 19:00:00+00:00,0.0,0.0,28.9,75.0
2025-09-18 20:00:00+00:00,0.0,1.0,28.4,78.0
2025-09-18 21:00:00+00:00,0.0,0.0,28.0,81.0
2025-09-18 22:00:00+00:00,0.0,0.0,27.5,84.0
2025-09-18 23:00:00+00:00,0.0,0.0,27.1,86.0
2025-09-19 00:00:00+00:00,1.5,0.0,26.8,88.0
2025-09-19 01:00:00+00:00,49.0,4.0,27.5,79.0
2025-09-19 02:00:00+00:00,187.5,2.0,28.6,72.0
2025-09-19 03:00:00+00:00,374.5,8.0,30.7,64.0
2025-09-19 04:00:00+00:00,521.5,18.0,32.6,53.0
2025-09-19 05:00:00+00:00,533.5,65.0,32.4,52.0
2025-09-19 06:00:00+00:00,603.0,17.0,33.5,47.0
2025-09-19 07:00:00+00:00,696.5,33.0,34.8,41.0
2025-09-19 08:00:00+00:00,661.5,34.0,34.9,42.0
2025-09-19 09:00:00+00:00,598.5,17.0,35.4,41.0
2025-09-19 10:00:00+00:00,454.0,19.0,35.5,41.0
2025-09-19 11:00:00+00:00,266.0,11.0,34.6,42.0
2025-09-19 12:00:00+00:00,104.5,4.0,33.6,47.0
2025-09-19 13:00:00+00:00,15.5,75.0,32.6,54.0
2025-09-19 14:00:00+00:00,0.0,28.0,31.9,59.0
2025-09-19 15:00:00+00:00,0.0,6.0,31.3,61.0
2025-09-19 16:00:00+00:00,0.0,1.0,30.7,63.0
2025-09-19 17:00:00+00:00,0.0,0.0,30.2,67.0
2025-09-19 18:00:00+00:00,0.0,0.0,29.7,69.0
2025-09-19 19:00:00+00:00,0.0,0.0,29.2,72.0
2025-09-19 20:00:00+00:00,0.0,0.0,28.5,73.0
2025-09-19 21:00:00+00:00,0.0,0.0,28.1,73.0
2025-09-19 22:00:00+00:00,0.0,2.0,27.5,76.0
2025-09-19 23:00:00+00:00,0.0,0.0,27.1,79.0
2025-09-20 00:00:00+00:00,1.5,0.0,26.8,80.0
2025-09-20 01:00:00+00:00,51.0,0.0,28.2,79.0
2025-09-20 02:00:00+00:00,194.0,0.0,29.2,74.0
2025-09-20 03:00:00+00:00,388.0,0.0,31.3,59.0
2025-09-20 04:00:00+00:00,557.5,7.0,33.3,45.0
2025-09-20 05:00:00+00:00,678.0,9.0,34.5,40.0
2025-09-20 06:00:00+00:00,719.0,11.0,35.3,38.0
2025-09-20 07:00:00+00:00,704.5,33.0,35.8,37.0
2025-09-20 08:00:00+00:00,669.5,14.0,36.2,37.0
2025-09-20 09:00:00+00:00,576.5,16.0,36.0,37.0
2025-09-20 10:00:00+00:00,438.0,17.0,35.7,37.0
2025-09-20 11:00:00+00:00,271.5,11.0,35.0,39.0
2025-09-20 12:00:00+00:00,105.5,3.0,34.0,41.0
2025-09-20 13:00:00+00:00,15.5,0.0,32.8,45.0
2025-09-20 14:00:00+00:00,0.0,0.0,32.1,48.0
2025-09-20 15:00:00+00:00,0.0,0.0,31.2,53.0
2025-09-20 16:00:00+00:00,0.0,0.0,30.4,59.0
2025-09-20 17:00:00+00:00,0.0,0.0,29.7,61.0
2025-09-20 18:00:00+00:00,0.0,0.0,28.8,65.0
2025-09-20 19:00:00+00:00,0.0,0.0,28.1,66.0
2025-09-20 20:00:00+00:00,0.0,0.0,27.3,68.0
2025-09-20 21:00:00+00:00,0.0,0.0,26.6,69.0
2025-09-20 22:00:00+00:00,0.0,0.0,26.1,71.0
2025-09-20 23:00:00+00:00,0.0,0.0,25.7,72.0
2025-09-21 00:00:00+00:00,1.5,0.0,25.4,71.0
2025-09-21 01:00:00+00:00,50.5,0.0,27.1,73.0
2025-09-21 02:00:00+00:00,193.0,0.0,28.1,69.0
2025-09-21 03:00:00+00:00,387.5,0.0,30.2,61.0
2025-09-21 04:00:00+00:00,565.0,7.0,32.3,54.0
2025-09-21 05:00:00+00:00,684.5,11.0,33.9,45.0
2025-09-21 06:00:00+00:00,734.0,14.0,35.1,40.0
2025-09-21 07:00:00+00:00,742.5,6.0,35.8,37.0
2025-09-21 08:00:00+00:00,702.0,16.0,36.3,35.0
2025-09-21 09:00:00+00:00,599.5,21.0,36.4,34.0
2025-09-21 10:00:00+00:00,449.5,20.0,36.1,35.0
2025-09-21 11:00:00+00:00,267.5,25.0,35.3,38.0
2025-09-21 12:00:00+00:00,101.0,6.0,34.2,43.0
2025-09-21 13:00:00+00:00,14.0,7.0,33.2,44.0
2025-09-21 14:00:00+00:00,0.0,7.0,32.8,44.0
2025-09-21 15:00:00+00:00,0.0,2.0,32.2,46.0
2025-09-21 16:00:00+00:00,0.0,2.0,31.1,51.0
2025-09-21 17:00:00+00:00,0.0,0.0,30.4,55.0
2025-09-21 18:00:00+00:00,0.0,0.0,29.7,57.0
2025-09-21 19:00:00+00:00,0.0,0.0,28.7,62.0
2025-09-21 20:00:00+00:00,0.0,0.0,27.9,65.0
2025-09-21 21:00:00+00:00,0.0,0.0,27.3,67.0
2025-09-21 22:00:00+00:00,0.0,0.0,26.9,67.0
2025-09-21 23:00:00+00:00,0.0,0.0,26.5,68.0
2025-09-22 00:00:00+00:00,1.5,0.0,26.1,68.0
2025-09-22 01:00:00+00:00,49.5,0.0,27.3,74.0
2025-09-22 02:00:00+00:00,190.5,0.0,28.5,68.0
2025-09-22 03:00:00+00:00,385.0,1.0,30.5,59.0
2025-09-22 04:00:00+00:00,569.0,1.0,32.7,50.0
2025-09-22 05:00:00+00:00,712.0,0.0,34.1,44.0
2025-09-22 06:00:00+00:00,792.0,0.0,35.3,39.0
2025-09-22 07:00:00+00:00,800.0,10.0,36.4,34.0
2025-09-22 08:00:00+00:00,745.5,4.0,36.9,31.0
2025-09-22 09:00:00+00:00,630.5,7.0,36.8,31.0
2025-09-22 10:00:00+00:00,461.5,7.0,36.6,31.0
2025-09-22 11:00:00+00:00,269.0,10.0,35.5,36.0
2025-09-22 12:00:00+00:00,99.5,3.0,34.5,39.0
2025-09-22 13:00:00+00:00,13.5,3.0,34.0,39.0
2025-09-22 14:00:00+00:00,0.0,3.0,33.0,43.0
2025-09-22 15:00:00+00:00,0.0,1.0,32.1,46.0
2025-09-22 16:00:00+00:00,0.0,0.0,31.2,50.0
2025-09-22 17:00:00+00:00,0.0,0.0,30.6,51.0
2025-09-22 18:00:00+00:00,0.0,0.0,30.2,51.0
2025-09-22 19:00:00+00:00,0.0,0.0,29.9,52.0
2025-09-22 20:00:00+00:00,0.0,0.0,28.9,55.0
2025-09-22 21:00:00+00:00,0.0,0.0,27.8,58.0
2025-09-22 22:00:00+00:00,0.0,0.0,27.0,61.0
2025-09-22 23:00:00+00:00,0.0,0.0,26.5,63.0
2025-09-23 00:00:00+00:00,1.5,0.0,26.1,65.0
2025-09-23 01:00:00+00:00,49.0,0.0,27.0,71.0
2025-09-23 02:00:00+00:00,189.5,0.0,27.8,68.0
2025-09-23 03:00:00+00:00,384.0,0.0,29.8,57.0
2025-09-23 04:00:00+00:00,567.5,0.0,32.0,50.0
2025-09-23 05:00:00+00:00,707.5,0.0,33.9,46.0
2025-09-23 06:00:00+00:00,764.5,8.0,35.4,38.0
2025-09-23 07:00:00+00:00,756.5,8.0,36.4,34.0
2025-09-23 08:00:00+00:00,708.0,40.0,36.7,33.0
2025-09-23 09:00:00+00:00,605.0,4.0,36.6,33.0
2025-09-23 10:00:00+00:00,458.5,1.0,36.1,33.0
2025-09-23 11:00:00+00:00,275.0,0.0,35.2,35.0
2025-09-23 12:00:00+00:00,100.5,0.0,34.2,36.0
2025-09-23 13:00:00+00:00,13.0,3.0,33.2,38.0
2025-09-23 14:00:00+00:00,0.0,3.0,32.6,39.0
2025-09-23 15:00:00+00:00,0.0,1.0,32.2,39.0
2025-09-23 16:00:00+00:00,0.0,1.0,31.5,41.0
2025-09-23 17:00:00+00:00,0.0,1.0,30.9,44.0
2025-09-23 18:00:00+00:00,0.0,1.0,29.6,49.0
2025-09-23 19:00:00+00:00,0.0,0.0,28.4,55.0
2025-09-23 20:00:00+00:00,0.0,0.0,27.9,58.0
2025-09-23 21:00:00+00:00,0.0,0.0,27.3,60.0
2025-09-23 22:00:00+00:00,0.0,0.0,26.7,61.0
2025-09-23 23:00:00+00:00,0.0,0.0,26.3,61.0
2025-09-24 00:00:00+00:00,1.5,0.0,25.8,62.0
2025-09-24 01:00:00+00:00,48.5,0.0,26.3,68.0
2025-09-24 02:00:00+00:00,189.0,0.0,27.2,63.0
2025-09-24 03:00:00+00:00,383.5,0.0,29.1,58.0
2025-09-24 04:00:00+00:00,567.0,0.0,31.1,52.0
2025-09-24 05:00:00+00:00,708.5,0.0,33.0,47.0
2025-09-24 06:00:00+00:00,792.0,0.0,34.6,39.0
2025-09-24 07:00:00+00:00,809.5,0.0,35.5,34.0
2025-09-24 08:00:00+00:00,758.0,0.0,36.0,33.0
2025-09-24 09:00:00+00:00,642.0,0.0,36.1,32.0
2025-09-24 10:00:00+00:00,474.0,0.0,35.7,32.0
2025-09-24 11:00:00+00:00,277.5,0.0,35.0,34.0
2025-09-24 12:00:00+00:00,100.5,0.0,33.7,39.0
2025-09-24 13:00:00+00:00,12.5,0.0,33.1,44.0
2025-09-24 14:00:00+00:00,0.0,0.0,32.5,46.0
2025-09-24 15:00:00+00:00,0.0,0.0,32.0,48.0
2025-09-24 16:00:00+00:00,0.0,0.0,31.2,51.0
2025-09-24 17:00:00+00:00,0.0,0.0,30.3,55.0
2025-09-24 18:00:00+00:00,0.0,0.0,29.4,59.0
2025-09-24 19:00:00+00:00,0.0,0.0,28.5,63.0
2025-09-24 20:00:00+00:00,0.0,0.0,28.0,66.0
2025-09-24 21:00:00+00:00,0.0,0.0,27.5,67.0
2025-09-24 22:00:00+00:00,0.0,0.0,27.0,69.0
2025-09-24 23:00:00+00:00,0.0,0.0,26.4,72.0
2025-09-25 00:00:00+00:00,1.5,0.0,25.9,74.0
2025-09-25 01:00:00+00:00,48.0,0.0,26.0,75.0
2025-09-25 02:00:00+00:00,187.0,0.0,27.0,68.0
2025-09-25 03:00:00+00:00,380.5,0.0,29.2,57.0
2025-09-25 04:00:00+00:00,564.5,0.0,31.7,48.0
2025-09-25 05:00:00+00:00,706.5,0.0,33.7,41.0
2025-09-25 06:00:00+00:00,789.5,0.0,35.0,36.0
2025-09-25 07:00:00+00:00,804.5,0.0,35.8,34.0
2025-09-25 08:00:00+00:00,750.5,0.0,36.1,34.0
2025-09-25 09:00:00+00:00,634.0,0.0,36.2,33.0
2025-09-25 10:00:00+00:00,466.0,0.0,35.9,33.0
2025-09-25 11:00:00+00:00,270.5,0.0,35.1,36.0
2025-09-25 12:00:00+00:00,96.5,0.0,33.8,41.0
2025-09-25 13:00:00+00:00,11.5,0.0,33.0,44.0
2025-09-25 14:00:00+00:00,0.0,0.0,32.4,46.0
2025-09-25 15:00:00+00:00,0.0,0.0,31.7,50.0
2025-09-25 16:00:00+00:00,0.0,0.0,31.0,51.0
2025-09-25 17:00:00+00:00,0.0,0.0,30.4,52.0
2025-09-25 18:00:00+00:00,0.0,0.0,29.9,53.0
2025-09-25 19:00:00+00:00,0.0,0.0,29.3,54.0
2025-09-25 20:00:00+00:00,0.0,0.0,28.5,57.0
2025-09-25 21:00:00+00:00,0.0,0.0,27.6,61.0
2025-09-25 22:00:00+00:00,0.0,0.0,26.7,66.0
2025-09-25 23:00:00+00:00,0.0,0.0,26.2,69.0
2025-09-26 00:00:00+00:00,1.0,0.0,25.8,71.0
2025-09-26 01:00:00+00:00,47.0,0.0,26.7,76.0
2025-09-26 02:00:00+00:00,187.0,0.0,27.7,72.0
2025-09-26 03:00:00+00:00,382.5,0.0,29.8,62.0
2025-09-26 04:00:00+00:00,567.0,0.0,32.5,50.0
2025-09-26 05:00:00+00:00,709.5,0.0,34.4,40.0
2025-09-26 06:00:00+00:00,794.0,0.0,35.6,36.0
2025-09-26 07:00:00+00:00,810.0,0.0,36.4,33.0
2025-09-26 08:00:00+00:00,755.5,0.0,36.9,31.0
2025-09-26 09:00:00+00:00,636.0,0.0,37.0,30.0
2025-09-26 10:00:00+00:00,465.5,0.0,36.6,32.0
2025-09-26 11:00:00+00:00,268.5,0.0,35.4,39.0
2025-09-26 12:00:00+00:00,94.0,0.0,34.2,45.0
2025-09-26 13:00:00+00:00,10.5,0.0,33.5,49.0
2025-09-26 14:00:00+00:00,0.0,0.0,33.0,51.0
2025-09-26 15:00:00+00:00,0.0,0.0,32.3,55.0
2025-09-26 16:00:00+00:00,0.0,0.0,31.6,58.0
2025-09-26 17:00:00+00:00,0.0,0.0,31.0,59.0
2025-09-26 18:00:00+00:00,0.0,0.0,30.4,59.0
2025-09-26 19:00:00+00:00,0.0,0.0,29.6,61.0
2025-09-26 20:00:00+00:00,0.0,0.0,29.1,62.0
2025-09-26 21:00:00+00:00,0.0,0.0,28.7,63.0
2025-09-26 22:00:00+00:00,0.0,0.0,28.2,65.0
2025-09-26 23:00:00+00:00,0.0,0.0,27.8,67.0
2025-09-27 00:00:00+00:00,1.0,0.0,27.2,70.0
2025-09-27 01:00:00+00:00,45.5,1.0,28.1,73.0
2025-09-27 02:00:00+00:00,180.5,10.0,29.1,69.0
2025-09-27 03:00:00+00:00,370.0,7.0,31.3,60.0
2025-09-27 04:00:00+00:00,550.0,27.0,33.4,51.0
2025-09-27 05:00:00+00:00,688.0,46.0,35.0,44.0
2025-09-27 06:00:00+00:00,767.0,10.0,36.5,39.0
2025-09-27 07:00:00+00:00,772.5,0.0,37.7,35.0
2025-09-27 08:00:00+00:00,708.0,10.0,38.6,33.0
2025-09-27 09:00:00+00:00,572.5,25.0,38.7,32.0
2025-09-27 10:00:00+00:00,390.0,45.0,37.3,35.0
2025-09-27 11:00:00+00:00,220.5,46.0,36.0,38.0
2025-09-27 12:00:00+00:00,81.5,10.0,34.9,45.0
2025-09-27 13:00:00+00:00,9.0,20.0,34.5,45.0
2025-09-27 14:00:00+00:00,0.0,48.0,33.4,53.0
2025-09-27 15:00:00+00:00,0.0,51.0,33.0,56.0
2025-09-27 16:00:00+00:00,0.0,67.0,32.0,60.0
2025-09-27 17:00:00+00:00,0.0,5.0,31.3,65.0
2025-09-27 18:00:00+00:00,0.0,7.0,30.8,69.0
2025-09-27 19:00:00+00:00,0.0,19.0,30.4,71.0
2025-09-27 20:00:00+00:00,0.0,31.0,30.1,71.0
2025-09-27 21:00:00+00:00,0.0,3.0,29.6,72.0
2025-09-27 22:00:00+00:00,0.0,5.0,29.0,74.0
2025-09-27 23:00:00+00:00,0.0,1.0,28.6,76.0
2025-09-28 00:00:00+00:00,1.0,7.0,28.3,77.0
2025-09-28 01:00:00+00:00,42.5,1.0,29.3,75.0
2025-09-28 02:00:00+00:00,173.5,0.0,30.0,71.0
2025-09-28 03:00:00+00:00,359.5,1.0,31.2,66.0
2025-09-28 04:00:00+00:00,535.5,0.0,32.6,59.0
2025-09-28 05:00:00+00:00,656.0,10.0,34.2,50.0
2025-09-28 06:00:00+00:00,716.5,6.0,35.4,43.0
2025-09-28 07:00:00+00:00,728.5,18.0,36.0,41.0
2025-09-28 08:00:00+00:00,686.0,9.0,36.3,42.0
2025-09-28 09:00:00+00:00,582.0,13.0,36.5,41.0
2025-09-28 10:00:00+00:00,422.0,15.0,36.3,42.0
2025-09-28 11:00:00+00:00,238.5,12.0,35.7,44.0
2025-09-28 12:00:00+00:00,81.0,7.0,34.7,48.0
2025-09-28 13:00:00+00:00,8.5,8.0,33.4,55.0
2025-09-28 14:00:00+00:00,0.0,3.0,32.8,58.0
2025-09-28 15:00:00+00:00,0.0,2.0,32.5,59.0
2025-09-28 16:00:00+00:00,0.0,2.0,32.0,62.0
2025-09-28 17:00:00+00:00,0.0,1.0,31.2,66.0
2025-09-28 18:00:00+00:00,0.0,0.0,30.5,70.0
2025-09-28 19:00:00+00:00,0.0,0.0,29.9,73.0
2025-09-28 20:00:00+00:00,0.0,0.0,29.4,74.0
2025-09-28 21:00:00+00:00,0.0,0.0,28.9,76.0
2025-09-28 22:00:00+00:00,0.0,0.0,28.5,78.0
2025-09-28 23:00:00+00:00,0.0,0.0,28.1,79.0
2025-09-29 00:00:00+00:00,1.0,0.0,27.8,81.0
2025-09-29 01:00:00+00:00,42.5,4.0,28.3,76.0
2025-09-29 02:00:00+00:00,173.0,4.0,29.0,74.0
2025-09-29 03:00:00+00:00,360.0,3.0,30.6,68.0
2025-09-29 04:00:00+00:00,535.5,1.0,32.4,58.0
2025-09-29 05:00:00+00:00,644.5,14.0,33.7,51.0
2025-09-29 06:00:00+00:00,689.5,22.0,34.8,45.0
2025-09-29 07:00:00+00:00,701.0,26.0,35.5,41.0
2025-09-29 08:00:00+00:00,665.5,21.0,36.1,40.0
2025-09-29 09:00:00+00:00,564.5,16.0,36.2,39.0
2025-09-29 10:00:00+00:00,407.5,11.0,36.3,39.0
2025-09-29 11:00:00+00:00,227.0,37.0,35.9,39.0
2025-09-29 12:00:00+00:00,75.0,23.0,34.7,43.0
2025-09-29 13:00:00+00:00,7.5,21.0,34.0,46.0
2025-09-29 14:00:00+00:00,0.0,9.0,33.1,49.0
2025-09-29 15:00:00+00:00,0.0,18.0,32.3,52.0
2025-09-29 16:00:00+00:00,0.0,0.0,31.9,55.0
2025-09-29 17:00:00+00:00,0.0,3.0,31.3,58.0
2025-09-29 18:00:00+00:00,0.0,2.0,30.2,65.0
2025-09-29 19:00:00+00:00,0.0,6.0,29.4,71.0
2025-09-29 20:00:00+00:00,0.0,0.0,28.8,74.0
2025-09-29 21:00:00+00:00,0.0,1.0,28.6,75.0
2025-09-29 22:00:00+00:00,0.0,50.0,26.6,83.0
2025-09-29 23:00:00+00:00,0.0,89.0,24.4,93.0
2025-09-30 00:00:00+00:00,0.5,83.0,24.6,92.0
2025-09-30 01:00:00+00:00,33.5,28.0,27.3,81.0
2025-09-30 02:00:00+00:00,137.5,100.0,28.2,77.0
2025-09-30 03:00:00+00:00,326.5,33.0,29.7,71.0
2025-09-30 04:00:00+00:00,515.0,69.0,31.9,60.0
2025-09-30 05:00:00+00:00,611.0,98.0,33.4,52.0
2025-09-30 06:00:00+00:00,612.0,100.0,34.4,47.0
2025-09-30 07:00:00+00:00,518.0,100.0,34.8,45.0
2025-09-30 08:00:00+00:00,453.5,99.0,34.4,46.0
2025-09-30 09:00:00+00:00,347.5,96.0,34.4,45.0
2025-09-30 10:00:00+00:00,201.5,98.0,33.6,47.0
2025-09-30 11:00:00+00:00,135.5,87.0,33.3,48.0
2025-09-30 12:00:00+00:00,56.5,99.0,33.0,49.0
2025-09-30 13:00:00+00:00,4.5,99.0,32.5,52.0
2025-09-30 14:00:00+00:00,0.0,44.0,31.8,56.0
2025-09-30 15:00:00+00:00,0.0,91.0,31.1,61.0
2025-09-30 16:00:00+00:00,0.0,89.0,30.3,66.0
2025-09-30 17:00:00+00:00,0.0,41.0,29.8,69.0
2025-09-30 18:00:00+00:00,0.0,72.0,29.2,71.0
2025-09-30 19:00:00+00:00,0.0,54.0,28.8,72.0
2025-09-30 20:00:00+00:00,0.0,100.0,28.5,73.0
2025-09-30 21:00:00+00:00,0.0,0.0,28.0,74.0
2025-09-30 22:00:00+00:00,0.0,16.0,27.5,76.0
2025-09-30 23:00:00+00:00,0.0,19.0,27.1,78.0
2025-10-01 00:00:00+00:00,0.5,98.0,24.6,93.0
2025-10-01 01:00:00+00:00,37.5,15.0,24.5,91.0
2025-10-01 02:00:00+00:00,159.0,7.0,25.3,88.0
2025-10-01 03:00:00+00:00,330.5,14.0,27.0,81.0
2025-10-01 04:00:00+00:00,489.0,20.0,28.5,72.0
2025-10-01 05:00:00+00:00,629.0,9.0,29.9,65.0
2025-10-01 06:00:00+00:00,721.0,31.0,30.7,63.0
2025-10-01 07:00:00+00:00,724.0,34.0,32.1,58.0
2025-10-01 08:00:00+00:00,650.5,94.0,32.7,53.0
2025-10-01 09:00:00+00:00,516.5,35.0,33.5,49.0
2025-10-01 10:00:00+00:00,339.5,63.0,28.5,75.0
2025-10-01 11:00:00+00:00,179.5,30.0,27.9,76.0
2025-10-01 12:00:00+00:00,64.0,49.0,27.8,74.0
2025-10-01 13:00:00+00:00,6.5,29.0,28.2,74.0
2025-10-01 14:00:00+00:00,0.0,19.0,28.2,77.0
2025-10-01 15:00:00+00:00,0.0,13.0,28.0,79.0
2025-10-01 16:00:00+00:00,0.0,9.0,27.9,80.0
2025-10-01 17:00:00+00:00,0.0,4.0,27.7,79.0
2025-10-01 18:00:00+00:00,0.0,14.0,26.4,83.0
2025-10-01 19:00:00+00:00,0.0,7.0,26.6,83.0
2025-10-01 20:00:00+00:00,0.0,9.0,26.5,82.0
2025-10-01 21:00:00+00:00,0.0,6.0,26.3,84.0
2025-10-01 22:00:00+00:00,0.0,15.0,26.2,85.0
2025-10-01 23:00:00+00:00,0.0,43.0,25.3,85.0
2025-10-02 00:00:00+00:00,0.5,22.0,24.4,90.0
2025-10-02 01:00:00+00:00,36.0,7.0,25.1,87.0
2025-10-02 02:00:00+00:00,161.0,2.0,26.4,80.0
2025-10-02 03:00:00+00:00,343.5,2.0,28.7,70.0
2025-10-02 04:00:00+00:00,521.0,1.0,30.3,63.0
2025-10-02 05:00:00+00:00,647.5,5.0,31.7,56.0
2025-10-02 06:00:00+00:00,696.5,55.0,31.1,56.0
2025-10-02 07:00:00+00:00,684.0,24.0,32.4,51.0
2025-10-02 08:00:00+00:00,575.0,57.0,32.3,52.0
2025-10-02 09:00:00+00:00,465.0,45.0,31.6,55.0
2025-10-02 10:00:00+00:00,368.5,30.0,31.9,54.0
2025-10-02 11:00:00+00:00,206.5,77.0,31.5,50.0
2025-10-02 12:00:00+00:00,65.5,39.0,28.8,73.0
2025-10-02 13:00:00+00:00,5.5,40.0,28.0,72.0
2025-10-02 14:00:00+00:00,0.0,96.0,27.7,73.0
2025-10-02 15:00:00+00:00,0.0,100.0,27.8,73.0
2025-10-02 16:00:00+00:00,0.0,75.0,27.7,75.0
2025-10-02 17:00:00+00:00,0.0,94.0,27.3,79.0
2025-10-02 18:00:00+00:00,0.0,7.0,27.2,87.0
2025-10-02 19:00:00+00:00,0.0,100.0,26.5,91.0
2025-10-02 20:00:00+00:00,0.0,43.0,26.4,90.0
2025-10-02 21:00:00+00:00,0.0,37.0,25.9,93.0
2025-10-02 22:00:00+00:00,0.0,16.0,25.4,94.0
2025-10-02 23:00:00+00:00,0.0,9.0,25.0,94.0
2025-10-03 00:00:00+00:00,0.5,0.0,25.0,94.0
2025-10-03 01:00:00+00:00,38.5,0.0,25.1,94.0
2025-10-03 02:00:00+00:00,162.5,2.0,25.8,89.0
2025-10-03 03:00:00+00:00,342.0,20.0,27.4,79.0
2025-10-03 04:00:00+00:00,508.0,22.0,29.1,68.0
2025-10-03 05:00:00+00:00,619.0,95.0,30.5,60.0
2025-10-03 06:00:00+00:00,673.5,58.0,31.1,56.0
2025-10-03 07:00:00+00:00,676.0,69.0,32.5,52.0
2025-10-03 08:00:00+00:00,621.0,54.0,33.2,49.0
2025-10-03 09:00:00+00:00,522.0,47.0,33.6,48.0
2025-10-03 10:00:00+00:00,369.5,22.0,33.5,47.0
2025-10-03 11:00:00+00:00,196.0,37.0,32.5,50.0
2025-10-03 12:00:00+00:00,64.0,40.0,31.6,55.0
2025-10-03 13:00:00+00:00,5.5,12.0,31.1,57.0
2025-10-03 14:00:00+00:00,0.0,10.0,30.8,59.0
2025-10-03 15:00:00+00:00,0.0,86.0,30.3,63.0
2025-10-03 16:00:00+00:00,0.0,18.0,29.5,67.0
2025-10-03 17:00:00+00:00,0.0,86.0,28.8,73.0
2025-10-03 18:00:00+00:00,0.0,93.0,29.0,74.0
2025-10-03 19:00:00+00:00,0.0,91.0,29.0,74.0
2025-10-03 20:00:00+00:00,0.0,48.0,28.0,78.0
2025-10-03 21:00:00+00:00,0.0,100.0,27.0,83.0
2025-10-03 22:00:00+00:00,0.0,100.0,26.5,85.0
2025-10-03 23:00:00+00:00,0.0,98.0,26.3,86.0
2025-10-04 00:00:00+00:00,0.5,83.0,26.8,83.0
2025-10-04 01:00:00+00:00,38.5,2.0,27.0,81.0
2025-10-04 02:00:00+00:00,164.5,2.0,27.6,76.0
2025-10-04 03:00:00+00:00,349.5,0.0,29.5,64.0
2025-10-04 04:00:00+00:00,526.0,2.0,31.2,53.0
2025-10-04 05:00:00+00:00,663.0,1.0,32.6,47.0
2025-10-04 06:00:00+00:00,723.5,16.0,33.3,45.0
2025-10-04 07:00:00+00:00,718.5,13.0,34.2,40.0
2025-10-04 08:00:00+00:00,656.0,16.0,34.6,38.0
2025-10-04 09:00:00+00:00,532.5,16.0,34.6,37.0
2025-10-04 10:00:00+00:00,382.5,6.0,34.3,39.0
2025-10-04 11:00:00+00:00,213.5,16.0,33.6,42.0
2025-10-04 12:00:00+00:00,68.0,2.0,32.3,47.0
2025-10-04 13:00:00+00:00,5.5,0.0,31.3,52.0
2025-10-04 14:00:00+00:00,0.0,0.0,30.6,56.0
2025-10-04 15:00:00+00:00,0.0,0.0,30.3,57.0
2025-10-04 16:00:00+00:00,0.0,0.0,30.0,58.0
2025-10-04 17:00:00+00:00,0.0,0.0,29.1,62.0
2025-10-04 18:00:00+00:00,0.0,0.0,28.3,65.0
2025-10-04 19:00:00+00:00,0.0,0.0,27.6,67.0
2025-10-04 20:00:00+00:00,0.0,0.0,27.0,69.0
2025-10-04 21:00:00+00:00,0.0,0.0,26.4,70.0
2025-10-04 22:00:00+00:00,0.0,0.0,25.7,73.0
2025-10-04 23:00:00+00:00,0.0,0.0,25.2,76.0
2025-10-05 00:00:00+00:00,0.5,0.0,25.4,85.0
2025-10-05 01:00:00+00:00,39.0,0.0,25.6,82.0
2025-10-05 02:00:00+00:00,166.0,0.0,26.5,75.0
2025-10-05 03:00:00+00:00,351.5,0.0,28.4,64.0
2025-10-05 04:00:00+00:00,527.0,0.0,30.4,58.0
2025-10-05 05:00:00+00:00,647.0,5.0,31.8,51.0
2025-10-05 06:00:00+00:00,680.0,34.0,31.0,50.0
2025-10-05 07:00:00+00:00,678.0,10.0,32.2,48.0
2025-10-05 08:00:00+00:00,645.0,20.0,33.4,42.0
2025-10-05 09:00:00+00:00,532.0,22.0,33.9,37.0
2025-10-05 10:00:00+00:00,377.5,8.0,33.7,38.0
2025-10-05 11:00:00+00:00,210.5,7.0,32.9,41.0
2025-10-05 12:00:00+00:00,67.0,9.0,32.4,44.0
2025-10-05 13:00:00+00:00,5.0,12.0,31.1,50.0
2025-10-05 14:00:00+00:00,0.0,6.0,30.4,57.0
2025-10-05 15:00:00+00:00,0.0,5.0,29.7,58.0
2025-10-05 16:00:00+00:00,0.0,5.0,28.9,60.0
2025-10-05 17:00:00+00:00,0.0,1.0,28.0,68.0
2025-10-05 18:00:00+00:00,0.0,91.0,23.7,82.0
2025-10-05 19:00:00+00:00,0.0,99.0,22.6,90.0
2025-10-05 20:00:00+00:00,0.0,70.0,22.8,91.0
2025-10-05 21:00:00+00:00,0.0,60.0,22.8,92.0
2025-10-05 22:00:00+00:00,0.0,91.0,22.9,91.0
2025-10-05 23:00:00+00:00,0.0,52.0,22.8,91.0
2025-10-06 00:00:00+00:00,0.5,0.0,24.2,83.0
2025-10-06 01:00:00+00:00,37.5,0.0,24.3,83.0
2025-10-06 02:00:00+00:00,134.0,92.0,25.0,76.0
2025-10-06 03:00:00+00:00,149.5,100.0,26.1,70.0
2025-10-06 04:00:00+00:00,142.0,99.0,26.1,70.0
2025-10-06 05:00:00+00:00,179.0,100.0,27.0,67.0
2025-10-06 06:00:00+00:00,122.0,100.0,29.2,52.0
2025-10-06 07:00:00+00:00,119.0,100.0,25.5,73.0
2025-10-06 08:00:00+00:00,111.0,100.0,24.8,81.0
2025-10-06 09:00:00+00:00,106.0,95.0,23.5,93.0
2025-10-06 10:00:00+00:00,129.0,100.0,24.5,86.0
2025-10-06 11:00:00+00:00,86.5,68.0,24.3,86.0
2025-10-06 12:00:00+00:00,43.5,15.0,23.6,90.0
2025-10-06 13:00:00+00:00,4.5,100.0,22.7,95.0
2025-10-06 14:00:00+00:00,0.0,100.0,22.7,94.0
2025-10-06 15:00:00+00:00,0.0,27.0,22.6,94.0
2025-10-06 16:00:00+00:00,0.0,100.0,22.4,96.0
2025-10-06 17:00:00+00:00,0.0,24.0,22.3,96.0
2025-10-06 18:00:00+00:00,0.0,97.0,22.6,96.0
2025-10-06 19:00:00+00:00,0.0,72.0,22.7,96.0
2025-10-06 20:00:00+00:00,0.0,34.0,22.1,97.0
2025-10-06 21:00:00+00:00,0.0,100.0,21.7,98.0
2025-10-06 22:00:00+00:00,0.0,100.0,22.1,98.0
2025-10-06 23:00:00+00:00,0.0,77.0,22.3,96.0
2025-10-07 00:00:00+00:00,0.5,80.0,22.1,97.0
2025-10-07 01:00:00+00:00,29.0,79.0,22.0,98.0
2025-10-07 02:00:00+00:00,95.5,83.0,22.5,92.0
2025-10-07 03:00:00+00:00,249.5,52.0,23.1,90.0
2025-10-07 04:00:00+00:00,421.5,23.0,24.3,85.0
2025-10-07 05:00:00+00:00,530.0,22.0,25.6,80.0
2025-10-07 06:00:00+00:00,617.0,42.0,26.9,68.0
2025-10-07 07:00:00+00:00,656.5,27.0,27.5,67.0
2025-10-07 08:00:00+00:00,635.0,15.0,28.2,65.0
2025-10-07 09:00:00+00:00,516.5,85.0,28.5,63.0
2025-10-07 10:00:00+00:00,348.0,38.0,26.3,71.0
2025-10-07 11:00:00+00:00,175.5,71.0,25.7,74.0
2025-10-07 12:00:00+00:00,41.5,70.0,22.3,83.0
2025-10-07 13:00:00+00:00,2.0,24.0,21.9,87.0
2025-10-07 14:00:00+00:00,0.0,3.0,21.4,92.0
2025-10-07 15:00:00+00:00,0.0,4.0,21.1,93.0
2025-10-07 16:00:00+00:00,0.0,10.0,21.0,95.0
2025-10-07 17:00:00+00:00,0.0,15.0,20.7,96.0
2025-10-07 18:00:00+00:00,0.0,27.0,21.0,98.0
2025-10-07 19:00:00+00:00,0.0,11.0,21.1,98.0
2025-10-07 20:00:00+00:00,0.0,15.0,21.1,97.0
2025-10-07 21:00:00+00:00,0.0,27.0,21.0,97.0
2025-10-07 22:00:00+00:00,0.0,91.0,20.8,98.0
2025-10-07 23:00:00+00:00,0.0,100.0,20.6,98.0
2025-10-08 00:00:00+00:00,0.5,97.0,20.4,99.0
2025-10-08 01:00:00+00:00,22.5,100.0,20.7,97.0
2025-10-08 02:00:00+00:00,94.5,79.0,21.3,94.0
2025-10-08 03:00:00+00:00,229.5,35.0,22.3,86.0
2025-10-08 04:00:00+00:00,397.5,48.0,23.2,84.0
2025-10-08 05:00:00+00:00,533.0,98.0,24.1,80.0
2025-10-08 06:00:00+00:00,586.5,92.0,24.9,76.0
2025-10-08 07:00:00+00:00,496.5,100.0,25.7,70.0
2025-10-08 08:00:00+00:00,349.0,100.0,25.7,67.0
2025-10-08 09:00:00+00:00,307.5,73.0,24.5,71.0
2025-10-08 10:00:00+00:00,308.0,9.0,23.6,77.0
2025-10-08 11:00:00+00:00,204.0,7.0,24.2,76.0
2025-10-08 12:00:00+00:00,60.5,20.0,24.0,81.0
2025-10-08 13:00:00+00:00,3.5,15.0,23.7,82.0
2025-10-08 14:00:00+00:00,0.0,8.0,23.4,82.0
2025-10-08 15:00:00+00:00,0.0,1.0,22.8,83.0
2025-10-08 16:00:00+00:00,0.0,0.0,22.0,86.0
2025-10-08 17:00:00+00:00,0.0,2.0,21.4,88.0
2025-10-08 18:00:00+00:00,0.0,12.0,21.8,89.0
2025-10-08 19:00:00+00:00,0.0,5.0,22.0,89.0
2025-10-08 20:00:00+00:00,0.0,2.0,21.7,91.0
2025-10-08 21:00:00+00:00,0.0,0.0,21.4,92.0
2025-10-08 22:00:00+00:00,0.0,0.0,21.1,93.0
2025-10-08 23:00:00+00:00,0.0,0.0,20.7,94.0
2025-10-09 00:00:00+00:00,0.5,6.0,20.6,92.0
2025-10-09 01:00:00+00:00,35.5,1.0,20.8,92.0
2025-10-09 02:00:00+00:00,156.5,0.0,21.4,91.0
2025-10-09 03:00:00+00:00,340.5,0.0,22.7,88.0
2025-10-09 04:00:00+00:00,485.0,24.0,24.2,83.0
2025-10-09 05:00:00+00:00,591.5,17.0,25.0,78.0
2025-10-09 06:00:00+00:00,677.5,13.0,26.4,68.0
2025-10-09 07:00:00+00:00,698.0,30.0,27.5,58.0
2025-10-09 08:00:00+00:00,648.0,13.0,28.2,50.0
2025-10-09 09:00:00+00:00,536.0,13.0,28.2,49.0
2025-10-09 10:00:00+00:00,380.0,5.0,28.0,49.0
2025-10-09 11:00:00+00:00,204.0,5.0,27.4,53.0
2025-10-09 12:00:00+00:00,61.5,11.0,26.3,61.0
2025-10-09 13:00:00+00:00,3.5,9.0,24.6,66.0
2025-10-09 14:00:00+00:00,0.0,2.0,23.8,68.0
2025-10-09 15:00:00+00:00,0.0,0.0,23.1,69.0
2025-10-09 16:00:00+00:00,0.0,0.0,22.5,70.0
2025-10-09 17:00:00+00:00,0.0,0.0,21.8,73.0
2025-10-09 18:00:00+00:00,0.0,0.0,21.8,79.0
2025-10-09 19:00:00+00:00,0.0,0.0,21.5,80.0
2025-10-09 20:00:00+00:00,0.0,0.0,21.0,81.0
2025-10-09 21:00:00+00:00,0.0,0.0,20.6,82.0
2025-10-09 22:00:00+00:00,0.0,0.0,20.1,83.0
2025-10-09 23:00:00+00:00,0.0,0.0,19.5,85.0
2025-10-10 00:00:00+00:00,0.5,0.0,19.4,89.0
2025-10-10 01:00:00+00:00,37.0,0.0,19.5,89.0
2025-10-10 02:00:00+00:00,162.5,0.0,20.5,86.0
2025-10-10 03:00:00+00:00,349.0,0.0,22.1,81.0
2025-10-10 04:00:00+00:00,528.5,0.0,24.0,75.0
2025-10-10 05:00:00+00:00,666.5,0.0,25.7,65.0
2025-10-10 06:00:00+00:00,735.0,0.0,27.0,56.0
2025-10-10 07:00:00+00:00,737.5,2.0,27.8,51.0
2025-10-10 08:00:00+00:00,679.5,2.0,28.3,46.0
2025-10-10 09:00:00+00:00,559.5,0.0,28.5,43.0
2025-10-10 10:00:00+00:00,395.0,0.0,28.4,43.0
2025-10-10 11:00:00+00:00,208.5,0.0,27.8,48.0
2025-10-10 12:00:00+00:00,60.5,0.0,26.3,55.0
2025-10-10 13:00:00+00:00,3.5,0.0,24.4,61.0
2025-10-10 14:00:00+00:00,0.0,0.0,23.3,67.0
2025-10-10 15:00:00+00:00,0.0,0.0,23.0,66.0
2025-10-10 16:00:00+00:00,0.0,0.0,22.5,68.0
2025-10-10 17:00:00+00:00,0.0,0.0,22.4,67.0
2025-10-10 18:00:00+00:00,0.0,0.0,21.8,73.0
2025-10-10 19:00:00+00:00,0.0,0.0,21.4,74.0
2025-10-10 20:00:00+00:00,0.0,0.0,20.5,79.0
2025-10-10 21:00:00+00:00,0.0,0.0,19.9,82.0
2025-10-10 22:00:00+00:00,0.0,0.0,19.6,82.0
2025-10-10 23:00:00+00:00,0.0,0.0,19.2,83.0
2025-10-11 00:00:00+00:00,0.0,0.0,19.4,88.0
2025-10-11 01:00:00+00:00,34.5,0.0,19.9,85.0
2025-10-11 02:00:00+00:00,155.0,0.0,20.8,83.0
2025-10-11 03:00:00+00:00,336.0,1.0,22.7,78.0
2025-10-11 04:00:00+00:00,513.0,0.0,25.0,68.0
2025-10-11 05:00:00+00:00,579.5,43.0,26.6,58.0
2025-10-11 06:00:00+00:00,622.5,18.0,27.2,53.0
2025-10-11 07:00:00+00:00,669.0,26.0,28.0,50.0
2025-10-11 08:00:00+00:00,606.0,29.0,28.8,47.0
2025-10-11 09:00:00+00:00,492.5,26.0,29.0,44.0
2025-10-11 10:00:00+00:00,352.5,32.0,28.8,44.0
2025-10-11 11:00:00+00:00,191.0,10.0,27.9,50.0
2025-10-11 12:00:00+00:00,56.5,13.0,27.0,59.0
2025-10-11 13:00:00+00:00,3.0,9.0,25.3,65.0
2025-10-11 14:00:00+00:00,0.0,9.0,24.4,67.0
2025-10-11 15:00:00+00:00,0.0,12.0,23.7,69.0
2025-10-11 16:00:00+00:00,0.0,16.0,23.0,70.0
2025-10-11 17:00:00+00:00,0.0,20.0,22.5,72.0
2025-10-11 18:00:00+00:00,0.0,41.0,23.2,73.0
2025-10-11 19:00:00+00:00,0.0,20.0,23.1,73.0
2025-10-11 20:00:00+00:00,0.0,0.0,22.3,77.0
2025-10-11 21:00:00+00:00,0.0,1.0,21.6,78.0
2025-10-11 22:00:00+00:00,0.0,0.0,21.0,78.0
2025-10-11 23:00:00+00:00,0.0,0.0,20.5,79.0
2025-10-12 00:00:00+00:00,0.0,0.0,20.6,86.0
2025-10-12 01:00:00+00:00,34.5,0.0,21.0,84.0
2025-10-12 02:00:00+00:00,156.0,0.0,22.1,79.0
2025-10-12 03:00:00+00:00,339.0,0.0,23.7,75.0
2025-10-12 04:00:00+00:00,516.5,0.0,25.6,68.0
2025-10-12 05:00:00+00:00,653.0,0.0,27.5,59.0
2025-10-12 06:00:00+00:00,729.0,0.0,29.0,49.0
2025-10-12 07:00:00+00:00,737.5,0.0,30.1,42.0
2025-10-12 08:00:00+00:00,678.5,1.0,30.6,39.0
2025-10-12 09:00:00+00:00,556.0,1.0,30.7,38.0
2025-10-12 10:00:00+00:00,386.5,0.0,30.3,39.0
2025-10-12 11:00:00+00:00,200.0,1.0,29.6,43.0
2025-10-12 12:00:00+00:00,56.0,3.0,28.0,48.0
2025-10-12 13:00:00+00:00,2.5,0.0,26.3,56.0
2025-10-12 14:00:00+00:00,0.0,1.0,25.5,61.0
2025-10-12 15:00:00+00:00,0.0,1.0,25.0,63.0
2025-10-12 16:00:00+00:00,0.0,1.0,24.4,65.0
2025-10-12 17:00:00+00:00,0.0,1.0,23.4,69.0
2025-10-12 18:00:00+00:00,0.0,0.0,22.9,74.0
2025-10-12 19:00:00+00:00,0.0,0.0,22.9,73.0
2025-10-12 20:00:00+00:00,0.0,0.0,22.3,74.0
2025-10-12 21:00:00+00:00,0.0,0.0,22.1,73.0
2025-10-12 22:00:00+00:00,0.0,0.0,21.9,72.0
2025-10-12 23:00:00+00:00,0.0,0.0,21.6,72.0
2025-10-13 00:00:00+00:00,0.0,0.0,20.4,85.0
2025-10-13 01:00:00+00:00,34.0,0.0,20.5,86.0
2025-10-13 02:00:00+00:00,155.5,0.0,21.8,81.0
2025-10-13 03:00:00+00:00,339.0,0.0,23.8,73.0
2025-10-13 04:00:00+00:00,516.0,0.0,26.1,63.0
2025-10-13 05:00:00+00:00,651.5,0.0,28.3,52.0
2025-10-13 06:00:00+00:00,728.5,0.0,29.7,41.0
2025-10-13 07:00:00+00:00,738.0,0.0,30.9,36.0
2025-10-13 08:00:00+00:00,678.0,0.0,31.5,34.0
2025-10-13 09:00:00+00:00,555.0,1.0,31.7,33.0
2025-10-13 10:00:00+00:00,384.5,5.0,31.6,33.0
2025-10-13 11:00:00+00:00,197.0,12.0,30.9,34.0
2025-10-13 12:00:00+00:00,54.5,0.0,28.7,53.0
2025-10-13 13:00:00+00:00,2.5,0.0,27.4,53.0
2025-10-13 14:00:00+00:00,0.0,0.0,27.0,54.0
2025-10-13 15:00:00+00:00,0.0,0.0,26.2,55.0
2025-10-13 16:00:00+00:00,0.0,0.0,25.2,59.0
2025-10-13 17:00:00+00:00,0.0,0.0,24.1,63.0
2025-10-13 18:00:00+00:00,0.0,3.0,23.1,73.0
2025-10-13 19:00:00+00:00,0.0,6.0,22.9,73.0
2025-10-13 20:00:00+00:00,0.0,0.0,23.0,70.0
2025-10-13 21:00:00+00:00,0.0,0.0,22.4,71.0
2025-10-13 22:00:00+00:00,0.0,0.0,21.8,70.0
2025-10-13 23:00:00+00:00,0.0,0.0,21.2,72.0
2025-10-14 00:00:00+00:00,0.0,0.0,21.1,78.0
2025-10-14 01:00:00+00:00,33.5,0.0,21.3,80.0
2025-10-14 02:00:00+00:00,154.5,0.0,22.8,73.0
2025-10-14 03:00:00+00:00,339.0,0.0,25.1,65.0
2025-10-14 04:00:00+00:00,517.5,0.0,27.7,52.0
2025-10-14 05:00:00+00:00,653.5,0.0,29.6,36.0
2025-10-14 06:00:00+00:00,731.0,0.0,30.3,33.0
2025-10-14 07:00:00+00:00,740.0,0.0,31.3,31.0
2025-10-14 08:00:00+00:00,678.5,0.0,31.9,29.0
2025-10-14 09:00:00+00:00,554.5,0.0,32.0,29.0
2025-10-14 10:00:00+00:00,383.5,0.0,31.8,29.0
2025-10-14 11:00:00+00:00,196.0,0.0,31.1,30.0
2025-10-14 12:00:00+00:00,53.5,0.0,29.5,33.0
2025-10-14 13:00:00+00:00,2.0,0.0,27.9,45.0
2025-10-14 14:00:00+00:00,0.0,0.0,27.4,45.0
2025-10-14 15:00:00+00:00,0.0,0.0,26.7,47.0
2025-10-14 16:00:00+00:00,0.0,0.0,25.9,50.0
2025-10-14 17:00:00+00:00,0.0,0.0,25.6,50.0
2025-10-14 18:00:00+00:00,0.0,0.0,25.0,59.0
2025-10-14 19:00:00+00:00,0.0,0.0,24.6,60.0
2025-10-14 20:00:00+00:00,0.0,0.0,24.3,59.0
2025-10-14 21:00:00+00:00,0.0,0.0,24.3,59.0
2025-10-14 22:00:00+00:00,0.0,0.0,23.9,60.0
2025-10-14 23:00:00+00:00,0.0,0.0,23.2,62.0
2025-10-15 00:00:00+00:00,0.0,0.0,21.8,73.0
2025-10-15 01:00:00+00:00,32.5,0.0,21.2,77.0
2025-10-15 02:00:00+00:00,152.5,0.0,22.6,71.0
2025-10-15 03:00:00+00:00,336.0,0.0,25.0,61.0
2025-10-15 04:00:00+00:00,512.5,0.0,27.5,50.0
2025-10-15 05:00:00+00:00,647.0,0.0,29.6,35.0
2025-10-15 06:00:00+00:00,722.5,0.0,30.5,31.0
2025-10-15 07:00:00+00:00,729.5,0.0,31.3,28.0
2025-10-15 08:00:00+00:00,667.5,0.0,31.8,28.0
2025-10-15 09:00:00+00:00,545.5,3.0,31.9,28.0
2025-10-15 10:00:00+00:00,376.0,4.0,31.6,28.0
2025-10-15 11:00:00+00:00,190.0,3.0,30.9,29.0
2025-10-15 12:00:00+00:00,51.5,0.0,29.5,33.0
2025-10-15 13:00:00+00:00,2.0,0.0,27.5,46.0
2025-10-15 14:00:00+00:00,0.0,0.0,27.2,48.0
2025-10-15 15:00:00+00:00,0.0,0.0,26.4,46.0
2025-10-15 16:00:00+00:00,0.0,0.0,25.7,48.0
2025-10-15 17:00:00+00:00,0.0,0.0,25.4,48.0
2025-10-15 18:00:00+00:00,0.0,0.0,24.2,58.0
2025-10-15 19:00:00+00:00,0.0,0.0,23.1,64.0
2025-10-15 20:00:00+00:00,0.0,0.0,22.2,67.0
2025-10-15 21:00:00+00:00,0.0,0.0,21.3,71.0
2025-10-15 22:00:00+00:00,0.0,0.0,20.8,70.0
2025-10-15 23:00:00+00:00,0.0,0.0,20.3,70.0
2025-10-16 00:00:00+00:00,0.0,0.0,20.2,75.0
2025-10-16 01:00:00+00:00,32.0,0.0,20.5,72.0
2025-10-16 02:00:00+00:00,150.5,0.0,22.0,65.0
2025-10-16 03:00:00+00:00,332.5,0.0,24.6,57.0
2025-10-16 04:00:00+00:00,509.0,0.0,27.5,46.0
2025-10-16 05:00:00+00:00,644.0,0.0,29.4,38.0
2025-10-16 06:00:00+00:00,719.5,0.0,30.3,34.0
2025-10-16 07:00:00+00:00,727.5,0.0,31.1,32.0
2025-10-16 08:00:00+00:00,666.5,0.0,31.5,32.0
2025-10-16 09:00:00+00:00,542.5,0.0,31.7,32.0
2025-10-16 10:00:00+00:00,372.0,0.0,31.4,33.0
2025-10-16 11:00:00+00:00,187.0,0.0,30.7,35.0
2025-10-16 12:00:00+00:00,49.5,0.0,29.5,36.0
2025-10-16 13:00:00+00:00,1.5,0.0,28.0,42.0
2025-10-16 14:00:00+00:00,0.0,0.0,27.0,50.0
2025-10-16 15:00:00+00:00,0.0,0.0,26.7,51.0
2025-10-16 16:00:00+00:00,0.0,0.0,26.4,53.0
2025-10-16 17:00:00+00:00,0.0,0.0,26.0,54.0
2025-10-16 18:00:00+00:00,0.0,0.0,25.8,56.0
2025-10-16 19:00:00+00:00,0.0,0.0,25.2,56.0
2025-10-16 20:00:00+00:00,0.0,0.0,24.0,59.0
2025-10-16 21:00:00+00:00,0.0,0.0,22.3,66.0
2025-10-16 22:00:00+00:00,0.0,0.0,21.1,71.0
2025-10-16 23:00:00+00:00,0.0,0.0,20.4,74.0
2025-10-17 00:00:00+00:00,0.0,0.0,20.7,77.0
2025-10-17 01:00:00+00:00,30.5,0.0,20.8,77.0
2025-10-17 02:00:00+00:00,145.5,0.0,22.0,71.0
2025-10-17 03:00:00+00:00,324.0,0.0,24.4,61.0
2025-10-17 04:00:00+00:00,498.0,0.0,27.2,50.0
2025-10-17 05:00:00+00:00,632.0,0.0,29.5,45.0
2025-10-17 06:00:00+00:00,707.0,0.0,30.6,39.0
2025-10-17 07:00:00+00:00,714.0,0.0,31.5,37.0
2025-10-17 08:00:00+00:00,653.0,0.0,32.1,36.0
2025-10-17 09:00:00+00:00,531.0,1.0,32.3,35.0
2025-10-17 10:00:00+00:00,363.0,4.0,32.1,35.0
2025-10-17 11:00:00+00:00,180.5,9.0,31.4,36.0
2025-10-17 12:00:00+00:00,47.0,18.0,30.1,39.0
2025-10-17 13:00:00+00:00,1.5,1.0,28.4,49.0
2025-10-17 14:00:00+00:00,0.0,0.0,27.5,53.0
2025-10-17 15:00:00+00:00,0.0,0.0,27.0,55.0
2025-10-17 16:00:00+00:00,0.0,0.0,26.2,55.0
2025-10-17 17:00:00+00:00,0.0,0.0,25.1,57.0
2025-10-17 18:00:00+00:00,0.0,0.0,24.8,62.0
2025-10-17 19:00:00+00:00,0.0,0.0,24.6,63.0
2025-10-17 20:00:00+00:00,0.0,0.0,23.9,65.0
2025-10-17 21:00:00+00:00,0.0,0.0,23.2,69.0
2025-10-17 22:00:00+00:00,0.0,0.0,22.5,71.0
2025-10-17 23:00:00+00:00,0.0,0.0,21.7,75.0
2025-10-18 00:00:00+00:00,0.0,0.0,21.7,80.0
2025-10-18 01:00:00+00:00,29.5,0.0,21.6,79.0
2025-10-18 02:00:00+00:00,142.5,0.0,22.4,75.0
2025-10-18 03:00:00+00:00,319.5,0.0,24.6,64.0
2025-10-18 04:00:00+00:00,492.0,0.0,27.4,52.0
2025-10-18 05:00:00+00:00,624.5,0.0,29.6,44.0
2025-10-18 06:00:00+00:00,693.0,2.0,30.9,38.0
2025-10-18 07:00:00+00:00,686.0,6.0,32.2,34.0
2025-10-18 08:00:00+00:00,615.0,13.0,32.9,31.0
2025-10-18 09:00:00+00:00,500.0,8.0,33.2,30.0
2025-10-18 10:00:00+00:00,343.0,7.0,33.2,29.0
2025-10-18 11:00:00+00:00,169.0,5.0,32.4,30.0
2025-10-18 12:00:00+00:00,44.0,9.0,30.8,32.0
2025-10-18 13:00:00+00:00,1.0,5.0,28.7,44.0
2025-10-18 14:00:00+00:00,0.0,2.0,28.1,50.0
2025-10-18 15:00:00+00:00,0.0,1.0,27.6,51.0
2025-10-18 16:00:00+00:00,0.0,1.0,27.1,53.0
2025-10-18 17:00:00+00:00,0.0,1.0,27.2,55.0
2025-10-18 18:00:00+00:00,0.0,1.0,26.9,56.0
2025-10-18 19:00:00+00:00,0.0,0.0,25.8,59.0
2025-10-18 20:00:00+00:00,0.0,0.0,24.8,63.0
2025-10-18 21:00:00+00:00,0.0,0.0,23.9,67.0
2025-10-18 22:00:00+00:00,0.0,0.0,23.2,69.0
2025-10-18 23:00:00+00:00,0.0,0.0,23.3,70.0
2025-10-19 00:00:00+00:00,0.0,0.0,23.0,76.0
2025-10-19 01:00:00+00:00,29.0,0.0,23.7,72.0
2025-10-19 02:00:00+00:00,140.5,0.0,24.6,68.0
2025-10-19 03:00:00+00:00,316.5,0.0,26.4,61.0
2025-10-19 04:00:00+00:00,488.5,0.0,28.8,50.0
2025-10-19 05:00:00+00:00,620.0,0.0,30.6,40.0
2025-10-19 06:00:00+00:00,677.5,6.0,31.4,37.0
2025-10-19 07:00:00+00:00,665.5,23.0,32.7,34.0
2025-10-19 08:00:00+00:00,600.5,30.0,33.3,32.0
2025-10-19 09:00:00+00:00,481.5,34.0,33.6,30.0
2025-10-19 10:00:00+00:00,319.0,28.0,33.5,29.0
2025-10-19 11:00:00+00:00,151.5,78.0,32.3,32.0
2025-10-19 12:00:00+00:00,39.0,6.0,30.5,38.0
2025-10-19 13:00:00+00:00,1.0,1.0,29.0,51.0
2025-10-19 14:00:00+00:00,0.0,0.0,28.3,52.0
2025-10-19 15:00:00+00:00,0.0,0.0,27.5,52.0
2025-10-19 16:00:00+00:00,0.0,0.0,27.0,52.0
2025-10-19 17:00:00+00:00,0.0,0.0,26.7,54.0
2025-10-19 18:00:00+00:00,0.0,0.0,26.5,57.0
2025-10-19 19:00:00+00:00,0.0,0.0,26.2,55.0
2025-10-19 20:00:00+00:00,0.0,0.0,26.0,55.0
2025-10-19 21:00:00+00:00,0.0,0.0,26.0,54.0
2025-10-19 22:00:00+00:00,0.0,0.0,25.2,56.0
2025-10-19 23:00:00+00:00,0.0,0.0,24.0,60.0
2025-10-20 00:00:00+00:00,0.0,0.0,22.9,72.0
2025-10-20 01:00:00+00:00,28.0,0.0,22.8,74.0
2025-10-20 02:00:00+00:00,138.0,0.0,24.1,67.0
2025-10-20 03:00:00+00:00,313.0,0.0,26.2,58.0
2025-10-20 04:00:00+00:00,484.5,0.0,28.7,48.0
2025-10-20 05:00:00+00:00,616.5,0.0,30.5,40.0
2025-10-20 06:00:00+00:00,668.0,14.0,31.6,35.0
2025-10-20 07:00:00+00:00,652.0,8.0,32.8,31.0
2025-10-20 08:00:00+00:00,588.0,16.0,33.1,30.0
2025-10-20 09:00:00+00:00,467.0,11.0,33.0,29.0
2025-10-20 10:00:00+00:00,314.0,13.0,32.6,30.0
2025-10-20 11:00:00+00:00,153.5,5.0,32.1,30.0
2025-10-20 12:00:00+00:00,38.5,8.0,30.7,36.0
2025-10-20 13:00:00+00:00,1.0,13.0,29.6,41.0
2025-10-20 14:00:00+00:00,0.0,5.0,28.7,47.0
2025-10-20 15:00:00+00:00,0.0,4.0,28.0,51.0
2025-10-20 16:00:00+00:00,0.0,0.0,27.3,55.0
2025-10-20 17:00:00+00:00,0.0,1.0,26.5,57.0
2025-10-20 18:00:00+00:00,0.0,1.0,25.6,64.0
2025-10-20 19:00:00+00:00,0.0,1.0,24.8,68.0
2025-10-20 20:00:00+00:00,0.0,1.0,24.2,71.0
2025-10-20 21:00:00+00:00,0.0,1.0,23.6,74.0
2025-10-20 22:00:00+00:00,0.0,1.0,23.2,77.0
2025-10-20 23:00:00+00:00,0.0,16.0,22.7,79.0
2025-10-21 00:00:00+00:00,0.0,100.0,23.2,78.0
2025-10-21 01:00:00+00:00,19.5,71.0,23.8,77.0
2025-10-21 02:00:00+00:00,110.5,41.0,24.1,74.0
2025-10-21 03:00:00+00:00,281.0,19.0,25.9,64.0
2025-10-21 04:00:00+00:00,462.5,34.0,28.3,52.0
2025-10-21 05:00:00+00:00,591.0,23.0,30.1,43.0
2025-10-21 06:00:00+00:00,593.5,27.0,30.3,40.0
2025-10-21 07:00:00+00:00,549.5,14.0,30.4,39.0
2025-10-21 08:00:00+00:00,531.5,21.0,30.4,39.0
2025-10-21 09:00:00+00:00,452.0,11.0,30.1,40.0
2025-10-21 10:00:00+00:00,309.5,5.0,29.9,41.0
2025-10-21 11:00:00+00:00,152.0,5.0,29.3,42.0
2025-10-21 12:00:00+00:00,38.0,52.0,30.1,37.0
2025-10-21 13:00:00+00:00,0.5,5.0,29.2,42.0
2025-10-21 14:00:00+00:00,0.0,9.0,28.2,49.0
2025-10-21 15:00:00+00:00,0.0,16.0,27.5,54.0
2025-10-21 16:00:00+00:00,0.0,2.0,26.6,59.0
2025-10-21 17:00:00+00:00,0.0,4.0,25.7,65.0
2025-10-21 18:00:00+00:00,0.0,26.0,25.9,67.0
2025-10-21 19:00:00+00:00,0.0,9.0,25.6,69.0
2025-10-21 20:00:00+00:00,0.0,2.0,25.2,69.0
2025-10-21 21:00:00+00:00,0.0,2.0,25.0,74.0
2025-10-21 22:00:00+00:00,0.0,0.0,24.7,75.0
2025-10-21 23:00:00+00:00,0.0,1.0,24.0,77.0
2025-10-22 00:00:00+00:00,0.0,0.0,23.8,85.0
2025-10-22 01:00:00+00:00,23.5,0.0,23.5,87.0
2025-10-22 02:00:00+00:00,118.5,2.0,24.1,84.0
2025-10-22 03:00:00+00:00,288.5,1.0,25.7,75.0
2025-10-22 04:00:00+00:00,467.0,0.0,28.2,61.0
2025-10-22 05:00:00+00:00,589.0,10.0,30.2,46.0
2025-10-22 06:00:00+00:00,602.0,19.0,30.8,46.0
2025-10-22 07:00:00+00:00,592.0,36.0,31.4,40.0
2025-10-22 08:00:00+00:00,550.5,20.0,32.0,35.0
2025-10-22 09:00:00+00:00,446.0,18.0,32.1,31.0
2025-10-22 10:00:00+00:00,318.5,9.0,31.9,30.0
2025-10-22 11:00:00+00:00,155.5,5.0,31.2,32.0
2025-10-22 12:00:00+00:00,38.5,10.0,30.3,32.0
2025-10-22 13:00:00+00:00,0.5,8.0,29.5,32.0
2025-10-22 14:00:00+00:00,0.0,7.0,28.8,32.0
2025-10-22 15:00:00+00:00,0.0,5.0,27.8,34.0
2025-10-22 16:00:00+00:00,0.0,2.0,26.9,38.0
2025-10-22 17:00:00+00:00,0.0,0.0,25.8,43.0
2025-10-22 18:00:00+00:00,0.0,0.0,25.0,52.0
2025-10-22 19:00:00+00:00,0.0,0.0,24.6,52.0
2025-10-22 20:00:00+00:00,0.0,0.0,24.0,51.0
2025-10-22 21:00:00+00:00,0.0,0.0,23.3,51.0
2025-10-22 22:00:00+00:00,0.0,0.0,22.6,53.0
2025-10-22 23:00:00+00:00,0.0,0.0,22.0,54.0
2025-10-23 00:00:00+00:00,0.0,0.0,21.6,64.0
2025-10-23 01:00:00+00:00,26.5,0.0,21.2,68.0
2025-10-23 02:00:00+00:00,135.5,0.0,21.8,66.0
2025-10-23 03:00:00+00:00,311.5,0.0,23.7,59.0
2025-10-23 04:00:00+00:00,484.0,0.0,26.5,50.0
2025-10-23 05:00:00+00:00,616.0,0.0,29.2,42.0
2025-10-23 06:00:00+00:00,666.0,6.0,30.9,32.0
2025-10-23 07:00:00+00:00,651.0,10.0,31.4,28.0
2025-10-23 08:00:00+00:00,611.5,3.0,31.7,27.0
2025-10-23 09:00:00+00:00,509.5,0.0,31.8,26.0
2025-10-23 10:00:00+00:00,343.0,0.0,31.4,26.0
2025-10-23 11:00:00+00:00,164.5,0.0,30.5,28.0
2025-10-23 12:00:00+00:00,39.5,0.0,29.7,27.0
2025-10-23 13:00:00+00:00,0.5,0.0,28.8,28.0
2025-10-23 14:00:00+00:00,0.0,0.0,28.2,30.0
2025-10-23 15:00:00+00:00,0.0,0.0,27.3,33.0
2025-10-23 16:00:00+00:00,0.0,0.0,26.6,34.0
2025-10-23 17:00:00+00:00,0.0,0.0,25.0,38.0
2025-10-23 18:00:00+00:00,0.0,0.0,24.3,47.0
2025-10-23 19:00:00+00:00,0.0,0.0,23.4,52.0
2025-10-23 20:00:00+00:00,0.0,0.0,22.5,56.0
2025-10-23 21:00:00+00:00,0.0,0.0,21.6,59.0
2025-10-23 22:00:00+00:00,0.0,0.0,20.8,64.0
2025-10-23 23:00:00+00:00,0.0,0.0,20.2,66.0
2025-10-24 00:00:00+00:00,0.0,0.0,20.2,73.0
2025-10-24 01:00:00+00:00,26.0,0.0,20.2,72.0
2025-10-24 02:00:00+00:00,133.5,0.0,21.2,66.0
2025-10-24 03:00:00+00:00,308.0,0.0,23.5,58.0
2025-10-24 04:00:00+00:00,480.5,0.0,26.6,45.0
2025-10-24 05:00:00+00:00,613.0,0.0,29.2,35.0
2025-10-24 06:00:00+00:00,686.0,0.0,30.5,27.0
2025-10-24 07:00:00+00:00,691.0,0.0,31.6,24.0
2025-10-24 08:00:00+00:00,628.5,0.0,32.1,23.0
2025-10-24 09:00:00+00:00,506.0,0.0,32.2,22.0
2025-10-24 10:00:00+00:00,339.5,0.0,31.8,24.0
2025-10-24 11:00:00+00:00,161.5,0.0,30.8,26.0
2025-10-24 12:00:00+00:00,38.0,0.0,29.0,29.0
2025-10-24 13:00:00+00:00,0.5,0.0,28.0,40.0
2025-10-24 14:00:00+00:00,0.0,0.0,27.3,39.0
2025-10-24 15:00:00+00:00,0.0,0.0,26.1,43.0
2025-10-24 16:00:00+00:00,0.0,0.0,25.3,50.0
2025-10-24 17:00:00+00:00,0.0,0.0,24.8,52.0
2025-10-24 18:00:00+00:00,0.0,0.0,23.8,53.0
2025-10-24 19:00:00+00:00,0.0,0.0,23.0,54.0
2025-10-24 20:00:00+00:00,0.0,0.0,22.2,53.0
2025-10-24 21:00:00+00:00,0.0,0.0,21.6,55.0
2025-10-24 22:00:00+00:00,0.0,0.0,20.9,58.0
2025-10-24 23:00:00+00:00,0.0,0.0,20.1,62.0
2025-10-25 00:00:00+00:00,0.0,0.0,19.7,76.0
2025-10-25 01:00:00+00:00,24.5,0.0,19.9,76.0
2025-10-25 02:00:00+00:00,129.5,0.0,21.2,69.0
2025-10-25 03:00:00+00:00,303.0,0.0,23.7,59.0
2025-10-25 04:00:00+00:00,475.0,0.0,26.7,46.0
2025-10-25 05:00:00+00:00,607.0,0.0,29.2,36.0
2025-10-25 06:00:00+00:00,680.0,0.0,29.8,30.0
2025-10-25 07:00:00+00:00,685.5,0.0,31.2,27.0
2025-10-25 08:00:00+00:00,623.5,0.0,31.6,26.0
2025-10-25 09:00:00+00:00,501.5,0.0,31.7,26.0
2025-10-25 10:00:00+00:00,335.5,0.0,31.3,26.0
2025-10-25 11:00:00+00:00,158.5,0.0,30.4,27.0
2025-10-25 12:00:00+00:00,37.0,0.0,28.8,30.0
2025-10-25 13:00:00+00:00,0.5,0.0,27.4,33.0
2025-10-25 14:00:00+00:00,0.0,0.0,26.7,35.0
2025-10-25 15:00:00+00:00,0.0,0.0,26.0,40.0
2025-10-25 16:00:00+00:00,0.0,0.0,25.4,41.0
2025-10-25 17:00:00+00:00,0.0,0.0,24.6,44.0
2025-10-25 18:00:00+00:00,0.0,0.0,24.1,49.0
2025-10-25 19:00:00+00:00,0.0,0.0,23.5,52.0
2025-10-25 20:00:00+00:00,0.0,0.0,22.4,55.0
2025-10-25 21:00:00+00:00,0.0,0.0,21.3,59.0
2025-10-25 22:00:00+00:00,0.0,0.0,21.0,59.0
2025-10-25 23:00:00+00:00,0.0,0.0,20.0,64.0
2025-10-26 00:00:00+00:00,0.0,0.0,19.3,69.0
2025-10-26 01:00:00+00:00,25.0,0.0,18.9,70.0
2025-10-26 02:00:00+00:00,131.5,0.0,20.2,66.0
2025-10-26 03:00:00+00:00,306.0,0.0,22.7,59.0
2025-10-26 04:00:00+00:00,478.5,0.0,25.8,47.0
2025-10-26 05:00:00+00:00,610.5,0.0,28.2,38.0
2025-10-26 06:00:00+00:00,683.0,0.0,29.6,33.0
2025-10-26 07:00:00+00:00,689.0,0.0,30.7,28.0
2025-10-26 08:00:00+00:00,628.0,0.0,31.4,25.0
2025-10-26 09:00:00+00:00,505.5,0.0,31.6,24.0
2025-10-26 10:00:00+00:00,337.5,0.0,31.2,24.0
2025-10-26 11:00:00+00:00,158.5,0.0,30.4,25.0
2025-10-26 12:00:00+00:00,36.5,0.0,29.0,34.0
2025-10-26 13:00:00+00:00,0.5,0.0,27.7,36.0
2025-10-26 14:00:00+00:00,0.0,0.0,26.8,40.0
2025-10-26 15:00:00+00:00,0.0,0.0,26.2,44.0
2025-10-26 16:00:00+00:00,0.0,2.0,25.6,46.0
2025-10-26 17:00:00+00:00,0.0,86.0,24.9,49.0
2025-10-26 18:00:00+00:00,0.0,100.0,23.7,53.0
2025-10-26 19:00:00+00:00,0.0,70.0,22.6,59.0
2025-10-26 20:00:00+00:00,0.0,74.0,22.0,61.0
2025-10-26 21:00:00+00:00,0.0,1.0,21.5,62.0
2025-10-26 22:00:00+00:00,0.0,0.0,21.4,63.0
2025-10-26 23:00:00+00:00,0.0,10.0,20.9,65.0
2025-10-27 00:00:00+00:00,0.0,0.0,20.6,66.0
2025-10-27 01:00:00+00:00,24.0,0.0,20.3,68.0
2025-10-27 02:00:00+00:00,128.0,0.0,21.3,66.0
2025-10-27 03:00:00+00:00,301.0,0.0,23.4,57.0
2025-10-27 04:00:00+00:00,462.0,19.0,26.1,48.0
2025-10-27 05:00:00+00:00,562.5,34.0,28.5,39.0
2025-10-27 06:00:00+00:00,583.0,100.0,29.1,38.0
2025-10-27 07:00:00+00:00,498.0,100.0,30.3,34.0
2025-10-27 08:00:00+00:00,337.0,100.0,30.0,35.0
2025-10-27 09:00:00+00:00,192.0,100.0,28.8,41.0
2025-10-27 10:00:00+00:00,101.0,100.0,25.9,51.0
2025-10-27 11:00:00+00:00,41.0,100.0,24.8,48.0
2025-10-27 12:00:00+00:00,7.5,100.0,25.8,47.0
2025-10-27 13:00:00+00:00,0.0,100.0,24.7,49.0
2025-10-27 14:00:00+00:00,0.0,100.0,23.8,57.0
2025-10-27 15:00:00+00:00,0.0,100.0,23.2,64.0
2025-10-27 16:00:00+00:00,0.0,100.0,22.7,69.0
2025-10-27 17:00:00+00:00,0.0,100.0,22.3,71.0
2025-10-27 18:00:00+00:00,0.0,100.0,22.1,74.0
2025-10-27 19:00:00+00:00,0.0,100.0,21.9,76.0
2025-10-27 20:00:00+00:00,0.0,100.0,21.6,78.0
2025-10-27 21:00:00+00:00,0.0,100.0,21.3,81.0
2025-10-27 22:00:00+00:00,0.0,100.0,21.3,82.0
2025-10-27 23:00:00+00:00,0.0,100.0,21.4,79.0
2025-10-28 00:00:00+00:00,0.0,100.0,22.0,80.0
2025-10-28 01:00:00+00:00,9.0,100.0,22.0,78.0
2025-10-28 02:00:00+00:00,45.5,100.0,22.3,75.0
2025-10-28 03:00:00+00:00,98.0,100.0,22.7,74.0
2025-10-28 04:00:00+00:00,197.5,100.0,23.4,70.0
2025-10-28 05:00:00+00:00,282.5,100.0,24.7,63.0
2025-10-28 06:00:00+00:00,220.0,100.0,25.4,58.0
2025-10-28 07:00:00+00:00,206.0,100.0,25.5,57.0
2025-10-28 08:00:00+00:00,261.5,100.0,26.2,53.0
2025-10-28 09:00:00+00:00,248.0,100.0,26.3,55.0
2025-10-28 10:00:00+00:00,202.5,100.0,26.6,53.0
2025-10-28 11:00:00+00:00,108.5,100.0,26.3,55.0
2025-10-28 12:00:00+00:00,25.0,99.0,24.8,66.0
2025-10-28 13:00:00+00:00,0.0,100.0,23.9,72.0
2025-10-28 14:00:00+00:00,0.0,100.0,23.4,75.0
2025-10-28 15:00:00+00:00,0.0,84.0,22.6,80.0
2025-10-28 16:00:00+00:00,0.0,100.0,22.1,84.0
2025-10-28 17:00:00+00:00,0.0,97.0,21.6,87.0
2025-10-28 18:00:00+00:00,0.0,100.0,21.3,86.0
2025-10-28 19:00:00+00:00,0.0,100.0,21.0,88.0
2025-10-28 20:00:00+00:00,0.0,100.0,20.9,89.0
2025-10-28 21:00:00+00:00,0.0,100.0,20.8,90.0
2025-10-28 22:00:00+00:00,0.0,100.0,20.7,89.0
2025-10-28 23:00:00+00:00,0.0,100.0,20.7,88.0
2025-10-29 00:00:00+00:00,0.0,83.0,20.2,87.0
2025-10-29 01:00:00+00:00,21.5,20.0,20.3,86.0
2025-10-29 02:00:00+00:00,119.0,0.0,21.1,81.0
2025-10-29 03:00:00+00:00,283.0,14.0,22.8,73.0
2025-10-29 04:00:00+00:00,442.5,70.0,25.0,64.0
2025-10-29 05:00:00+00:00,568.0,1.0,26.9,55.0
2025-10-29 06:00:00+00:00,632.5,19.0,27.7,53.0
2025-10-29 07:00:00+00:00,632.5,7.0,28.6,50.0
2025-10-29 08:00:00+00:00,532.5,95.0,29.2,47.0
2025-10-29 09:00:00+00:00,374.0,98.0,29.2,46.0
2025-10-29 10:00:00+00:00,232.5,99.0,29.0,46.0
2025-10-29 11:00:00+00:00,104.5,100.0,28.4,48.0
2025-10-29 12:00:00+00:00,24.5,95.0,27.9,48.0
2025-10-29 13:00:00+00:00,0.0,100.0,27.1,52.0
2025-10-29 14:00:00+00:00,0.0,70.0,26.7,54.0
2025-10-29 15:00:00+00:00,0.0,52.0,26.0,61.0
2025-10-29 16:00:00+00:00,0.0,9.0,25.9,60.0
2025-10-29 17:00:00+00:00,0.0,15.0,25.3,61.0
2025-10-29 18:00:00+00:00,0.0,94.0,24.8,66.0
2025-10-29 19:00:00+00:00,0.0,98.0,24.7,63.0
2025-10-29 20:00:00+00:00,0.0,81.0,24.1,66.0
2025-10-29 21:00:00+00:00,0.0,85.0,24.0,67.0
2025-10-29 22:00:00+00:00,0.0,100.0,23.5,69.0
2025-10-29 23:00:00+00:00,0.0,100.0,23.1,72.0
2025-10-30 00:00:00+00:00,0.0,95.0,22.9,78.0
2025-10-30 01:00:00+00:00,12.0,100.0,22.6,80.0
2025-10-30 02:00:00+00:00,41.0,100.0,23.0,78.0
2025-10-30 03:00:00+00:00,122.0,100.0,23.4,76.0
2025-10-30 04:00:00+00:00,239.0,100.0,24.8,72.0
2025-10-30 05:00:00+00:00,299.5,100.0,26.1,68.0
2025-10-30 06:00:00+00:00,275.0,100.0,27.3,65.0
2025-10-30 07:00:00+00:00,212.5,100.0,27.3,61.0
2025-10-30 08:00:00+00:00,169.5,100.0,26.9,63.0
2025-10-30 09:00:00+00:00,128.0,100.0,26.7,64.0
2025-10-30 10:00:00+00:00,84.0,100.0,26.4,65.0
2025-10-30 11:00:00+00:00,43.0,99.0,26.1,66.0
2025-10-30 12:00:00+00:00,8.5,99.0,24.9,75.0
2025-10-30 13:00:00+00:00,0.0,36.0,24.8,77.0
2025-10-30 14:00:00+00:00,0.0,98.0,24.0,83.0
2025-10-30 15:00:00+00:00,0.0,98.0,23.5,88.0
2025-10-30 16:00:00+00:00,0.0,100.0,23.2,91.0
2025-10-30 17:00:00+00:00,0.0,100.0,23.1,93.0
2025-10-30 18:00:00+00:00,0.0,100.0,22.9,95.0
2025-10-30 19:00:00+00:00,0.0,100.0,22.9,94.0
2025-10-30 20:00:00+00:00,0.0,100.0,22.7,94.0
2025-10-30 21:00:00+00:00,0.0,100.0,22.5,94.0
2025-10-30 22:00:00+00:00,0.0,100.0,22.3,95.0
2025-10-30 23:00:00+00:00,0.0,100.0,22.1,96.0
2025-10-31 00:00:00+00:00,0.0,97.0,21.6,96.0
2025-10-31 01:00:00+00:00,15.5,95.0,21.4,97.0
2025-10-31 02:00:00+00:00,81.5,97.0,22.2,95.0
2025-10-31 03:00:00+00:00,190.0,100.0,23.2,90.0
2025-10-31 04:00:00+00:00,327.5,33.0,24.9,79.0
2025-10-31 05:00:00+00:00,445.5,31.0,26.6,68.0
2025-10-31 06:00:00+00:00,524.0,16.0,27.9,61.0
2025-10-31 07:00:00+00:00,562.0,21.0,29.1,55.0
2025-10-31 08:00:00+00:00,511.0,98.0,29.9,51.0
2025-10-31 09:00:00+00:00,416.0,73.0,30.3,48.0
2025-10-31 10:00:00+00:00,286.0,26.0,30.3,47.0
2025-10-31 11:00:00+00:00,128.0,37.0,29.7,47.0
2025-10-31 12:00:00+00:00,27.0,34.0,28.2,55.0
2025-10-31 13:00:00+00:00,0.0,7.0,26.9,64.0
2025-10-31 14:00:00+00:00,0.0,6.0,26.1,68.0
2025-10-31 15:00:00+00:00,0.0,1.0,25.5,70.0
2025-10-31 16:00:00+00:00,0.0,1.0,24.8,71.0
2025-10-31 17:00:00+00:00,0.0,0.0,24.0,73.0
2025-10-31 18:00:00+00:00,0.0,0.0,23.4,81.0
2025-10-31 19:00:00+00:00,0.0,2.0,23.0,82.0
2025-10-31 20:00:00+00:00,0.0,2.0,22.7,82.0
2025-10-31 21:00:00+00:00,0.0,1.0,22.0,85.0
2025-10-31 22:00:00+00:00,0.0,1.0,21.2,89.0
2025-10-31 23:00:00+00:00,0.0,0.0,20.8,92.0
2025-11-01 00:00:00+00:00,0.0,2.0,20.9,95.0
2025-11-01 01:00:00+00:00,18.5,12.0,20.8,96.0
2025-11-01 02:00:00+00:00,103.0,10.0,21.3,91.0
2025-11-01 03:00:00+00:00,268.0,0.0,23.1,81.0
2025-11-01 04:00:00+00:00,447.0,0.0,26.0,64.0
2025-11-01 05:00:00+00:00,579.5,0.0,28.4,48.0
2025-11-01 06:00:00+00:00,652.0,0.0,29.8,36.0
2025-11-01 07:00:00+00:00,656.5,0.0,30.6,31.0
2025-11-01 08:00:00+00:00,591.5,1.0,30.9,29.0
2025-11-01 09:00:00+00:00,469.5,1.0,30.8,29.0
2025-11-01 10:00:00+00:00,308.5,0.0,30.4,29.0
2025-11-01 11:00:00+00:00,139.5,0.0,29.6,30.0
2025-11-01 12:00:00+00:00,29.5,0.0,27.0,47.0
2025-11-01 13:00:00+00:00,0.0,0.0,25.6,52.0
2025-11-01 14:00:00+00:00,0.0,0.0,24.7,55.0
2025-11-01 15:00:00+00:00,0.0,0.0,24.1,56.0
2025-11-01 16:00:00+00:00,0.0,0.0,23.5,58.0
2025-11-01 17:00:00+00:00,0.0,0.0,23.0,58.0
2025-11-01 18:00:00+00:00,0.0,0.0,22.0,68.0
2025-11-01 19:00:00+00:00,0.0,0.0,21.4,68.0
2025-11-01 20:00:00+00:00,0.0,0.0,21.2,68.0
2025-11-01 21:00:00+00:00,0.0,0.0,20.9,69.0
2025-11-01 22:00:00+00:00,0.0,0.0,20.1,72.0
2025-11-01 23:00:00+00:00,0.0,0.0,19.6,73.0
2025-11-02 00:00:00+00:00,0.0,1.0,19.4,79.0
2025-11-02 01:00:00+00:00,19.5,0.0,19.3,80.0
2025-11-02 02:00:00+00:00,114.0,0.0,19.9,78.0
2025-11-02 03:00:00+00:00,279.5,0.0,21.6,73.0
2025-11-02 04:00:00+00:00,447.0,0.0,23.8,65.0
2025-11-02 05:00:00+00:00,575.5,0.0,25.8,58.0
2025-11-02 06:00:00+00:00,647.0,0.0,27.6,50.0
2025-11-02 07:00:00+00:00,652.5,0.0,28.8,39.0
2025-11-02 08:00:00+00:00,591.5,0.0,29.3,36.0
2025-11-02 09:00:00+00:00,471.5,0.0,29.4,35.0
2025-11-02 10:00:00+00:00,309.0,0.0,29.1,35.0
2025-11-02 11:00:00+00:00,138.5,0.0,28.1,39.0
2025-11-02 12:00:00+00:00,28.5,0.0,26.2,48.0
2025-11-02 13:00:00+00:00,0.0,0.0,24.6,54.0
2025-11-02 14:00:00+00:00,0.0,0.0,23.7,56.0
2025-11-02 15:00:00+00:00,0.0,0.0,23.1,56.0
2025-11-02 16:00:00+00:00,0.0,0.0,22.5,56.0
2025-11-02 17:00:00+00:00,0.0,0.0,21.8,57.0
2025-11-02 18:00:00+00:00,0.0,0.0,21.6,60.0
2025-11-02 19:00:00+00:00,0.0,0.0,21.2,60.0
2025-11-02 20:00:00+00:00,0.0,0.0,20.6,61.0
2025-11-02 21:00:00+00:00,0.0,0.0,19.7,64.0
2025-11-02 22:00:00+00:00,0.0,0.0,19.0,66.0
2025-11-02 23:00:00+00:00,0.0,0.0,18.5,68.0
2025-11-03 00:00:00+00:00,0.0,0.0,18.2,72.0
2025-11-03 01:00:00+00:00,19.5,0.0,17.9,73.0
2025-11-03 02:00:00+00:00,116.0,0.0,18.3,70.0
2025-11-03 03:00:00+00:00,284.0,0.0,19.9,69.0
2025-11-03 04:00:00+00:00,453.0,0.0,22.3,60.0
2025-11-03 05:00:00+00:00,583.5,0.0,24.8,52.0
2025-11-03 06:00:00+00:00,656.5,0.0,27.2,46.0
2025-11-03 07:00:00+00:00,662.5,0.0,28.8,40.0
2025-11-03 08:00:00+00:00,600.5,0.0,29.9,35.0
2025-11-03 09:00:00+00:00,479.0,0.0,30.5,28.0
2025-11-03 10:00:00+00:00,314.0,0.0,30.0,28.0
2025-11-03 11:00:00+00:00,140.5,0.0,28.7,32.0
2025-11-03 12:00:00+00:00,29.0,0.0,26.3,42.0
2025-11-03 13:00:00+00:00,0.0,0.0,25.2,46.0
2025-11-03 14:00:00+00:00,0.0,11.0,24.3,51.0
2025-11-03 15:00:00+00:00,0.0,0.0,24.1,50.0
2025-11-03 16:00:00+00:00,0.0,0.0,23.5,51.0
2025-11-03 17:00:00+00:00,0.0,0.0,22.7,53.0
2025-11-03 18:00:00+00:00,0.0,0.0,23.0,54.0
2025-11-03 19:00:00+00:00,0.0,8.0,21.7,57.0
2025-11-03 20:00:00+00:00,0.0,9.0,21.0,59.0
2025-11-03 21:00:00+00:00,0.0,3.0,20.1,63.0
2025-11-03 22:00:00+00:00,0.0,87.0,19.3,67.0
2025-11-03 23:00:00+00:00,0.0,74.0,19.5,69.0
2025-11-04 00:00:00+00:00,0.0,100.0,18.9,74.0
2025-11-04 01:00:00+00:00,15.0,48.0,19.9,68.0
2025-11-04 02:00:00+00:00,90.5,32.0,20.1,67.0
2025-11-04 03:00:00+00:00,231.0,17.0,21.8,65.0
2025-11-04 04:00:00+00:00,404.0,3.0,23.6,61.0
2025-11-04 05:00:00+00:00,557.0,2.0,25.7,54.0
2025-11-04 06:00:00+00:00,624.5,1.0,27.5,47.0
2025-11-04 07:00:00+00:00,625.0,3.0,28.7,42.0
2025-11-04 08:00:00+00:00,565.0,7.0,28.7,44.0
2025-11-04 09:00:00+00:00,443.5,5.0,28.2,46.0
2025-11-04 10:00:00+00:00,289.5,6.0,27.9,43.0
2025-11-04 11:00:00+00:00,128.0,6.0,26.9,47.0
2025-11-04 12:00:00+00:00,26.0,13.0,25.4,62.0
2025-11-04 13:00:00+00:00,0.0,5.0,24.7,60.0
2025-11-04 14:00:00+00:00,0.0,9.0,23.6,64.0
2025-11-04 15:00:00+00:00,0.0,8.0,23.0,67.0
2025-11-04 16:00:00+00:00,0.0,41.0,22.1,71.0
2025-11-04 17:00:00+00:00,0.0,5.0,21.6,73.0
2025-11-04 18:00:00+00:00,0.0,70.0,21.8,80.0
2025-11-04 19:00:00+00:00,0.0,7.0,21.3,83.0
2025-11-04 20:00:00+00:00,0.0,17.0,21.5,82.0
2025-11-04 21:00:00+00:00,0.0,7.0,21.4,81.0
2025-11-04 22:00:00+00:00,0.0,0.0,20.2,86.0
2025-11-04 23:00:00+00:00,0.0,0.0,19.4,88.0
2025-11-05 00:00:00+00:00,0.0,0.0,19.0,92.0
2025-11-05 01:00:00+00:00,17.0,0.0,18.9,92.0
2025-11-05 02:00:00+00:00,107.0,0.0,20.0,88.0
2025-11-05 03:00:00+00:00,268.0,0.0,22.1,80.0
2025-11-05 04:00:00+00:00,433.5,0.0,24.2,72.0
2025-11-05 05:00:00+00:00,562.5,0.0,26.1,63.0
2025-11-05 06:00:00+00:00,622.5,11.0,28.1,55.0
2025-11-05 07:00:00+00:00,587.0,24.0,29.3,43.0
2025-11-05 08:00:00+00:00,500.0,8.0,29.5,37.0
2025-11-05 09:00:00+00:00,400.0,7.0,29.4,35.0
2025-11-05 10:00:00+00:00,270.0,11.0,28.9,36.0
2025-11-05 11:00:00+00:00,124.0,2.0,28.0,39.0
2025-11-05 12:00:00+00:00,25.5,12.0,27.1,40.0
2025-11-05 13:00:00+00:00,0.0,7.0,25.9,45.0
2025-11-05 14:00:00+00:00,0.0,1.0,24.8,47.0
2025-11-05 15:00:00+00:00,0.0,0.0,23.8,49.0
2025-11-05 16:00:00+00:00,0.0,0.0,22.8,50.0
2025-11-05 17:00:00+00:00,0.0,0.0,22.0,51.0
2025-11-05 18:00:00+00:00,0.0,0.0,21.3,60.0
2025-11-05 19:00:00+00:00,0.0,0.0,20.5,60.0
2025-11-05 20:00:00+00:00,0.0,0.0,19.6,57.0
2025-11-05 21:00:00+00:00,0.0,0.0,18.8,50.0
2025-11-05 22:00:00+00:00,0.0,0.0,17.7,48.0
2025-11-05 23:00:00+00:00,0.0,0.0,16.8,51.0
2025-11-06 00:00:00+00:00,0.0,0.0,16.4,64.0
2025-11-06 01:00:00+00:00,18.0,0.0,15.8,66.0
2025-11-06 02:00:00+00:00,114.0,0.0,16.1,66.0
2025-11-06 03:00:00+00:00,285.5,0.0,17.7,63.0
2025-11-06 04:00:00+00:00,458.0,0.0,19.8,56.0
2025-11-06 05:00:00+00:00,587.5,0.0,22.1,47.0
2025-11-06 06:00:00+00:00,658.0,0.0,24.1,38.0
2025-11-06 07:00:00+00:00,663.0,0.0,25.2,32.0
2025-11-06 08:00:00+00:00,600.5,0.0,25.9,29.0
2025-11-06 09:00:00+00:00,477.0,0.0,26.1,29.0
2025-11-06 10:00:00+00:00,309.5,0.0,25.7,30.0
2025-11-06 11:00:00+00:00,135.5,0.0,24.8,33.0
2025-11-06 12:00:00+00:00,26.5,0.0,22.9,42.0
2025-11-06 13:00:00+00:00,0.0,0.0,21.7,47.0
2025-11-06 14:00:00+00:00,0.0,0.0,21.0,50.0
2025-11-06 15:00:00+00:00,0.0,0.0,20.2,52.0
2025-11-06 16:00:00+00:00,0.0,0.0,19.7,52.0
2025-11-06 17:00:00+00:00,0.0,0.0,19.1,52.0
2025-11-06 18:00:00+00:00,0.0,0.0,18.7,53.0
2025-11-06 19:00:00+00:00,0.0,0.0,17.8,55.0
2025-11-06 20:00:00+00:00,0.0,0.0,17.0,56.0
2025-11-06 21:00:00+00:00,0.0,0.0,16.4,58.0
2025-11-06 22:00:00+00:00,0.0,0.0,15.8,60.0
2025-11-06 23:00:00+00:00,0.0,0.0,15.4,61.0
2025-11-07 00:00:00+00:00,0.0,0.0,15.4,65.0
2025-11-07 01:00:00+00:00,17.0,0.0,14.8,67.0
2025-11-07 02:00:00+00:00,109.5,0.0,15.0,66.0
2025-11-07 03:00:00+00:00,277.0,0.0,16.5,62.0
2025-11-07 04:00:00+00:00,447.5,0.0,18.9,54.0
2025-11-07 05:00:00+00:00,579.0,0.0,21.3,46.0
2025-11-07 06:00:00+00:00,650.5,0.0,24.4,39.0
2025-11-07 07:00:00+00:00,654.5,0.0,26.1,32.0
2025-11-07 08:00:00+00:00,592.0,0.0,27.0,27.0
2025-11-07 09:00:00+00:00,469.5,0.0,27.3,24.0
2025-11-07 10:00:00+00:00,304.5,0.0,27.0,25.0
2025-11-07 11:00:00+00:00,132.5,0.0,25.9,29.0
2025-11-07 12:00:00+00:00,25.5,0.0,24.0,36.0
2025-11-07 13:00:00+00:00,0.0,0.0,22.7,40.0
2025-11-07 14:00:00+00:00,0.0,0.0,21.5,43.0
2025-11-07 15:00:00+00:00,0.0,0.0,20.5,45.0
2025-11-07 16:00:00+00:00,0.0,0.0,19.5,47.0
2025-11-07 17:00:00+00:00,0.0,0.0,18.7,48.0
2025-11-07 18:00:00+00:00,0.0,0.0,18.3,51.0
2025-11-07 19:00:00+00:00,0.0,0.0,17.3,53.0
2025-11-07 20:00:00+00:00,0.0,0.0,16.8,55.0
2025-11-07 21:00:00+00:00,0.0,0.0,16.3,56.0
2025-11-07 22:00:00+00:00,0.0,0.0,15.8,57.0
2025-11-07 23:00:00+00:00,0.0,0.0,15.2,58.0
2025-11-08 00:00:00+00:00,0.0,0.0,14.4,64.0
2025-11-08 01:00:00+00:00,16.5,0.0,13.9,66.0
2025-11-08 02:00:00+00:00,109.5,0.0,14.8,61.0
2025-11-08 03:00:00+00:00,279.0,0.0,16.8,56.0
2025-11-08 04:00:00+00:00,452.0,0.0,19.4,47.0
2025-11-08 05:00:00+00:00,585.0,0.0,22.0,38.0
2025-11-08 06:00:00+00:00,657.0,0.0,24.6,29.0
2025-11-08 07:00:00+00:00,660.0,0.0,25.9,25.0
2025-11-08 08:00:00+00:00,595.0,0.0,26.6,23.0
2025-11-08 09:00:00+00:00,471.0,0.0,26.8,22.0
2025-11-08 10:00:00+00:00,304.5,0.0,26.4,23.0
2025-11-08 11:00:00+00:00,131.5,0.0,25.4,26.0
2025-11-08 12:00:00+00:00,25.0,0.0,23.2,34.0
2025-11-08 13:00:00+00:00,0.0,0.0,22.1,39.0
2025-11-08 14:00:00+00:00,0.0,0.0,21.2,42.0
2025-11-08 15:00:00+00:00,0.0,0.0,20.2,45.0
2025-11-08 16:00:00+00:00,0.0,0.0,19.3,49.0
2025-11-08 17:00:00+00:00,0.0,0.0,18.7,49.0
2025-11-08 18:00:00+00:00,0.0,0.0,18.1,54.0
2025-11-08 19:00:00+00:00,0.0,0.0,17.5,53.0
2025-11-08 20:00:00+00:00,0.0,0.0,16.9,54.0
2025-11-08 21:00:00+00:00,0.0,0.0,16.3,55.0
2025-11-08 22:00:00+00:00,0.0,0.0,15.7,57.0
2025-11-08 23:00:00+00:00,0.0,0.0,15.1,59.0
2025-11-09 00:00:00+00:00,0.0,0.0,14.2,67.0
2025-11-09 01:00:00+00:00,16.0,0.0,14.1,66.0
2025-11-09 02:00:00+00:00,106.0,0.0,14.7,64.0
2025-11-09 03:00:00+00:00,271.0,0.0,16.4,60.0
2025-11-09 04:00:00+00:00,440.0,0.0,19.0,52.0
2025-11-09 05:00:00+00:00,570.5,0.0,21.7,44.0
2025-11-09 06:00:00+00:00,643.0,0.0,24.4,33.0
2025-11-09 07:00:00+00:00,648.0,0.0,25.9,28.0
2025-11-09 08:00:00+00:00,585.5,0.0,26.7,26.0
2025-11-09 09:00:00+00:00,463.0,0.0,26.8,25.0
2025-11-09 10:00:00+00:00,298.0,0.0,26.5,27.0
2025-11-09 11:00:00+00:00,128.0,0.0,25.6,30.0
2025-11-09 12:00:00+00:00,24.0,0.0,23.5,38.0
2025-11-09 13:00:00+00:00,0.0,0.0,22.4,41.0
2025-11-09 14:00:00+00:00,0.0,0.0,21.4,42.0
2025-11-09 15:00:00+00:00,0.0,0.0,20.5,43.0
2025-11-09 16:00:00+00:00,0.0,0.0,19.6,45.0
2025-11-09 17:00:00+00:00,0.0,0.0,19.1,45.0
2025-11-09 18:00:00+00:00,0.0,0.0,18.5,48.0
2025-11-09 19:00:00+00:00,0.0,0.0,17.8,51.0
2025-11-09 20:00:00+00:00,0.0,0.0,16.8,55.0
2025-11-09 21:00:00+00:00,0.0,0.0,16.1,58.0
2025-11-09 22:00:00+00:00,0.0,0.0,15.6,59.0
2025-11-09 23:00:00+00:00,0.0,0.0,15.0,61.0
2025-11-10 00:00:00+00:00,0.0,17.0,14.2,69.0
2025-11-10 01:00:00+00:00,15.0,0.0,13.9,70.0
2025-11-10 02:00:00+00:00,103.0,0.0,14.5,68.0
2025-11-10 03:00:00+00:00,266.5,0.0,16.4,63.0
2025-11-10 04:00:00+00:00,434.5,0.0,19.3,52.0
2025-11-10 05:00:00+00:00,564.5,0.0,22.0,43.0
2025-11-10 06:00:00+00:00,636.0,0.0,24.4,35.0
2025-11-10 07:00:00+00:00,640.5,0.0,26.1,28.0
2025-11-10 08:00:00+00:00,579.0,10.0,26.7,25.0
2025-11-10 09:00:00+00:00,456.5,60.0,27.0,24.0
2025-11-10 10:00:00+00:00,291.5,70.0,26.6,24.0
2025-11-10 11:00:00+00:00,124.5,64.0,25.7,26.0
2025-11-10 12:00:00+00:00,23.5,48.0,23.4,35.0
2025-11-10 13:00:00+00:00,0.0,0.0,22.3,38.0
2025-11-10 14:00:00+00:00,0.0,7.0,21.3,43.0
2025-11-10 15:00:00+00:00,0.0,49.0,20.5,45.0
2025-11-10 16:00:00+00:00,0.0,30.0,19.9,47.0
2025-11-10 17:00:00+00:00,0.0,83.0,19.4,47.0
2025-11-10 18:00:00+00:00,0.0,94.0,19.0,50.0
2025-11-10 19:00:00+00:00,0.0,9.0,17.5,53.0
2025-11-10 20:00:00+00:00,0.0,0.0,16.4,57.0
2025-11-10 21:00:00+00:00,0.0,0.0,15.4,59.0
2025-11-10 22:00:00+00:00,0.0,0.0,14.6,62.0
2025-11-10 23:00:00+00:00,0.0,0.0,14.1,63.0
2025-11-11 00:00:00+00:00,0.0,0.0,13.7,70.0
2025-11-11 01:00:00+00:00,14.5,0.0,13.7,70.0
2025-11-11 02:00:00+00:00,100.5,0.0,14.2,67.0
2025-11-11 03:00:00+00:00,262.5,0.0,16.4,61.0
2025-11-11 04:00:00+00:00,431.0,0.0,19.3,51.0
2025-11-11 05:00:00+00:00,561.5,0.0,22.2,42.0
2025-11-11 06:00:00+00:00,633.0,0.0,24.8,34.0
2025-11-11 07:00:00+00:00,637.5,0.0,26.4,28.0
2025-11-11 08:00:00+00:00,576.5,0.0,27.1,25.0
2025-11-11 09:00:00+00:00,456.0,0.0,27.4,23.0
2025-11-11 10:00:00+00:00,292.5,0.0,27.0,24.0
2025-11-11 11:00:00+00:00,124.5,0.0,26.0,27.0
2025-11-11 12:00:00+00:00,23.0,0.0,23.8,32.0
2025-11-11 13:00:00+00:00,0.0,0.0,22.6,37.0
2025-11-11 14:00:00+00:00,0.0,0.0,21.4,42.0
2025-11-11 15:00:00+00:00,0.0,0.0,20.4,47.0
2025-11-11 16:00:00+00:00,0.0,0.0,19.7,49.0
2025-11-11 17:00:00+00:00,0.0,0.0,19.1,49.0
2025-11-11 18:00:00+00:00,0.0,0.0,18.8,52.0
2025-11-11 19:00:00+00:00,0.0,0.0,17.8,54.0
2025-11-11 20:00:00+00:00,0.0,0.0,17.0,56.0
2025-11-11 21:00:00+00:00,0.0,0.0,16.4,58.0
2025-11-11 22:00:00+00:00,0.0,0.0,15.8,60.0
2025-11-11 23:00:00+00:00,0.0,0.0,15.2,62.0
2025-11-12 00:00:00+00:00,0.0,0.0,14.3,69.0
2025-11-12 01:00:00+00:00,13.5,0.0,14.0,70.0
2025-11-12 02:00:00+00:00,97.5,0.0,14.4,68.0
2025-11-12 03:00:00+00:00,257.0,0.0,16.3,62.0
2025-11-12 04:00:00+00:00,423.0,0.0,19.2,52.0
2025-11-12 05:00:00+00:00,552.0,0.0,22.2,43.0
2025-11-12 06:00:00+00:00,623.5,0.0,24.9,36.0
2025-11-12 07:00:00+00:00,628.5,0.0,26.6,29.0
2025-11-12 08:00:00+00:00,567.5,0.0,27.3,26.0
2025-11-12 09:00:00+00:00,448.0,0.0,27.5,24.0
2025-11-12 10:00:00+00:00,287.0,0.0,27.1,25.0
2025-11-12 11:00:00+00:00,121.5,0.0,26.2,26.0
2025-11-12 12:00:00+00:00,22.0,0.0,23.9,35.0
2025-11-12 13:00:00+00:00,0.0,0.0,22.8,39.0
2025-11-12 14:00:00+00:00,0.0,0.0,21.7,43.0
2025-11-12 15:00:00+00:00,0.0,0.0,20.8,47.0
2025-11-12 16:00:00+00:00,0.0,0.0,20.2,51.0
2025-11-12 17:00:00+00:00,0.0,0.0,19.4,53.0
2025-11-12 18:00:00+00:00,0.0,0.0,19.1,54.0
2025-11-12 19:00:00+00:00,0.0,0.0,17.3,59.0
2025-11-12 20:00:00+00:00,0.0,0.0,16.2,64.0
2025-11-12 21:00:00+00:00,0.0,0.0,15.4,69.0
2025-11-12 22:00:00+00:00,0.0,0.0,14.7,72.0
2025-11-12 23:00:00+00:00,0.0,0.0,14.3,75.0
2025-11-13 00:00:00+00:00,0.0,0.0,13.7,80.0
2025-11-13 01:00:00+00:00,13.0,0.0,13.2,81.0
2025-11-13 02:00:00+00:00,95.5,0.0,13.8,76.0
2025-11-13 03:00:00+00:00,254.0,0.0,15.7,68.0
2025-11-13 04:00:00+00:00,420.0,0.0,18.3,57.0
2025-11-13 05:00:00+00:00,548.5,0.0,21.2,47.0
2025-11-13 06:00:00+00:00,620.0,0.0,23.8,37.0
2025-11-13 07:00:00+00:00,625.5,0.0,25.2,33.0
2025-11-13 08:00:00+00:00,565.0,0.0,25.9,28.0
2025-11-13 09:00:00+00:00,446.0,0.0,26.3,26.0
2025-11-13 10:00:00+00:00,285.0,0.0,26.0,26.0
2025-11-13 11:00:00+00:00,120.5,0.0,25.1,29.0
2025-11-13 12:00:00+00:00,22.0,0.0,22.5,38.0
2025-11-13 13:00:00+00:00,0.0,0.0,21.5,40.0
2025-11-13 14:00:00+00:00,0.0,0.0,20.4,44.0
2025-11-13 15:00:00+00:00,0.0,0.0,19.3,48.0
2025-11-13 16:00:00+00:00,0.0,0.0,18.6,50.0
2025-11-13 17:00:00+00:00,0.0,0.0,17.9,52.0
2025-11-13 18:00:00+00:00,0.0,0.0,17.6,55.0
2025-11-13 19:00:00+00:00,0.0,0.0,16.7,57.0
2025-11-13 20:00:00+00:00,0.0,0.0,15.7,61.0
2025-11-13 21:00:00+00:00,0.0,0.0,15.0,64.0
2025-11-13 22:00:00+00:00,0.0,0.0,14.5,66.0
2025-11-13 23:00:00+00:00,0.0,0.0,13.9,68.0
2025-11-14 00:00:00+00:00,0.0,0.0,13.5,74.0
2025-11-14 01:00:00+00:00,12.5,0.0,13.3,75.0
2025-11-14 02:00:00+00:00,93.5,0.0,13.7,74.0
2025-11-14 03:00:00+00:00,250.5,0.0,15.6,67.0
2025-11-14 04:00:00+00:00,416.0,0.0,18.4,56.0
2025-11-14 05:00:00+00:00,545.0,0.0,21.1,46.0
2025-11-14 06:00:00+00:00,617.0,0.0,23.5,37.0
2025-11-14 07:00:00+00:00,622.5,0.0,25.1,29.0
2025-11-14 08:00:00+00:00,561.5,0.0,25.7,28.0
2025-11-14 09:00:00+00:00,442.0,0.0,26.0,26.0
2025-11-14 10:00:00+00:00,281.5,0.0,25.8,24.0
2025-11-14 11:00:00+00:00,118.0,0.0,24.9,27.0
2025-11-14 12:00:00+00:00,21.0,0.0,22.6,35.0
2025-11-14 13:00:00+00:00,0.0,0.0,21.9,38.0
2025-11-14 14:00:00+00:00,0.0,0.0,20.8,42.0
2025-11-14 15:00:00+00:00,0.0,0.0,19.6,46.0
2025-11-14 16:00:00+00:00,0.0,0.0,18.8,50.0
2025-11-14 17:00:00+00:00,0.0,0.0,18.1,52.0
2025-11-14 18:00:00+00:00,0.0,0.0,17.5,57.0
2025-11-14 19:00:00+00:00,0.0,0.0,16.9,56.0
2025-11-14 20:00:00+00:00,0.0,0.0,15.9,59.0
2025-11-14 21:00:00+00:00,0.0,0.0,15.2,62.0
2025-11-14 22:00:00+00:00,0.0,0.0,14.4,65.0
2025-11-14 23:00:00+00:00,0.0,0.0,13.7,69.0
2025-11-15 00:00:00+00:00,0.0,0.0,13.1,76.0
2025-11-15 01:00:00+00:00,12.0,0.0,12.8,77.0
2025-11-15 02:00:00+00:00,92.0,0.0,13.0,76.0
2025-11-15 03:00:00+00:00,248.5,0.0,15.1,67.0
2025-11-15 04:00:00+00:00,414.5,0.0,18.1,56.0
2025-11-15 05:00:00+00:00,544.0,0.0,21.0,45.0
2025-11-15 06:00:00+00:00,616.0,0.0,23.6,36.0
2025-11-15 07:00:00+00:00,622.0,0.0,25.3,29.0
2025-11-15 08:00:00+00:00,561.5,0.0,26.1,28.0
2025-11-15 09:00:00+00:00,442.0,0.0,26.6,25.0
2025-11-15 10:00:00+00:00,281.0,0.0,26.4,25.0
2025-11-15 11:00:00+00:00,117.0,0.0,25.5,28.0
2025-11-15 12:00:00+00:00,20.5,0.0,22.8,39.0
2025-11-15 13:00:00+00:00,0.0,0.0,22.2,39.0
2025-11-15 14:00:00+00:00,0.0,0.0,21.2,42.0
2025-11-15 15:00:00+00:00,0.0,0.0,20.3,45.0
2025-11-15 16:00:00+00:00,0.0,0.0,19.5,47.0
2025-11-15 17:00:00+00:00,0.0,0.0,18.7,49.0
2025-11-15 18:00:00+00:00,0.0,0.0,17.3,58.0
2025-11-15 19:00:00+00:00,0.0,0.0,16.2,59.0
2025-11-15 20:00:00+00:00,0.0,0.0,15.3,63.0
2025-11-15 21:00:00+00:00,0.0,0.0,14.6,67.0
2025-11-15 22:00:00+00:00,0.0,0.0,13.9,69.0
2025-11-15 23:00:00+00:00,0.0,0.0,13.3,70.0
2025-11-16 00:00:00+00:00,0.0,0.0,12.5,80.0
2025-11-16 01:00:00+00:00,11.5,0.0,12.3,79.0
2025-11-16 02:00:00+00:00,90.0,0.0,12.8,75.0
2025-11-16 03:00:00+00:00,245.0,0.0,15.0,66.0
2025-11-16 04:00:00+00:00,410.0,0.0,18.0,55.0
2025-11-16 05:00:00+00:00,539.0,0.0,21.0,45.0
2025-11-16 06:00:00+00:00,611.0,0.0,23.7,37.0
2025-11-16 07:00:00+00:00,617.0,0.0,25.6,29.0
2025-11-16 08:00:00+00:00,557.0,0.0,26.5,26.0
2025-11-16 09:00:00+00:00,438.0,0.0,26.8,24.0
2025-11-16 10:00:00+00:00,278.0,0.0,26.4,24.0
2025-11-16 11:00:00+00:00,116.0,0.0,25.5,26.0
2025-11-16 12:00:00+00:00,20.5,0.0,23.0,34.0
2025-11-16 13:00:00+00:00,0.0,0.0,22.3,36.0
2025-11-16 14:00:00+00:00,0.0,0.0,21.1,40.0
2025-11-16 15:00:00+00:00,0.0,0.0,19.7,45.0
2025-11-16 16:00:00+00:00,0.0,0.0,18.9,47.0
2025-11-16 17:00:00+00:00,0.0,0.0,18.3,48.0
2025-11-16 18:00:00+00:00,0.0,0.0,17.4,52.0
2025-11-16 19:00:00+00:00,0.0,0.0,15.9,56.0
2025-11-16 20:00:00+00:00,0.0,0.0,14.8,60.0
2025-11-16 21:00:00+00:00,0.0,0.0,14.3,62.0
2025-11-16 22:00:00+00:00,0.0,0.0,13.7,63.0
2025-11-16 23:00:00+00:00,0.0,0.0,13.2,65.0
2025-11-17 00:00:00+00:00,0.0,0.0,12.3,73.0
2025-11-17 01:00:00+00:00,11.0,0.0,12.3,73.0
2025-11-17 02:00:00+00:00,88.0,0.0,12.7,70.0
2025-11-17 03:00:00+00:00,240.5,0.0,14.8,63.0
2025-11-17 04:00:00+00:00,403.0,1.0,17.8,52.0
2025-11-17 05:00:00+00:00,530.5,0.0,20.6,42.0
2025-11-17 06:00:00+00:00,602.0,0.0,23.2,36.0
2025-11-17 07:00:00+00:00,608.0,0.0,25.0,30.0
2025-11-17 08:00:00+00:00,548.5,0.0,25.7,29.0
2025-11-17 09:00:00+00:00,431.0,0.0,26.0,28.0
2025-11-17 10:00:00+00:00,272.5,0.0,25.8,29.0
2025-11-17 11:00:00+00:00,112.5,0.0,25.1,30.0
2025-11-17 12:00:00+00:00,19.5,0.0,22.7,43.0
2025-11-17 13:00:00+00:00,0.0,0.0,22.0,43.0
2025-11-17 14:00:00+00:00,0.0,0.0,21.3,45.0
2025-11-17 15:00:00+00:00,0.0,0.0,20.4,48.0
2025-11-17 16:00:00+00:00,0.0,0.0,19.6,52.0
2025-11-17 17:00:00+00:00,0.0,0.0,18.8,55.0
2025-11-17 18:00:00+00:00,0.0,0.0,17.7,60.0
2025-11-17 19:00:00+00:00,0.0,0.0,16.6,64.0
2025-11-17 20:00:00+00:00,0.0,0.0,16.0,66.0
2025-11-17 21:00:00+00:00,0.0,0.0,15.5,67.0
2025-11-17 22:00:00+00:00,0.0,0.0,15.1,68.0
2025-11-17 23:00:00+00:00,0.0,0.0,14.2,72.0
2025-11-18 00:00:00+00:00,0.0,0.0,14.5,70.0
2025-11-18 01:00:00+00:00,10.5,0.0,13.5,74.0
2025-11-18 02:00:00+00:00,85.0,0.0,13.6,74.0
2025-11-18 03:00:00+00:00,235.0,5.0,15.3,68.0
2025-11-18 04:00:00+00:00,396.0,0.0,18.0,58.0
2025-11-18 05:00:00+00:00,522.0,0.0,20.8,48.0
2025-11-18 06:00:00+00:00,592.5,11.0,23.4,40.0
2025-11-18 07:00:00+00:00,598.5,9.0,24.9,34.0
2025-11-18 08:00:00+00:00,540.0,2.0,25.6,34.0
2025-11-18 09:00:00+00:00,423.5,2.0,25.8,34.0
2025-11-18 10:00:00+00:00,267.0,0.0,25.7,36.0
2025-11-18 11:00:00+00:00,110.0,2.0,24.9,41.0
2025-11-18 12:00:00+00:00,19.0,0.0,22.6,54.0
2025-11-18 13:00:00+00:00,0.0,0.0,21.9,59.0
2025-11-18 14:00:00+00:00,0.0,0.0,21.4,61.0
2025-11-18 15:00:00+00:00,0.0,0.0,20.9,63.0
2025-11-18 16:00:00+00:00,0.0,0.0,19.9,66.0
2025-11-18 17:00:00+00:00,0.0,0.0,18.5,70.0
2025-11-18 18:00:00+00:00,0.0,0.0,17.1,77.0
2025-11-18 19:00:00+00:00,0.0,0.0,16.2,80.0
2025-11-18 20:00:00+00:00,0.0,5.0,15.6,83.0
2025-11-18 21:00:00+00:00,0.0,0.0,15.2,83.0
2025-11-18 22:00:00+00:00,0.0,0.0,14.7,84.0
2025-11-18 23:00:00+00:00,0.0,0.0,14.2,83.0
2025-11-19 00:00:00+00:00,0.0,0.0,13.6,84.0
2025-11-19 01:00:00+00:00,9.5,0.0,13.3,83.0
2025-11-19 02:00:00+00:00,82.0,0.0,13.8,79.0
2025-11-19 03:00:00+00:00,229.5,0.0,15.7,71.0
2025-11-19 04:00:00+00:00,389.0,0.0,18.7,59.0
2025-11-19 05:00:00+00:00,514.5,0.0,21.7,50.0
2025-11-19 06:00:00+00:00,584.0,0.0,24.0,46.0
2025-11-19 07:00:00+00:00,589.5,36.0,25.3,40.0
2025-11-19 08:00:00+00:00,531.0,5.0,25.9,38.0
2025-11-19 09:00:00+00:00,416.0,5.0,26.0,37.0
2025-11-19 10:00:00+00:00,262.0,9.0,25.8,37.0
2025-11-19 11:00:00+00:00,107.5,2.0,25.1,40.0
2025-11-19 12:00:00+00:00,18.5,0.0,23.4,48.0
2025-11-19 13:00:00+00:00,0.0,0.0,22.5,56.0
2025-11-19 14:00:00+00:00,0.0,1.0,21.8,59.0
2025-11-19 15:00:00+00:00,0.0,5.0,21.1,63.0
2025-11-19 16:00:00+00:00,0.0,2.0,20.4,64.0
2025-11-19 17:00:00+00:00,0.0,0.0,20.0,65.0
2025-11-19 18:00:00+00:00,0.0,0.0,18.8,71.0
2025-11-19 19:00:00+00:00,0.0,2.0,18.1,73.0
2025-11-19 20:00:00+00:00,0.0,0.0,17.4,76.0
2025-11-19 21:00:00+00:00,0.0,0.0,16.4,80.0
2025-11-19 22:00:00+00:00,0.0,0.0,16.0,79.0
2025-11-19 23:00:00+00:00,0.0,0.0,15.3,81.0
2025-11-20 00:00:00+00:00,0.0,0.0,14.4,85.0
2025-11-20 01:00:00+00:00,9.0,0.0,14.1,85.0
2025-11-20 02:00:00+00:00,79.0,0.0,14.4,84.0
2025-11-20 03:00:00+00:00,223.0,0.0,16.2,76.0
2025-11-20 04:00:00+00:00,380.0,0.0,19.2,65.0
2025-11-20 05:00:00+00:00,504.5,0.0,22.2,54.0
2025-11-20 06:00:00+00:00,575.5,0.0,24.4,46.0
2025-11-20 07:00:00+00:00,583.5,0.0,25.6,42.0
2025-11-20 08:00:00+00:00,526.5,0.0,26.0,41.0
2025-11-20 09:00:00+00:00,412.5,0.0,26.1,40.0
2025-11-20 10:00:00+00:00,259.5,0.0,25.7,41.0
2025-11-20 11:00:00+00:00,106.0,0.0,25.0,43.0
2025-11-20 12:00:00+00:00,18.0,0.0,23.4,50.0
2025-11-20 13:00:00+00:00,0.0,0.0,22.0,57.0
2025-11-20 14:00:00+00:00,0.0,0.0,21.0,62.0
2025-11-20 15:00:00+00:00,0.0,0.0,20.6,63.0
2025-11-20 16:00:00+00:00,0.0,0.0,20.1,66.0
2025-11-20 17:00:00+00:00,0.0,0.0,19.2,68.0
2025-11-20 18:00:00+00:00,0.0,0.0,18.3,72.0
2025-11-20 19:00:00+00:00,0.0,0.0,17.5,73.0
2025-11-20 20:00:00+00:00,0.0,0.0,16.8,75.0
2025-11-20 21:00:00+00:00,0.0,0.0,16.4,75.0
2025-11-20 22:00:00+00:00,0.0,0.0,16.2,74.0
2025-11-20 23:00:00+00:00,0.0,0.0,15.9,75.0
2025-11-21 00:00:00+00:00,0.0,0.0,15.1,78.0
2025-11-21 01:00:00+00:00,8.5,0.0,14.5,81.0
2025-11-21 02:00:00+00:00,77.0,0.0,15.0,79.0
2025-11-21 03:00:00+00:00,220.0,0.0,17.7,69.0
2025-11-21 04:00:00+00:00,377.0,0.0,20.5,62.0
2025-11-21 05:00:00+00:00,501.0,0.0,22.8,55.0
2025-11-21 06:00:00+00:00,571.5,0.0,24.5,46.0
2025-11-21 07:00:00+00:00,579.5,0.0,25.6,40.0
2025-11-21 08:00:00+00:00,523.0,0.0,26.1,38.0
2025-11-21 09:00:00+00:00,409.5,0.0,26.2,38.0
2025-11-21 10:00:00+00:00,257.5,0.0,26.0,38.0
2025-11-21 11:00:00+00:00,105.0,0.0,25.4,39.0
2025-11-21 12:00:00+00:00,17.5,0.0,23.5,50.0
2025-11-21 13:00:00+00:00,0.0,0.0,22.9,55.0
2025-11-21 14:00:00+00:00,0.0,0.0,21.6,57.0
2025-11-21 15:00:00+00:00,0.0,0.0,20.6,61.0
2025-11-21 16:00:00+00:00,0.0,0.0,20.1,62.0
2025-11-21 17:00:00+00:00,0.0,0.0,19.3,66.0
2025-11-21 18:00:00+00:00,0.0,0.0,18.6,72.0
2025-11-21 19:00:00+00:00,0.0,0.0,18.2,73.0
2025-11-21 20:00:00+00:00,0.0,0.0,17.8,74.0
2025-11-21 21:00:00+00:00,0.0,0.0,17.4,76.0
2025-11-21 22:00:00+00:00,0.0,0.0,16.7,78.0
2025-11-21 23:00:00+00:00,0.0,0.0,15.9,80.0
2025-11-22 00:00:00+00:00,0.0,0.0,14.8,84.0
2025-11-22 01:00:00+00:00,8.5,0.0,14.1,87.0
2025-11-22 02:00:00+00:00,77.5,0.0,14.4,86.0
2025-11-22 03:00:00+00:00,222.5,0.0,16.7,76.0
2025-11-22 04:00:00+00:00,382.0,0.0,20.0,63.0
2025-11-22 05:00:00+00:00,508.5,0.0,22.9,51.0
2025-11-22 06:00:00+00:00,580.0,0.0,24.6,37.0
2025-11-22 07:00:00+00:00,587.5,0.0,25.7,32.0
2025-11-22 08:00:00+00:00,531.0,0.0,26.1,30.0
2025-11-22 09:00:00+00:00,416.5,0.0,26.2,29.0
2025-11-22 10:00:00+00:00,262.0,0.0,25.8,29.0
2025-11-22 11:00:00+00:00,107.0,0.0,25.0,30.0
2025-11-22 12:00:00+00:00,18.0,0.0,22.7,43.0
2025-11-22 13:00:00+00:00,0.0,0.0,21.8,46.0
2025-11-22 14:00:00+00:00,0.0,0.0,21.4,48.0
2025-11-22 15:00:00+00:00,0.0,0.0,20.8,50.0
2025-11-22 16:00:00+00:00,0.0,0.0,20.1,51.0
2025-11-22 17:00:00+00:00,0.0,0.0,19.4,53.0
2025-11-22 18:00:00+00:00,0.0,0.0,19.0,56.0
2025-11-22 19:00:00+00:00,0.0,0.0,17.8,59.0
2025-11-22 20:00:00+00:00,0.0,0.0,17.0,63.0
2025-11-22 21:00:00+00:00,0.0,0.0,16.1,68.0
2025-11-22 22:00:00+00:00,0.0,0.0,14.6,74.0
2025-11-22 23:00:00+00:00,0.0,0.0,13.7,78.0
2025-11-23 00:00:00+00:00,0.0,0.0,13.2,82.0
2025-11-23 01:00:00+00:00,8.0,0.0,13.2,82.0
2025-11-23 02:00:00+00:00,75.5,0.0,13.5,80.0
2025-11-23 03:00:00+00:00,219.0,0.0,15.8,70.0
2025-11-23 04:00:00+00:00,378.0,0.0,19.3,57.0
2025-11-23 05:00:00+00:00,504.5,0.0,22.1,46.0
2025-11-23 06:00:00+00:00,576.5,0.0,24.0,39.0
2025-11-23 07:00:00+00:00,584.5,0.0,25.5,31.0
2025-11-23 08:00:00+00:00,528.5,0.0,25.9,29.0
2025-11-23 09:00:00+00:00,415.5,0.0,25.9,28.0
2025-11-23 10:00:00+00:00,262.0,0.0,25.4,29.0
2025-11-23 11:00:00+00:00,107.0,0.0,24.4,33.0
2025-11-23 12:00:00+00:00,18.0,0.0,22.3,42.0
2025-11-23 13:00:00+00:00,0.0,0.0,21.5,46.0
2025-11-23 14:00:00+00:00,0.0,0.0,20.4,52.0
2025-11-23 15:00:00+00:00,0.0,0.0,19.4,56.0
2025-11-23 16:00:00+00:00,0.0,0.0,18.4,60.0
2025-11-23 17:00:00+00:00,0.0,0.0,17.8,63.0
2025-11-23 18:00:00+00:00,0.0,0.0,17.2,66.0
2025-11-23 19:00:00+00:00,0.0,0.0,16.3,69.0
2025-11-23 20:00:00+00:00,0.0,0.0,15.7,71.0
2025-11-23 21:00:00+00:00,0.0,0.0,14.8,75.0
2025-11-23 22:00:00+00:00,0.0,0.0,13.9,79.0
2025-11-23 23:00:00+00:00,0.0,0.0,13.2,81.0
2025-11-24 00:00:00+00:00,0.0,0.0,12.4,88.0
2025-11-24 01:00:00+00:00,7.5,0.0,12.2,88.0
2025-11-24 02:00:00+00:00,74.0,0.0,12.7,84.0
2025-11-24 03:00:00+00:00,216.5,0.0,14.7,75.0
2025-11-24 04:00:00+00:00,374.5,0.0,17.8,62.0
2025-11-24 05:00:00+00:00,500.5,0.0,20.6,52.0
2025-11-24 06:00:00+00:00,573.5,0.0,22.8,42.0
2025-11-24 07:00:00+00:00,583.0,0.0,24.2,36.0
2025-11-24 08:00:00+00:00,527.5,0.0,24.8,31.0
2025-11-24 09:00:00+00:00,414.5,0.0,25.0,30.0
2025-11-24 10:00:00+00:00,261.5,0.0,24.8,29.0
2025-11-24 11:00:00+00:00,106.5,0.0,23.9,31.0
2025-11-24 12:00:00+00:00,17.5,0.0,21.5,44.0
2025-11-24 13:00:00+00:00,0.0,0.0,20.7,47.0
2025-11-24 14:00:00+00:00,0.0,0.0,20.0,49.0
2025-11-24 15:00:00+00:00,0.0,0.0,19.0,52.0
2025-11-24 16:00:00+00:00,0.0,0.0,18.1,55.0
2025-11-24 17:00:00+00:00,0.0,0.0,17.2,58.0
2025-11-24 18:00:00+00:00,0.0,0.0,16.4,63.0
2025-11-24 19:00:00+00:00,0.0,0.0,15.3,66.0
2025-11-24 20:00:00+00:00,0.0,0.0,14.5,67.0
2025-11-24 21:00:00+00:00,0.0,0.0,13.6,72.0
2025-11-24 22:00:00+00:00,0.0,0.0,12.8,75.0
2025-11-24 23:00:00+00:00,0.0,0.0,12.2,77.0
2025-11-25 00:00:00+00:00,0.0,0.0,11.6,82.0
2025-11-25 01:00:00+00:00,7.5,0.0,11.4,83.0
2025-11-25 02:00:00+00:00,74.0,0.0,11.8,80.0
2025-11-25 03:00:00+00:00,217.0,0.0,13.7,72.0
2025-11-25 04:00:00+00:00,376.0,0.0,16.7,59.0
2025-11-25 05:00:00+00:00,502.5,0.0,19.5,50.0
2025-11-25 06:00:00+00:00,574.5,0.0,21.9,42.0
2025-11-25 07:00:00+00:00,582.5,0.0,23.3,36.0
2025-11-25 08:00:00+00:00,526.5,0.0,23.8,35.0
2025-11-25 09:00:00+00:00,413.5,0.0,24.0,34.0
2025-11-25 10:00:00+00:00,260.5,0.0,23.6,34.0
2025-11-25 11:00:00+00:00,106.0,0.0,22.8,35.0
2025-11-25 12:00:00+00:00,17.5,0.0,20.7,44.0
2025-11-25 13:00:00+00:00,0.0,0.0,20.0,46.0
2025-11-25 14:00:00+00:00,0.0,0.0,18.9,51.0
2025-11-25 15:00:00+00:00,0.0,0.0,17.8,55.0
2025-11-25 16:00:00+00:00,0.0,0.0,16.9,60.0
2025-11-25 17:00:00+00:00,0.0,0.0,16.0,63.0
2025-11-25 18:00:00+00:00,0.0,0.0,15.3,68.0
2025-11-25 19:00:00+00:00,0.0,0.0,14.8,67.0
2025-11-25 20:00:00+00:00,0.0,0.0,14.1,69.0
2025-11-25 21:00:00+00:00,0.0,0.0,13.3,73.0
2025-11-25 22:00:00+00:00,0.0,0.0,12.5,76.0
2025-11-25 23:00:00+00:00,0.0,0.0,11.9,79.0
2025-11-26 00:00:00+00:00,0.0,0.0,11.4,85.0
2025-11-26 01:00:00+00:00,7.0,0.0,11.2,86.0
2025-11-26 02:00:00+00:00,72.0,0.0,11.5,83.0
2025-11-26 03:00:00+00:00,213.5,0.0,13.5,74.0
2025-11-26 04:00:00+00:00,373.0,0.0,16.5,62.0
2025-11-26 05:00:00+00:00,502.0,0.0,19.3,51.0
2025-11-26 06:00:00+00:00,577.0,0.0,21.2,43.0
2025-11-26 07:00:00+00:00,587.5,0.0,22.9,35.0
2025-11-26 08:00:00+00:00,532.0,0.0,23.6,32.0
2025-11-26 09:00:00+00:00,417.5,0.0,23.9,31.0
2025-11-26 10:00:00+00:00,262.5,0.0,23.7,31.0
2025-11-26 11:00:00+00:00,106.5,0.0,22.9,33.0
2025-11-26 12:00:00+00:00,17.5,0.0,20.6,45.0
2025-11-26 13:00:00+00:00,0.0,0.0,19.6,46.0
2025-11-26 14:00:00+00:00,0.0,0.0,18.8,51.0
2025-11-26 15:00:00+00:00,0.0,0.0,18.4,52.0
2025-11-26 16:00:00+00:00,0.0,0.0,17.6,54.0
2025-11-26 17:00:00+00:00,0.0,0.0,17.2,56.0
2025-11-26 18:00:00+00:00,0.0,0.0,16.4,60.0
2025-11-26 19:00:00+00:00,0.0,0.0,15.9,61.0
2025-11-26 20:00:00+00:00,0.0,0.0,15.6,62.0
2025-11-26 21:00:00+00:00,0.0,0.0,14.8,65.0
2025-11-26 22:00:00+00:00,0.0,0.0,14.0,67.0
2025-11-26 23:00:00+00:00,0.0,0.0,13.4,70.0
2025-11-27 00:00:00+00:00,0.0,0.0,13.3,71.0
2025-11-27 01:00:00+00:00,6.5,0.0,12.8,74.0
2025-11-27 02:00:00+00:00,71.0,0.0,12.6,77.0
2025-11-27 03:00:00+00:00,213.0,0.0,14.5,71.0
2025-11-27 04:00:00+00:00,372.5,0.0,17.4,59.0
2025-11-27 05:00:00+00:00,500.0,0.0,19.9,47.0
2025-11-27 06:00:00+00:00,573.0,0.0,21.6,35.0
2025-11-27 07:00:00+00:00,582.0,0.0,23.2,31.0
2025-11-27 08:00:00+00:00,526.5,0.0,24.0,29.0
2025-11-27 09:00:00+00:00,413.5,0.0,24.4,29.0
2025-11-27 10:00:00+00:00,260.0,0.0,24.3,29.0
2025-11-27 11:00:00+00:00,105.0,0.0,23.5,32.0
2025-11-27 12:00:00+00:00,17.0,0.0,21.3,46.0
2025-11-27 13:00:00+00:00,0.0,0.0,20.3,49.0
2025-11-27 14:00:00+00:00,0.0,0.0,19.3,54.0
2025-11-27 15:00:00+00:00,0.0,0.0,18.6,58.0
2025-11-27 16:00:00+00:00,0.0,0.0,17.7,62.0
2025-11-27 17:00:00+00:00,0.0,0.0,16.9,66.0
2025-11-27 18:00:00+00:00,0.0,0.0,16.2,71.0
2025-11-27 19:00:00+00:00,0.0,0.0,15.3,74.0
2025-11-27 20:00:00+00:00,0.0,0.0,14.7,75.0
2025-11-27 21:00:00+00:00,0.0,1.0,14.2,76.0
2025-11-27 22:00:00+00:00,0.0,1.0,13.4,79.0
2025-11-27 23:00:00+00:00,0.0,0.0,12.5,84.0
2025-11-28 00:00:00+00:00,0.0,0.0,11.8,88.0
2025-11-28 01:00:00+00:00,6.0,0.0,11.5,88.0
2025-11-28 02:00:00+00:00,67.5,0.0,12.1,84.0
2025-11-28 03:00:00+00:00,205.0,0.0,14.2,73.0
2025-11-28 04:00:00+00:00,360.5,0.0,16.7,63.0
2025-11-28 05:00:00+00:00,485.0,0.0,19.3,53.0
2025-11-28 06:00:00+00:00,536.5,26.0,21.8,44.0
2025-11-28 07:00:00+00:00,490.0,55.0,23.6,36.0
2025-11-28 08:00:00+00:00,429.0,47.0,24.6,32.0
2025-11-28 09:00:00+00:00,367.0,23.0,25.2,30.0
2025-11-28 10:00:00+00:00,242.5,5.0,25.2,29.0
2025-11-28 11:00:00+00:00,99.5,0.0,24.3,33.0
2025-11-28 12:00:00+00:00,16.5,1.0,20.8,54.0
2025-11-28 13:00:00+00:00,0.0,0.0,20.5,52.0
2025-11-28 14:00:00+00:00,0.0,1.0,19.8,54.0
2025-11-28 15:00:00+00:00,0.0,5.0,19.1,57.0
2025-11-28 16:00:00+00:00,0.0,12.0,18.4,60.0
2025-11-28 17:00:00+00:00,0.0,1.0,17.6,64.0
2025-11-28 18:00:00+00:00,0.0,2.0,16.5,71.0
2025-11-28 19:00:00+00:00,0.0,0.0,15.9,71.0
2025-11-28 20:00:00+00:00,0.0,0.0,15.5,71.0
2025-11-28 21:00:00+00:00,0.0,0.0,15.0,72.0
2025-11-28 22:00:00+00:00,0.0,0.0,14.7,71.0
2025-11-28 23:00:00+00:00,0.0,0.0,14.4,71.0
2025-11-29 00:00:00+00:00,0.0,0.0,13.9,73.0
2025-11-29 01:00:00+00:00,5.5,0.0,13.7,73.0
2025-11-29 02:00:00+00:00,64.5,0.0,13.7,73.0
2025-11-29 03:00:00+00:00,197.0,0.0,15.1,68.0
2025-11-29 04:00:00+00:00,350.5,0.0,17.4,60.0
2025-11-29 05:00:00+00:00,476.5,0.0,20.1,49.0
2025-11-29 06:00:00+00:00,549.0,0.0,23.0,41.0
2025-11-29 07:00:00+00:00,559.5,0.0,25.1,32.0
2025-11-29 08:00:00+00:00,507.5,0.0,25.9,30.0
2025-11-29 09:00:00+00:00,398.5,0.0,25.9,32.0
2025-11-29 10:00:00+00:00,250.0,0.0,25.4,34.0
2025-11-29 11:00:00+00:00,101.0,0.0,24.5,36.0
2025-11-29 12:00:00+00:00,16.5,1.0,22.5,42.0
2025-11-29 13:00:00+00:00,0.0,0.0,21.5,44.0
2025-11-29 14:00:00+00:00,0.0,0.0,20.5,47.0
2025-11-29 15:00:00+00:00,0.0,0.0,19.5,50.0
2025-11-29 16:00:00+00:00,0.0,0.0,18.6,52.0
2025-11-29 17:00:00+00:00,0.0,0.0,17.7,53.0
2025-11-29 18:00:00+00:00,0.0,0.0,16.6,58.0
2025-11-29 19:00:00+00:00,0.0,0.0,16.1,57.0
2025-11-29 20:00:00+00:00,0.0,51.0,15.1,58.0
2025-11-29 21:00:00+00:00,0.0,76.0,14.0,60.0
2025-11-29 22:00:00+00:00,0.0,82.0,13.4,60.0
2025-11-29 23:00:00+00:00,0.0,95.0,12.8,61.0
2025-11-30 00:00:00+00:00,0.0,100.0,12.5,68.0
2025-11-30 01:00:00+00:00,5.5,100.0,11.7,71.0
2025-11-30 02:00:00+00:00,64.0,81.0,11.9,71.0
2025-11-30 03:00:00+00:00,197.0,98.0,13.4,65.0
2025-11-30 04:00:00+00:00,352.0,100.0,15.8,56.0
2025-11-30 05:00:00+00:00,472.5,98.0,18.5,47.0
2025-11-30 06:00:00+00:00,536.5,98.0,21.2,38.0
2025-11-30 07:00:00+00:00,532.0,99.0,23.0,32.0
2025-11-30 08:00:00+00:00,444.5,100.0,23.6,31.0
2025-11-30 09:00:00+00:00,339.5,99.0,23.4,31.0
2025-11-30 10:00:00+00:00,235.0,90.0,23.2,31.0
2025-11-30 11:00:00+00:00,102.5,52.0,22.5,32.0
2025-11-30 12:00:00+00:00,17.0,36.0,20.4,39.0
2025-11-30 13:00:00+00:00,0.0,16.0,19.5,42.0
2025-11-30 14:00:00+00:00,0.0,0.0,18.3,45.0
2025-11-30 15:00:00+00:00,0.0,0.0,17.2,47.0
2025-11-30 16:00:00+00:00,0.0,0.0,16.5,48.0
2025-11-30 17:00:00+00:00,0.0,0.0,15.7,48.0
2025-11-30 18:00:00+00:00,0.0,0.0,15.1,51.0
2025-11-30 19:00:00+00:00,0.0,0.0,13.9,51.0
2025-11-30 20:00:00+00:00,0.0,0.0,13.2,53.0
2025-11-30 21:00:00+00:00,0.0,0.0,12.6,55.0
2025-11-30 22:00:00+00:00,0.0,0.0,12.1,58.0
2025-11-30 23:00:00+00:00,0.0,0.0,11.6,60.0
2025-12-01 00:00:00+00:00,0.0,0.0,11.0,69.0
2025-12-01 01:00:00+00:00,5.5,0.0,10.2,73.0
2025-12-01 02:00:00+00:00,66.5,0.0,10.0,75.0
2025-12-01 03:00:00+00:00,206.0,0.0,12.2,65.0
2025-12-01 04:00:00+00:00,365.0,0.0,15.2,54.0
2025-12-01 05:00:00+00:00,492.0,0.0,18.1,44.0
2025-12-01 06:00:00+00:00,565.5,0.0,21.1,34.0
2025-12-01 07:00:00+00:00,576.0,0.0,23.2,28.0
2025-12-01 08:00:00+00:00,522.0,0.0,24.1,26.0
2025-12-01 09:00:00+00:00,410.5,0.0,24.3,26.0
2025-12-01 10:00:00+00:00,258.5,0.0,24.0,27.0
2025-12-01 11:00:00+00:00,104.5,0.0,23.1,30.0
2025-12-01 12:00:00+00:00,17.0,0.0,20.8,40.0
2025-12-01 13:00:00+00:00,0.0,0.0,20.0,43.0
2025-12-01 14:00:00+00:00,0.0,0.0,18.8,47.0
2025-12-01 15:00:00+00:00,0.0,0.0,17.9,51.0
2025-12-01 16:00:00+00:00,0.0,0.0,17.1,55.0
2025-12-01 17:00:00+00:00,0.0,0.0,16.3,58.0
2025-12-01 18:00:00+00:00,0.0,0.0,15.9,61.0
2025-12-01 19:00:00+00:00,0.0,0.0,14.9,65.0
2025-12-01 20:00:00+00:00,0.0,0.0,14.1,69.0
2025-12-01 21:00:00+00:00,0.0,0.0,13.6,70.0
2025-12-01 22:00:00+00:00,0.0,2.0,13.4,69.0
2025-12-01 23:00:00+00:00,0.0,3.0,13.2,69.0
2025-12-02 00:00:00+00:00,0.0,17.0,12.8,74.0
2025-12-02 01:00:00+00:00,4.5,8.0,12.7,72.0
2025-12-02 02:00:00+00:00,59.5,4.0,12.9,71.0
2025-12-02 03:00:00+00:00,188.5,2.0,15.0,61.0
2025-12-02 04:00:00+00:00,340.0,2.0,18.0,51.0
2025-12-02 05:00:00+00:00,464.5,0.0,20.8,43.0
2025-12-02 06:00:00+00:00,538.5,0.0,22.8,46.0
2025-12-02 07:00:00+00:00,552.0,0.0,24.2,46.0
2025-12-02 08:00:00+00:00,501.0,5.0,24.9,45.0
2025-12-02 09:00:00+00:00,390.0,12.0,25.2,42.0
2025-12-02 10:00:00+00:00,242.5,4.0,25.0,41.0
2025-12-02 11:00:00+00:00,98.0,21.0,24.2,44.0
2025-12-02 12:00:00+00:00,16.0,7.0,21.8,52.0
2025-12-02 13:00:00+00:00,0.0,0.0,20.9,51.0
2025-12-02 14:00:00+00:00,0.0,0.0,19.8,51.0
2025-12-02 15:00:00+00:00,0.0,0.0,18.6,55.0
2025-12-02 16:00:00+00:00,0.0,0.0,18.1,56.0
2025-12-02 17:00:00+00:00,0.0,0.0,16.7,59.0
2025-12-02 18:00:00+00:00,0.0,0.0,15.8,65.0
2025-12-02 19:00:00+00:00,0.0,0.0,14.4,67.0
2025-12-02 20:00:00+00:00,0.0,0.0,13.7,67.0
2025-12-02 21:00:00+00:00,0.0,0.0,12.8,68.0
2025-12-02 22:00:00+00:00,0.0,0.0,12.1,69.0
2025-12-02 23:00:00+00:00,0.0,0.0,11.3,71.0
2025-12-03 00:00:00+00:00,0.0,0.0,10.8,77.0
2025-12-03 01:00:00+00:00,5.0,0.0,10.3,79.0
2025-12-03 02:00:00+00:00,64.0,0.0,10.4,78.0
2025-12-03 03:00:00+00:00,202.0,0.0,12.5,69.0
2025-12-03 04:00:00+00:00,362.5,0.0,15.1,59.0
2025-12-03 05:00:00+00:00,492.5,0.0,17.9,49.0
2025-12-03 06:00:00+00:00,568.5,0.0,20.2,40.0
2025-12-03 07:00:00+00:00,580.5,0.0,21.7,34.0
2025-12-03 08:00:00+00:00,527.0,0.0,22.6,30.0
2025-12-03 09:00:00+00:00,414.5,0.0,22.9,29.0
2025-12-03 10:00:00+00:00,261.0,0.0,22.4,30.0
2025-12-03 11:00:00+00:00,105.5,0.0,21.4,34.0
2025-12-03 12:00:00+00:00,17.0,0.0,19.5,41.0
2025-12-03 13:00:00+00:00,0.0,0.0,18.8,45.0
2025-12-03 14:00:00+00:00,0.0,0.0,17.8,49.0
2025-12-03 15:00:00+00:00,0.0,9.0,16.8,52.0
2025-12-03 16:00:00+00:00,0.0,14.0,15.8,55.0
2025-12-03 17:00:00+00:00,0.0,49.0,14.9,57.0
2025-12-03 18:00:00+00:00,0.0,54.0,13.9,63.0
2025-12-03 19:00:00+00:00,0.0,71.0,12.9,66.0
2025-12-03 20:00:00+00:00,0.0,89.0,12.0,69.0
2025-12-03 21:00:00+00:00,0.0,37.0,11.5,70.0
2025-12-03 22:00:00+00:00,0.0,5.0,11.1,71.0
2025-12-03 23:00:00+00:00,0.0,0.0,10.7,72.0
2025-12-04 00:00:00+00:00,0.0,1.0,10.1,75.0
2025-12-04 01:00:00+00:00,4.5,7.0,9.8,75.0
2025-12-04 02:00:00+00:00,63.0,2.0,9.9,74.0
2025-12-04 03:00:00+00:00,198.0,14.0,11.4,68.0
2025-12-04 04:00:00+00:00,345.5,66.0,13.8,60.0
2025-12-04 05:00:00+00:00,459.5,82.0,16.4,51.0
2025-12-04 06:00:00+00:00,536.5,71.0,19.2,44.0
2025-12-04 07:00:00+00:00,564.5,15.0,20.8,38.0
2025-12-04 08:00:00+00:00,523.5,0.0,21.6,34.0
2025-12-04 09:00:00+00:00,414.5,0.0,21.9,32.0
2025-12-04 10:00:00+00:00,261.5,0.0,21.5,33.0
2025-12-04 11:00:00+00:00,106.0,0.0,20.6,36.0
2025-12-04 12:00:00+00:00,17.0,0.0,18.3,44.0
2025-12-04 13:00:00+00:00,0.0,0.0,17.5,47.0
2025-12-04 14:00:00+00:00,0.0,0.0,16.6,51.0
2025-12-04 15:00:00+00:00,0.0,0.0,15.7,54.0
2025-12-04 16:00:00+00:00,0.0,0.0,14.8,56.0
2025-12-04 17:00:00+00:00,0.0,0.0,14.0,58.0
2025-12-04 18:00:00+00:00,0.0,0.0,13.5,62.0
2025-12-04 19:00:00+00:00,0.0,0.0,12.3,65.0
2025-12-04 20:00:00+00:00,0.0,0.0,11.5,67.0
2025-12-04 21:00:00+00:00,0.0,0.0,10.9,68.0
2025-12-04 22:00:00+00:00,0.0,0.0,10.2,70.0
2025-12-04 23:00:00+00:00,0.0,0.0,9.5,74.0
2025-12-05 00:00:00+00:00,0.0,0.0,8.9,80.0
2025-12-05 01:00:00+00:00,4.0,0.0,8.6,81.0
2025-12-05 02:00:00+00:00,60.5,0.0,8.7,80.0
2025-12-05 03:00:00+00:00,196.5,0.0,10.5,71.0
2025-12-05 04:00:00+00:00,356.0,0.0,13.7,59.0
2025-12-05 05:00:00+00:00,485.0,0.0,16.8,47.0
2025-12-05 06:00:00+00:00,560.0,0.0,19.3,38.0
2025-12-05 07:00:00+00:00,571.0,0.0,20.8,31.0
2025-12-05 08:00:00+00:00,517.5,0.0,21.5,29.0
2025-12-05 09:00:00+00:00,406.5,0.0,21.8,31.0
2025-12-05 10:00:00+00:00,256.0,0.0,21.7,33.0
2025-12-05 11:00:00+00:00,104.0,0.0,20.8,37.0
2025-12-05 12:00:00+00:00,17.0,0.0,19.0,44.0
2025-12-05 13:00:00+00:00,0.0,0.0,18.2,48.0
2025-12-05 14:00:00+00:00,0.0,0.0,17.3,51.0
2025-12-05 15:00:00+00:00,0.0,0.0,16.2,56.0
2025-12-05 16:00:00+00:00,0.0,0.0,15.1,60.0
2025-12-05 17:00:00+00:00,0.0,0.0,14.4,62.0
2025-12-05 18:00:00+00:00,0.0,0.0,13.5,67.0
2025-12-05 19:00:00+00:00,0.0,0.0,12.9,66.0
2025-12-05 20:00:00+00:00,0.0,0.0,12.3,67.0
2025-12-05 21:00:00+00:00,0.0,0.0,11.8,68.0
2025-12-05 22:00:00+00:00,0.0,5.0,11.3,69.0
2025-12-05 23:00:00+00:00,0.0,97.0,10.9,70.0
2025-12-06 00:00:00+00:00,0.0,94.0,10.5,75.0
2025-12-06 01:00:00+00:00,4.0,0.0,10.2,76.0
2025-12-06 02:00:00+00:00,59.0,2.0,10.4,74.0
2025-12-06 03:00:00+00:00,192.0,0.0,11.9,68.0
2025-12-06 04:00:00+00:00,350.0,0.0,14.2,58.0
2025-12-06 05:00:00+00:00,479.5,12.0,16.8,49.0
2025-12-06 06:00:00+00:00,556.0,0.0,19.7,42.0
2025-12-06 07:00:00+00:00,568.5,85.0,21.9,35.0
2025-12-06 08:00:00+00:00,516.0,32.0,23.1,32.0
2025-12-06 09:00:00+00:00,397.5,55.0,23.6,32.0
2025-12-06 10:00:00+00:00,243.0,73.0,23.1,34.0
2025-12-06 11:00:00+00:00,98.5,98.0,22.1,36.0
2025-12-06 12:00:00+00:00,16.0,77.0,20.2,42.0
2025-12-06 13:00:00+00:00,0.0,87.0,19.4,42.0
2025-12-06 14:00:00+00:00,0.0,100.0,18.3,43.0
2025-12-06 15:00:00+00:00,0.0,84.0,17.6,44.0
2025-12-06 16:00:00+00:00,0.0,100.0,16.5,47.0
2025-12-06 17:00:00+00:00,0.0,96.0,15.9,50.0
2025-12-06 18:00:00+00:00,0.0,100.0,15.1,54.0
2025-12-06 19:00:00+00:00,0.0,99.0,14.5,57.0
2025-12-06 20:00:00+00:00,0.0,5.0,13.8,60.0
2025-12-06 21:00:00+00:00,0.0,13.0,13.2,63.0
2025-12-06 22:00:00+00:00,0.0,0.0,12.7,65.0
2025-12-06 23:00:00+00:00,0.0,0.0,12.3,67.0
2025-12-07 00:00:00+00:00,0.0,0.0,11.4,73.0
2025-12-07 01:00:00+00:00,3.5,0.0,10.8,76.0
2025-12-07 02:00:00+00:00,56.5,0.0,10.7,76.0
2025-12-07 03:00:00+00:00,186.5,0.0,12.1,70.0
2025-12-07 04:00:00+00:00,341.5,0.0,14.6,61.0
2025-12-07 05:00:00+00:00,468.5,0.0,17.4,52.0
2025-12-07 06:00:00+00:00,544.0,0.0,20.3,44.0
2025-12-07 07:00:00+00:00,558.0,0.0,22.4,39.0
2025-12-07 08:00:00+00:00,508.5,0.0,23.7,35.0
2025-12-07 09:00:00+00:00,401.0,0.0,24.1,35.0
2025-12-07 10:00:00+00:00,252.5,32.0,23.7,38.0
2025-12-07 11:00:00+00:00,102.0,77.0,22.7,41.0
2025-12-07 12:00:00+00:00,16.5,87.0,20.8,49.0
2025-12-07 13:00:00+00:00,0.0,72.0,20.3,52.0
2025-12-07 14:00:00+00:00,0.0,48.0,19.3,55.0
2025-12-07 15:00:00+00:00,0.0,97.0,18.3,58.0
2025-12-07 16:00:00+00:00,0.0,36.0,17.4,60.0
2025-12-07 17:00:00+00:00,0.0,56.0,16.6,61.0
2025-12-07 18:00:00+00:00,0.0,95.0,15.9,63.0
2025-12-07 19:00:00+00:00,0.0,100.0,15.2,64.0
2025-12-07 20:00:00+00:00,0.0,100.0,15.0,63.0
2025-12-07 21:00:00+00:00,0.0,99.0,14.6,62.0
2025-12-07 22:00:00+00:00,0.0,2.0,14.2,63.0
2025-12-07 23:00:00+00:00,0.0,2.0,13.7,65.0
2025-12-08 00:00:00+00:00,0.0,0.0,12.8,69.0
2025-12-08 01:00:00+00:00,3.5,0.0,12.2,72.0
2025-12-08 02:00:00+00:00,55.5,1.0,12.1,73.0
2025-12-08 03:00:00+00:00,185.0,0.0,13.5,67.0
2025-12-08 04:00:00+00:00,341.5,0.0,15.8,59.0
2025-12-08 05:00:00+00:00,470.0,0.0,18.6,49.0
2025-12-08 06:00:00+00:00,547.0,0.0,21.5,41.0
2025-12-08 07:00:00+00:00,561.5,0.0,23.6,36.0
2025-12-08 08:00:00+00:00,510.5,0.0,24.9,32.0
2025-12-08 09:00:00+00:00,402.5,0.0,25.2,31.0
2025-12-08 10:00:00+00:00,255.5,0.0,24.7,32.0
2025-12-08 11:00:00+00:00,105.0,0.0,23.7,35.0
2025-12-08 12:00:00+00:00,17.5,0.0,21.8,42.0
2025-12-08 13:00:00+00:00,0.0,0.0,20.7,47.0
2025-12-08 14:00:00+00:00,0.0,0.0,19.5,50.0
2025-12-08 15:00:00+00:00,0.0,0.0,18.6,51.0
2025-12-08 16:00:00+00:00,0.0,0.0,17.7,52.0
2025-12-08 17:00:00+00:00,0.0,0.0,16.8,53.0
2025-12-08 18:00:00+00:00,0.0,0.0,15.9,56.0
2025-12-08 19:00:00+00:00,0.0,0.0,15.0,58.0
2025-12-08 20:00:00+00:00,0.0,0.0,14.3,60.0
2025-12-08 21:00:00+00:00,0.0,0.0,13.7,63.0
2025-12-08 22:00:00+00:00,0.0,0.0,13.2,65.0
2025-12-08 23:00:00+00:00,0.0,0.0,12.8,67.0
2025-12-09 00:00:00+00:00,0.0,0.0,12.1,71.0
2025-12-09 01:00:00+00:00,3.0,0.0,11.7,72.0
2025-12-09 02:00:00+00:00,56.0,0.0,11.6,73.0
2025-12-09 03:00:00+00:00,189.0,0.0,12.8,68.0
2025-12-09 04:00:00+00:00,348.0,0.0,15.1,60.0
2025-12-09 05:00:00+00:00,477.5,0.0,17.9,51.0
2025-12-09 06:00:00+00:00,553.5,0.0,20.8,44.0
2025-12-09 07:00:00+00:00,566.5,0.0,22.9,38.0
2025-12-09 08:00:00+00:00,516.5,0.0,24.1,33.0
2025-12-09 09:00:00+00:00,408.5,0.0,24.5,31.0
2025-12-09 10:00:00+00:00,258.5,0.0,24.1,34.0
2025-12-09 11:00:00+00:00,105.5,0.0,23.1,38.0
2025-12-09 12:00:00+00:00,17.5,0.0,21.0,46.0
2025-12-09 13:00:00+00:00,0.0,0.0,20.3,49.0
2025-12-09 14:00:00+00:00,0.0,0.0,19.4,51.0
2025-12-09 15:00:00+00:00,0.0,1.0,18.7,52.0
2025-12-09 16:00:00+00:00,0.0,0.0,18.2,53.0
2025-12-09 17:00:00+00:00,0.0,0.0,17.5,55.0
2025-12-09 18:00:00+00:00,0.0,2.0,16.5,58.0
2025-12-09 19:00:00+00:00,0.0,20.0,15.3,62.0
2025-12-09 20:00:00+00:00,0.0,100.0,14.7,64.0
2025-12-09 21:00:00+00:00,0.0,0.0,14.2,66.0
2025-12-09 22:00:00+00:00,0.0,0.0,13.6,68.0
2025-12-09 23:00:00+00:00,0.0,0.0,13.2,70.0
2025-12-10 00:00:00+00:00,0.0,0.0,12.6,71.0
2025-12-10 01:00:00+00:00,3.0,3.0,12.1,73.0
2025-12-10 02:00:00+00:00,54.5,0.0,11.8,75.0
2025-12-10 03:00:00+00:00,184.5,9.0,13.0,70.0
2025-12-10 04:00:00+00:00,341.5,0.0,15.2,61.0
2025-12-10 05:00:00+00:00,470.5,0.0,17.9,52.0
2025-12-10 06:00:00+00:00,547.0,0.0,20.7,44.0
2025-12-10 07:00:00+00:00,560.5,0.0,22.7,38.0
2025-12-10 08:00:00+00:00,511.0,0.0,23.7,36.0
2025-12-10 09:00:00+00:00,404.0,0.0,24.1,35.0
2025-12-10 10:00:00+00:00,255.5,0.0,23.7,38.0
2025-12-10 11:00:00+00:00,104.5,3.0,22.8,43.0
2025-12-10 12:00:00+00:00,17.5,1.0,20.4,54.0
2025-12-10 13:00:00+00:00,0.0,0.0,20.3,53.0
2025-12-10 14:00:00+00:00,0.0,0.0,19.4,55.0
2025-12-10 15:00:00+00:00,0.0,0.0,18.4,58.0
2025-12-10 16:00:00+00:00,0.0,0.0,17.6,60.0
2025-12-10 17:00:00+00:00,0.0,20.0,17.0,61.0
2025-12-10 18:00:00+00:00,0.0,0.0,16.6,61.0
2025-12-10 19:00:00+00:00,0.0,0.0,15.2,64.0
2025-12-10 20:00:00+00:00,0.0,0.0,14.2,68.0
2025-12-10 21:00:00+00:00,0.0,0.0,13.2,73.0
2025-12-10 22:00:00+00:00,0.0,0.0,12.4,76.0
2025-12-10 23:00:00+00:00,0.0,0.0,12.1,78.0
2025-12-11 00:00:00+00:00,0.0,0.0,11.1,85.0
2025-12-11 01:00:00+00:00,2.5,0.0,10.8,86.0
2025-12-11 02:00:00+00:00,52.0,0.0,10.8,85.0
2025-12-11 03:00:00+00:00,178.5,0.0,12.4,76.0
2025-12-11 04:00:00+00:00,333.0,0.0,15.2,64.0
2025-12-11 05:00:00+00:00,461.5,0.0,18.3,52.0
2025-12-11 06:00:00+00:00,539.5,0.0,21.5,44.0
2025-12-11 07:00:00+00:00,555.5,0.0,23.5,37.0
2025-12-11 08:00:00+00:00,507.5,0.0,24.4,34.0
2025-12-11 09:00:00+00:00,402.0,0.0,24.7,33.0
2025-12-11 10:00:00+00:00,255.5,0.0,24.3,34.0
2025-12-11 11:00:00+00:00,105.0,0.0,23.4,38.0
2025-12-11 12:00:00+00:00,17.5,0.0,20.7,52.0
2025-12-11 13:00:00+00:00,0.0,0.0,20.0,55.0
2025-12-11 14:00:00+00:00,0.0,0.0,19.1,59.0
2025-12-11 15:00:00+00:00,0.0,0.0,18.2,62.0
2025-12-11 16:00:00+00:00,0.0,0.0,17.5,64.0
2025-12-11 17:00:00+00:00,0.0,0.0,17.1,65.0
2025-12-11 18:00:00+00:00,0.0,0.0,16.9,66.0
2025-12-11 19:00:00+00:00,0.0,0.0,15.4,71.0
2025-12-11 20:00:00+00:00,0.0,0.0,14.0,77.0
2025-12-11 21:00:00+00:00,0.0,0.0,13.2,80.0
2025-12-11 22:00:00+00:00,0.0,0.0,12.4,83.0
2025-12-11 23:00:00+00:00,0.0,0.0,11.8,85.0
2025-12-12 00:00:00+00:00,0.0,0.0,11.2,88.0
2025-12-12 01:00:00+00:00,2.5,0.0,10.5,90.0
2025-12-12 02:00:00+00:00,52.0,0.0,10.4,90.0
2025-12-12 03:00:00+00:00,180.0,0.0,12.2,82.0
2025-12-12 04:00:00+00:00,334.5,0.0,15.3,69.0
2025-12-12 05:00:00+00:00,461.5,0.0,18.4,56.0
2025-12-12 06:00:00+00:00,539.5,4.0,21.0,47.0
2025-12-12 07:00:00+00:00,555.5,4.0,22.9,40.0
2025-12-12 08:00:00+00:00,507.0,2.0,23.9,35.0
2025-12-12 09:00:00+00:00,401.5,0.0,24.4,32.0
2025-12-12 10:00:00+00:00,255.5,0.0,24.3,31.0
2025-12-12 11:00:00+00:00,105.0,20.0,23.5,34.0
2025-12-12 12:00:00+00:00,17.5,99.0,21.0,48.0
2025-12-12 13:00:00+00:00,0.0,94.0,19.9,53.0
2025-12-12 14:00:00+00:00,0.0,95.0,19.1,57.0
2025-12-12 15:00:00+00:00,0.0,0.0,18.4,61.0
2025-12-12 16:00:00+00:00,0.0,19.0,17.9,63.0
2025-12-12 17:00:00+00:00,0.0,0.0,17.2,66.0
2025-12-12 18:00:00+00:00,0.0,0.0,16.4,69.0
2025-12-12 19:00:00+00:00,0.0,13.0,15.3,75.0
2025-12-12 20:00:00+00:00,0.0,6.0,14.3,80.0
2025-12-12 21:00:00+00:00,0.0,0.0,13.9,82.0
2025-12-12 22:00:00+00:00,0.0,0.0,13.7,82.0
2025-12-12 23:00:00+00:00,0.0,4.0,13.4,83.0
2025-12-13 00:00:00+00:00,0.0,38.0,13.1,82.0
2025-12-13 01:00:00+00:00,2.5,97.0,12.8,83.0
2025-12-13 02:00:00+00:00,40.5,100.0,12.7,84.0
2025-12-13 03:00:00+00:00,163.0,13.0,14.1,79.0
2025-12-13 04:00:00+00:00,326.5,9.0,16.5,69.0
2025-12-13 05:00:00+00:00,456.5,4.0,19.3,58.0
2025-12-13 06:00:00+00:00,534.5,12.0,21.4,52.0
2025-12-13 07:00:00+00:00,551.0,13.0,23.1,44.0
2025-12-13 08:00:00+00:00,502.5,35.0,24.0,40.0
2025-12-13 09:00:00+00:00,390.5,100.0,24.5,37.0
2025-12-13 10:00:00+00:00,246.5,34.0,24.4,37.0
2025-12-13 11:00:00+00:00,105.0,73.0,23.8,39.0
2025-12-13 12:00:00+00:00,18.0,86.0,21.0,52.0
2025-12-13 13:00:00+00:00,0.0,78.0,20.2,57.0
2025-12-13 14:00:00+00:00,0.0,98.0,19.2,64.0
2025-12-13 15:00:00+00:00,0.0,100.0,18.2,68.0
2025-12-13 16:00:00+00:00,0.0,80.0,17.3,72.0
2025-12-13 17:00:00+00:00,0.0,100.0,16.3,77.0
2025-12-13 18:00:00+00:00,0.0,100.0,15.4,83.0
2025-12-13 19:00:00+00:00,0.0,100.0,14.7,85.0
2025-12-13 20:00:00+00:00,0.0,98.0,14.1,87.0
2025-12-13 21:00:00+00:00,0.0,74.0,13.7,89.0
2025-12-13 22:00:00+00:00,0.0,70.0,13.3,89.0
2025-12-13 23:00:00+00:00,0.0,12.0,13.0,90.0
2025-12-14 00:00:00+00:00,0.0,98.0,11.6,93.0
2025-12-14 01:00:00+00:00,2.5,3.0,11.2,94.0
2025-12-14 02:00:00+00:00,50.0,18.0,11.2,94.0
2025-12-14 03:00:00+00:00,176.0,1.0,13.5,86.0
2025-12-14 04:00:00+00:00,332.0,8.0,16.9,71.0
2025-12-14 05:00:00+00:00,460.5,4.0,19.8,60.0
2025-12-14 06:00:00+00:00,518.5,100.0,21.2,54.0
2025-12-14 07:00:00+00:00,513.0,100.0,22.8,48.0
2025-12-14 08:00:00+00:00,472.5,98.0,23.7,43.0
2025-12-14 09:00:00+00:00,388.5,83.0,24.2,41.0
2025-12-14 10:00:00+00:00,254.0,66.0,24.2,40.0
2025-12-14 11:00:00+00:00,102.0,100.0,23.4,51.0
2025-12-14 12:00:00+00:00,15.5,100.0,21.1,60.0
2025-12-14 13:00:00+00:00,0.0,100.0,20.2,60.0
2025-12-14 14:00:00+00:00,0.0,100.0,19.4,62.0
2025-12-14 15:00:00+00:00,0.0,100.0,18.8,65.0
2025-12-14 16:00:00+00:00,0.0,100.0,18.3,68.0
2025-12-14 17:00:00+00:00,0.0,92.0,17.9,69.0
2025-12-14 18:00:00+00:00,0.0,100.0,17.4,71.0
2025-12-14 19:00:00+00:00,0.0,100.0,16.3,75.0
2025-12-14 20:00:00+00:00,0.0,100.0,14.8,81.0
2025-12-14 21:00:00+00:00,0.0,98.0,13.6,88.0
2025-12-14 22:00:00+00:00,0.0,91.0,12.6,93.0
2025-12-14 23:00:00+00:00,0.0,75.0,12.0,95.0
2025-12-15 00:00:00+00:00,0.0,2.0,11.3,94.0
2025-12-15 01:00:00+00:00,2.0,22.0,10.9,95.0
2025-12-15 02:00:00+00:00,41.5,59.0,10.5,99.0
2025-12-15 03:00:00+00:00,141.5,100.0,11.5,97.0
2025-12-15 04:00:00+00:00,279.5,100.0,13.8,87.0
2025-12-15 05:00:00+00:00,432.5,20.0,16.1,76.0
2025-12-15 06:00:00+00:00,538.5,0.0,19.4,63.0
2025-12-15 07:00:00+00:00,559.5,0.0,21.7,51.0
2025-12-15 08:00:00+00:00,512.5,0.0,22.9,44.0
2025-12-15 09:00:00+00:00,407.0,0.0,23.3,46.0
2025-12-15 10:00:00+00:00,260.0,0.0,23.2,48.0
2025-12-15 11:00:00+00:00,108.0,0.0,22.4,50.0
2025-12-15 12:00:00+00:00,18.5,0.0,19.9,57.0
2025-12-15 13:00:00+00:00,0.0,0.0,19.1,60.0
2025-12-15 14:00:00+00:00,0.0,0.0,18.2,64.0
2025-12-15 15:00:00+00:00,0.0,0.0,17.3,68.0
2025-12-15 16:00:00+00:00,0.0,0.0,16.6,69.0
2025-12-15 17:00:00+00:00,0.0,0.0,16.2,68.0
2025-12-15 18:00:00+00:00,0.0,0.0,15.4,70.0
2025-12-15 19:00:00+00:00,0.0,0.0,14.4,73.0
2025-12-15 20:00:00+00:00,0.0,0.0,13.7,76.0
2025-12-15 21:00:00+00:00,0.0,0.0,13.2,79.0
2025-12-15 22:00:00+00:00,0.0,0.0,12.8,82.0
2025-12-15 23:00:00+00:00,0.0,0.0,12.5,85.0
2025-12-16 00:00:00+00:00,0.0,0.0,12.0,88.0
2025-12-16 01:00:00+00:00,2.0,0.0,11.8,89.0
2025-12-16 02:00:00+00:00,48.5,0.0,11.6,90.0
2025-12-16 03:00:00+00:00,173.5,0.0,13.0,83.0
2025-12-16 04:00:00+00:00,330.0,0.0,15.2,73.0
2025-12-16 05:00:00+00:00,461.0,0.0,17.8,62.0
2025-12-16 06:00:00+00:00,541.0,0.0,20.0,56.0
2025-12-16 07:00:00+00:00,559.0,0.0,21.9,48.0
2025-12-16 08:00:00+00:00,513.0,0.0,23.0,45.0
2025-12-16 09:00:00+00:00,408.0,0.0,23.3,45.0
2025-12-16 10:00:00+00:00,261.0,2.0,23.1,48.0
2025-12-16 11:00:00+00:00,109.0,0.0,22.2,52.0
2025-12-16 12:00:00+00:00,19.0,6.0,20.5,60.0
2025-12-16 13:00:00+00:00,0.0,2.0,19.6,64.0
2025-12-16 14:00:00+00:00,0.0,0.0,18.8,67.0
2025-12-16 15:00:00+00:00,0.0,0.0,18.1,69.0
2025-12-16 16:00:00+00:00,0.0,1.0,17.3,71.0
2025-12-16 17:00:00+00:00,0.0,16.0,16.6,74.0
2025-12-16 18:00:00+00:00,0.0,12.0,15.5,79.0
2025-12-16 19:00:00+00:00,0.0,0.0,14.6,83.0
2025-12-16 20:00:00+00:00,0.0,0.0,14.1,85.0
2025-12-16 21:00:00+00:00,0.0,3.0,13.5,86.0
2025-12-16 22:00:00+00:00,0.0,1.0,13.1,87.0
2025-12-16 23:00:00+00:00,0.0,4.0,12.7,88.0
2025-12-17 00:00:00+00:00,0.0,1.0,11.6,90.0
2025-12-17 01:00:00+00:00,2.0,0.0,11.4,90.0
2025-12-17 02:00:00+00:00,47.5,0.0,11.4,90.0
2025-12-17 03:00:00+00:00,170.5,0.0,12.9,82.0
2025-12-17 04:00:00+00:00,326.0,0.0,15.2,71.0
2025-12-17 05:00:00+00:00,457.0,0.0,17.8,62.0
2025-12-17 06:00:00+00:00,537.0,0.0,19.9,57.0
2025-12-17 07:00:00+00:00,555.0,0.0,21.8,51.0
2025-12-17 08:00:00+00:00,510.0,0.0,23.1,47.0
2025-12-17 09:00:00+00:00,406.5,0.0,23.8,45.0
2025-12-17 10:00:00+00:00,260.5,0.0,23.7,46.0
2025-12-17 11:00:00+00:00,109.5,0.0,22.8,50.0
2025-12-17 12:00:00+00:00,19.5,0.0,20.6,60.0
2025-12-17 13:00:00+00:00,0.0,0.0,19.6,64.0
2025-12-17 14:00:00+00:00,0.0,0.0,18.9,65.0
2025-12-17 15:00:00+00:00,0.0,0.0,18.1,66.0
2025-12-17 16:00:00+00:00,0.0,0.0,17.1,69.0
2025-12-17 17:00:00+00:00,0.0,0.0,16.1,72.0
2025-12-17 18:00:00+00:00,0.0,0.0,14.9,78.0
2025-12-17 19:00:00+00:00,0.0,0.0,14.4,79.0
2025-12-17 20:00:00+00:00,0.0,4.0,13.4,85.0
2025-12-17 21:00:00+00:00,0.0,80.0,12.8,87.0
2025-12-17 22:00:00+00:00,0.0,59.0,12.5,88.0
2025-12-17 23:00:00+00:00,0.0,44.0,12.0,89.0
2025-12-18 00:00:00+00:00,0.0,20.0,11.9,92.0
2025-12-18 01:00:00+00:00,2.0,27.0,11.8,93.0
2025-12-18 02:00:00+00:00,47.5,77.0,11.6,94.0
2025-12-18 03:00:00+00:00,167.5,91.0,12.9,89.0
2025-12-18 04:00:00+00:00,316.0,89.0,15.3,78.0
2025-12-18 05:00:00+00:00,443.0,97.0,17.8,68.0
2025-12-18 06:00:00+00:00,517.5,99.0,19.3,61.0
2025-12-18 07:00:00+00:00,524.5,100.0,21.0,52.0
2025-12-18 08:00:00+00:00,472.5,100.0,22.0,48.0
2025-12-18 09:00:00+00:00,375.0,100.0,22.5,47.0
2025-12-18 10:00:00+00:00,246.0,96.0,22.4,49.0
2025-12-18 11:00:00+00:00,107.0,42.0,21.6,53.0
2025-12-18 12:00:00+00:00,19.5,100.0,19.3,62.0
2025-12-18 13:00:00+00:00,0.0,100.0,18.2,69.0
2025-12-18 14:00:00+00:00,0.0,100.0,17.6,73.0
2025-12-18 15:00:00+00:00,0.0,100.0,17.0,76.0
2025-12-18 16:00:00+00:00,0.0,100.0,16.2,81.0
2025-12-18 17:00:00+00:00,0.0,100.0,15.4,85.0
2025-12-18 18:00:00+00:00,0.0,100.0,14.8,88.0
2025-12-18 19:00:00+00:00,0.0,100.0,13.9,91.0
2025-12-18 20:00:00+00:00,0.0,100.0,13.3,93.0
2025-12-18 21:00:00+00:00,0.0,100.0,13.0,94.0
2025-12-18 22:00:00+00:00,0.0,100.0,12.9,94.0
2025-12-18 23:00:00+00:00,0.0,100.0,12.4,95.0
2025-12-19 00:00:00+00:00,0.0,100.0,11.7,96.0
2025-12-19 01:00:00+00:00,1.5,99.0,11.2,97.0
2025-12-19 02:00:00+00:00,38.5,69.0,11.2,97.0
2025-12-19 03:00:00+00:00,130.0,98.0,12.1,95.0
2025-12-19 04:00:00+00:00,265.0,98.0,13.6,92.0
2025-12-19 05:00:00+00:00,423.5,63.0,16.2,78.0
2025-12-19 06:00:00+00:00,533.0,92.0,18.0,66.0
2025-12-19 07:00:00+00:00,555.0,99.0,20.0,55.0
2025-12-19 08:00:00+00:00,508.5,93.0,21.3,48.0
2025-12-19 09:00:00+00:00,408.5,77.0,21.9,44.0
2025-12-19 10:00:00+00:00,266.0,94.0,21.9,44.0
2025-12-19 11:00:00+00:00,113.0,40.0,21.0,50.0
2025-12-19 12:00:00+00:00,20.5,4.0,18.5,65.0
2025-12-19 13:00:00+00:00,0.0,1.0,17.6,70.0
2025-12-19 14:00:00+00:00,0.0,0.0,16.7,74.0
2025-12-19 15:00:00+00:00,0.0,0.0,15.8,78.0
2025-12-19 16:00:00+00:00,0.0,0.0,15.0,80.0
2025-12-19 17:00:00+00:00,0.0,0.0,14.2,83.0
2025-12-19 18:00:00+00:00,0.0,0.0,13.5,85.0
2025-12-19 19:00:00+00:00,0.0,0.0,12.7,86.0
2025-12-19 20:00:00+00:00,0.0,0.0,12.2,88.0
2025-12-19 21:00:00+00:00,0.0,0.0,11.6,89.0
2025-12-19 22:00:00+00:00,0.0,0.0,11.1,90.0
2025-12-19 23:00:00+00:00,0.0,0.0,10.7,92.0
2025-12-20 00:00:00+00:00,0.0,5.0,9.7,97.0
2025-12-20 01:00:00+00:00,1.5,34.0,9.6,98.0
2025-12-20 02:00:00+00:00,38.5,99.0,9.5,99.0
2025-12-20 03:00:00+00:00,139.0,98.0,10.7,95.0
2025-12-20 04:00:00+00:00,283.5,7.0,13.7,83.0
2025-12-20 05:00:00+00:00,430.5,24.0,17.0,68.0
2025-12-20 06:00:00+00:00,521.0,100.0,18.7,60.0
2025-12-20 07:00:00+00:00,529.5,100.0,20.3,54.0
2025-12-20 08:00:00+00:00,480.0,99.0,21.2,50.0
2025-12-20 09:00:00+00:00,381.5,98.0,21.8,48.0
2025-12-20 10:00:00+00:00,245.5,95.0,21.8,48.0
2025-12-20 11:00:00+00:00,106.0,95.0,21.2,51.0
2025-12-20 12:00:00+00:00,19.5,90.0,18.1,73.0
2025-12-20 13:00:00+00:00,0.0,88.0,17.2,75.0
2025-12-20 14:00:00+00:00,0.0,63.0,16.1,80.0
2025-12-20 15:00:00+00:00,0.0,54.0,15.1,84.0
2025-12-20 16:00:00+00:00,0.0,1.0,14.1,88.0
2025-12-20 17:00:00+00:00,0.0,1.0,13.3,91.0
2025-12-20 18:00:00+00:00,0.0,8.0,12.5,95.0
2025-12-20 19:00:00+00:00,0.0,63.0,12.0,96.0
2025-12-20 20:00:00+00:00,0.0,34.0,11.7,96.0
2025-12-20 21:00:00+00:00,0.0,10.0,11.3,97.0
2025-12-20 22:00:00+00:00,0.0,88.0,11.0,97.0
2025-12-20 23:00:00+00:00,0.0,100.0,10.7,98.0
2025-12-21 00:00:00+00:00,0.0,100.0,10.8,99.0
2025-12-21 01:00:00+00:00,1.0,100.0,11.0,98.0
2025-12-21 02:00:00+00:00,26.5,100.0,11.1,98.0
2025-12-21 03:00:00+00:00,99.0,100.0,11.5,98.0
2025-12-21 04:00:00+00:00,222.5,100.0,12.9,91.0
2025-12-21 05:00:00+00:00,365.5,100.0,15.1,81.0
2025-12-21 06:00:00+00:00,467.5,100.0,16.2,75.0
2025-12-21 07:00:00+00:00,499.5,100.0,18.1,67.0
2025-12-21 08:00:00+00:00,455.5,100.0,19.4,61.0
2025-12-21 09:00:00+00:00,366.0,93.0,20.2,57.0
2025-12-21 10:00:00+00:00,246.0,50.0,20.4,56.0
2025-12-21 11:00:00+00:00,106.5,13.0,19.8,59.0
2025-12-21 12:00:00+00:00,19.5,15.0,16.6,78.0
2025-12-21 13:00:00+00:00,0.0,21.0,16.0,80.0
2025-12-21 14:00:00+00:00,0.0,36.0,15.3,84.0
2025-12-21 15:00:00+00:00,0.0,6.0,14.8,87.0
2025-12-21 16:00:00+00:00,0.0,52.0,14.4,88.0
2025-12-21 17:00:00+00:00,0.0,19.0,13.8,91.0
2025-12-21 18:00:00+00:00,0.0,69.0,13.3,93.0
2025-12-21 19:00:00+00:00,0.0,68.0,12.6,95.0
2025-12-21 20:00:00+00:00,0.0,81.0,12.2,96.0
2025-12-21 21:00:00+00:00,0.0,21.0,11.7,98.0
2025-12-21 22:00:00+00:00,0.0,100.0,11.4,100.0
2025-12-21 23:00:00+00:00,0.0,100.0,11.4,100.0
2025-12-22 00:00:00+00:00,0.0,100.0,11.8,99.0
2025-12-22 01:00:00+00:00,0.5,100.0,11.9,100.0
2025-12-22 02:00:00+00:00,19.5,100.0,11.9,99.0
2025-12-22 03:00:00+00:00,82.0,100.0,12.1,98.0
2025-12-22 04:00:00+00:00,184.5,100.0,13.0,94.0
2025-12-22 05:00:00+00:00,315.5,42.0,15.1,83.0
2025-12-22 06:00:00+00:00,454.5,44.0,16.1,79.0
2025-12-22 07:00:00+00:00,525.0,30.0,18.3,71.0
2025-12-22 08:00:00+00:00,496.0,0.0,19.9,63.0
2025-12-22 09:00:00+00:00,400.0,0.0,21.0,57.0
2025-12-22 10:00:00+00:00,259.0,0.0,21.3,55.0
2025-12-22 11:00:00+00:00,111.0,0.0,20.8,60.0
2025-12-22 12:00:00+00:00,20.5,0.0,19.1,68.0
2025-12-22 13:00:00+00:00,0.0,0.0,17.9,73.0
2025-12-22 14:00:00+00:00,0.0,0.0,17.1,77.0
2025-12-22 15:00:00+00:00,0.0,0.0,16.4,80.0
2025-12-22 16:00:00+00:00,0.0,0.0,15.9,82.0
2025-12-22 17:00:00+00:00,0.0,0.0,15.4,84.0
2025-12-22 18:00:00+00:00,0.0,0.0,14.6,89.0
2025-12-22 19:00:00+00:00,0.0,1.0,13.5,94.0
2025-12-22 20:00:00+00:00,0.0,32.0,12.9,96.0
2025-12-22 21:00:00+00:00,0.0,53.0,12.7,97.0
2025-12-22 22:00:00+00:00,0.0,69.0,12.4,98.0
2025-12-22 23:00:00+00:00,0.0,81.0,12.4,98.0
2025-12-23 00:00:00+00:00,0.0,100.0,11.7,98.0
2025-12-23 01:00:00+00:00,1.0,100.0,11.6,98.0
2025-12-23 02:00:00+00:00,27.0,100.0,11.7,97.0
2025-12-23 03:00:00+00:00,111.5,100.0,12.6,96.0
2025-12-23 04:00:00+00:00,259.0,91.0,14.1,93.0
2025-12-23 05:00:00+00:00,422.0,7.0,16.8,79.0
2025-12-23 06:00:00+00:00,524.5,2.0,19.0,69.0
2025-12-23 07:00:00+00:00,548.0,0.0,21.0,61.0
2025-12-23 08:00:00+00:00,507.5,0.0,22.4,57.0
2025-12-23 09:00:00+00:00,407.5,0.0,23.1,53.0
2025-12-23 10:00:00+00:00,265.0,0.0,22.9,54.0
2025-12-23 11:00:00+00:00,114.5,0.0,22.0,59.0
2025-12-23 12:00:00+00:00,21.5,0.0,20.5,65.0
2025-12-23 13:00:00+00:00,0.0,0.0,19.4,71.0
2025-12-23 14:00:00+00:00,0.0,0.0,18.3,76.0
2025-12-23 15:00:00+00:00,0.0,0.0,17.4,78.0
2025-12-23 16:00:00+00:00,0.0,0.0,16.6,80.0
2025-12-23 17:00:00+00:00,0.0,0.0,15.9,82.0
2025-12-23 18:00:00+00:00,0.0,0.0,15.2,84.0
2025-12-23 19:00:00+00:00,0.0,0.0,14.5,87.0
2025-12-23 20:00:00+00:00,0.0,0.0,14.1,88.0
2025-12-23 21:00:00+00:00,0.0,0.0,13.7,89.0
2025-12-23 22:00:00+00:00,0.0,0.0,13.4,90.0
2025-12-23 23:00:00+00:00,0.0,0.0,12.9,90.0
2025-12-24 00:00:00+00:00,0.0,0.0,12.5,91.0
2025-12-24 01:00:00+00:00,1.0,0.0,11.9,90.0
2025-12-24 02:00:00+00:00,43.0,0.0,11.6,90.0
2025-12-24 03:00:00+00:00,164.5,0.0,12.6,84.0
2025-12-24 04:00:00+00:00,322.5,0.0,14.6,75.0
2025-12-24 05:00:00+00:00,457.0,0.0,16.7,67.0
2025-12-24 06:00:00+00:00,541.5,0.0,18.9,60.0
2025-12-24 07:00:00+00:00,564.0,0.0,20.4,45.0
2025-12-24 08:00:00+00:00,522.0,0.0,21.0,41.0
2025-12-24 09:00:00+00:00,420.5,0.0,21.1,40.0
2025-12-24 10:00:00+00:00,274.5,0.0,20.8,42.0
2025-12-24 11:00:00+00:00,119.0,0.0,20.0,44.0
2025-12-24 12:00:00+00:00,22.5,0.0,18.6,50.0
2025-12-24 13:00:00+00:00,0.0,0.0,17.5,57.0
2025-12-24 14:00:00+00:00,0.0,0.0,16.3,64.0
2025-12-24 15:00:00+00:00,0.0,0.0,15.5,67.0
2025-12-24 16:00:00+00:00,0.0,0.0,14.7,68.0
2025-12-24 17:00:00+00:00,0.0,0.0,14.1,69.0
2025-12-24 18:00:00+00:00,0.0,0.0,13.0,74.0
2025-12-24 19:00:00+00:00,0.0,0.0,12.3,75.0
2025-12-24 20:00:00+00:00,0.0,0.0,11.9,75.0
2025-12-24 21:00:00+00:00,0.0,0.0,11.3,76.0
2025-12-24 22:00:00+00:00,0.0,0.0,10.8,77.0
2025-12-24 23:00:00+00:00,0.0,0.0,10.2,78.0
2025-12-25 00:00:00+00:00,0.0,0.0,9.8,82.0
2025-12-25 01:00:00+00:00,1.0,0.0,9.4,82.0
2025-12-25 02:00:00+00:00,42.5,0.0,9.3,81.0
2025-12-25 03:00:00+00:00,163.0,0.0,10.7,74.0
2025-12-25 04:00:00+00:00,321.5,0.0,13.1,64.0
2025-12-25 05:00:00+00:00,457.5,0.0,15.9,53.0
2025-12-25 06:00:00+00:00,542.0,0.0,18.5,46.0
2025-12-25 07:00:00+00:00,564.0,0.0,19.9,43.0
2025-12-25 08:00:00+00:00,522.5,0.0,20.7,40.0
2025-12-25 09:00:00+00:00,422.0,0.0,21.0,38.0
2025-12-25 10:00:00+00:00,276.5,13.0,20.8,39.0
2025-12-25 11:00:00+00:00,120.5,15.0,19.9,45.0
2025-12-25 12:00:00+00:00,23.0,15.0,17.9,54.0
2025-12-25 13:00:00+00:00,0.0,98.0,17.1,57.0
2025-12-25 14:00:00+00:00,0.0,100.0,16.0,65.0
2025-12-25 15:00:00+00:00,0.0,100.0,15.2,69.0
2025-12-25 16:00:00+00:00,0.0,100.0,14.6,73.0
2025-12-25 17:00:00+00:00,0.0,100.0,14.1,75.0
2025-12-25 18:00:00+00:00,0.0,98.0,13.2,79.0
2025-12-25 19:00:00+00:00,0.0,100.0,12.9,79.0
2025-12-25 20:00:00+00:00,0.0,98.0,12.6,79.0
2025-12-25 21:00:00+00:00,0.0,99.0,11.9,82.0
2025-12-25 22:00:00+00:00,0.0,100.0,11.3,83.0
2025-12-25 23:00:00+00:00,0.0,100.0,10.7,85.0
2025-12-26 00:00:00+00:00,0.0,100.0,10.4,87.0
2025-12-26 01:00:00+00:00,1.0,100.0,10.1,87.0
2025-12-26 02:00:00+00:00,30.5,100.0,9.9,86.0
2025-12-26 03:00:00+00:00,129.5,100.0,11.3,79.0
2025-12-26 04:00:00+00:00,273.5,99.0,13.7,68.0
2025-12-26 05:00:00+00:00,392.5,100.0,16.3,58.0
2025-12-26 06:00:00+00:00,467.5,90.0,18.3,52.0
2025-12-26 07:00:00+00:00,526.0,7.0,19.8,43.0
2025-12-26 08:00:00+00:00,518.5,0.0,20.7,39.0
2025-12-26 09:00:00+00:00,417.0,40.0,21.1,38.0
2025-12-26 10:00:00+00:00,271.5,73.0,20.8,40.0
2025-12-26 11:00:00+00:00,117.0,99.0,20.0,44.0
2025-12-26 12:00:00+00:00,21.5,100.0,18.6,51.0
2025-12-26 13:00:00+00:00,0.0,89.0,17.7,59.0
2025-12-26 14:00:00+00:00,0.0,52.0,16.7,65.0
2025-12-26 15:00:00+00:00,0.0,0.0,16.0,69.0
2025-12-26 16:00:00+00:00,0.0,0.0,15.2,73.0
2025-12-26 17:00:00+00:00,0.0,91.0,14.5,77.0
2025-12-26 18:00:00+00:00,0.0,99.0,13.9,81.0
2025-12-26 19:00:00+00:00,0.0,37.0,12.8,85.0
2025-12-26 20:00:00+00:00,0.0,97.0,12.2,87.0
2025-12-26 21:00:00+00:00,0.0,91.0,11.8,89.0
2025-12-26 22:00:00+00:00,0.0,0.0,11.2,92.0
2025-12-26 23:00:00+00:00,0.0,98.0,10.6,95.0
2025-12-27 00:00:00+00:00,0.0,50.0,10.1,98.0
2025-12-27 01:00:00+00:00,1.0,99.0,9.8,98.0
2025-12-27 02:00:00+00:00,31.0,100.0,9.7,98.0
2025-12-27 03:00:00+00:00,123.0,100.0,10.7,94.0
2025-12-27 04:00:00+00:00,251.0,99.0,12.5,86.0
2025-12-27 05:00:00+00:00,382.0,100.0,15.1,73.0
2025-12-27 06:00:00+00:00,487.5,99.0,17.3,65.0
2025-12-27 07:00:00+00:00,521.5,95.0,19.1,56.0
2025-12-27 08:00:00+00:00,476.0,80.0,20.0,52.0
2025-12-27 09:00:00+00:00,384.0,82.0,20.5,51.0
2025-12-27 10:00:00+00:00,259.0,42.0,20.5,50.0
2025-12-27 11:00:00+00:00,115.5,82.0,19.8,54.0
2025-12-27 12:00:00+00:00,22.5,85.0,18.2,66.0
2025-12-27 13:00:00+00:00,0.0,99.0,17.6,67.0
2025-12-27 14:00:00+00:00,0.0,73.0,16.9,71.0
2025-12-27 15:00:00+00:00,0.0,9.0,16.3,75.0
2025-12-27 16:00:00+00:00,0.0,1.0,15.5,77.0
2025-12-27 17:00:00+00:00,0.0,0.0,14.9,79.0
2025-12-27 18:00:00+00:00,0.0,73.0,13.8,85.0
2025-12-27 19:00:00+00:00,0.0,21.0,12.9,88.0
2025-12-27 20:00:00+00:00,0.0,0.0,12.1,91.0
2025-12-27 21:00:00+00:00,0.0,0.0,11.5,92.0
2025-12-27 22:00:00+00:00,0.0,0.0,10.9,94.0
2025-12-27 23:00:00+00:00,0.0,0.0,10.1,95.0
2025-12-28 00:00:00+00:00,0.0,10.0,9.6,97.0
2025-12-28 01:00:00+00:00,1.0,39.0,9.6,97.0
2025-12-28 02:00:00+00:00,33.5,56.0,9.4,99.0
2025-12-28 03:00:00+00:00,124.5,100.0,10.1,96.0
2025-12-28 04:00:00+00:00,271.0,96.0,11.9,89.0
2025-12-28 05:00:00+00:00,438.0,68.0,15.2,74.0
2025-12-28 06:00:00+00:00,542.5,48.0,17.7,64.0
2025-12-28 07:00:00+00:00,564.0,0.0,19.1,56.0
2025-12-28 08:00:00+00:00,525.0,0.0,20.1,52.0
2025-12-28 09:00:00+00:00,425.0,0.0,20.5,50.0
2025-12-28 10:00:00+00:00,280.0,12.0,20.4,50.0
2025-12-28 11:00:00+00:00,124.0,0.0,19.8,55.0
2025-12-28 12:00:00+00:00,24.5,41.0,18.0,64.0
2025-12-28 13:00:00+00:00,0.0,30.0,17.0,71.0
2025-12-28 14:00:00+00:00,0.0,95.0,16.7,73.0
2025-12-28 15:00:00+00:00,0.0,100.0,15.8,76.0
2025-12-28 16:00:00+00:00,0.0,93.0,14.9,81.0
2025-12-28 17:00:00+00:00,0.0,2.0,14.1,85.0
2025-12-28 18:00:00+00:00,0.0,76.0,13.3,89.0
2025-12-28 19:00:00+00:00,0.0,41.0,13.0,89.0
2025-12-28 20:00:00+00:00,0.0,15.0,12.7,91.0
2025-12-28 21:00:00+00:00,0.0,16.0,11.4,98.0
2025-12-28 22:00:00+00:00,0.0,100.0,11.1,99.0
2025-12-28 23:00:00+00:00,0.0,100.0,11.0,99.0
2025-12-29 00:00:00+00:00,0.0,100.0,10.6,98.0
2025-12-29 01:00:00+00:00,0.5,100.0,10.6,97.0
2025-12-29 02:00:00+00:00,22.0,100.0,10.7,95.0
2025-12-29 03:00:00+00:00,89.0,100.0,10.9,95.0
2025-12-29 04:00:00+00:00,175.0,100.0,11.6,96.0
2025-12-29 05:00:00+00:00,294.0,72.0,13.4,86.0
2025-12-29 06:00:00+00:00,450.5,48.0,15.3,77.0
2025-12-29 07:00:00+00:00,539.5,28.0,17.5,65.0
2025-12-29 08:00:00+00:00,519.0,3.0,18.9,53.0
2025-12-29 09:00:00+00:00,424.0,0.0,19.8,46.0
2025-12-29 10:00:00+00:00,280.5,0.0,19.9,44.0
2025-12-29 11:00:00+00:00,125.0,0.0,19.2,49.0
2025-12-29 12:00:00+00:00,25.0,0.0,16.8,66.0
2025-12-29 13:00:00+00:00,0.0,0.0,15.7,73.0
2025-12-29 14:00:00+00:00,0.0,0.0,15.0,78.0
2025-12-29 15:00:00+00:00,0.0,0.0,14.4,81.0
2025-12-29 16:00:00+00:00,0.0,0.0,13.7,84.0
2025-12-29 17:00:00+00:00,0.0,88.0,12.9,87.0
2025-12-29 18:00:00+00:00,0.0,97.0,12.0,92.0
2025-12-29 19:00:00+00:00,0.0,89.0,11.2,96.0
2025-12-29 20:00:00+00:00,0.0,57.0,10.7,98.0
2025-12-29 21:00:00+00:00,0.0,82.0,10.6,97.0
2025-12-29 22:00:00+00:00,0.0,99.0,10.4,99.0
2025-12-29 23:00:00+00:00,0.0,100.0,9.8,99.0
2025-12-30 00:00:00+00:00,0.0,100.0,9.8,99.0
2025-12-30 01:00:00+00:00,0.5,100.0,9.7,99.0
2025-12-30 02:00:00+00:00,23.5,100.0,9.7,99.0
2025-12-30 03:00:00+00:00,96.5,100.0,10.0,98.0
2025-12-30 04:00:00+00:00,219.0,100.0,10.9,97.0
2025-12-30 05:00:00+00:00,401.0,11.0,13.8,80.0
2025-12-30 06:00:00+00:00,524.5,77.0,16.7,67.0
2025-12-30 07:00:00+00:00,549.0,4.0,18.6,56.0
2025-12-30 08:00:00+00:00,525.5,0.0,19.9,47.0
2025-12-30 09:00:00+00:00,428.0,0.0,20.4,46.0
2025-12-30 10:00:00+00:00,284.5,0.0,20.4,45.0
2025-12-30 11:00:00+00:00,128.0,0.0,19.6,52.0
2025-12-30 12:00:00+00:00,26.0,0.0,17.9,62.0
2025-12-30 13:00:00+00:00,0.0,0.0,16.7,69.0
2025-12-30 14:00:00+00:00,0.0,0.0,15.9,72.0
2025-12-30 15:00:00+00:00,0.0,0.0,15.3,74.0
2025-12-30 16:00:00+00:00,0.0,0.0,14.8,76.0
2025-12-30 17:00:00+00:00,0.0,0.0,14.2,78.0
2025-12-30 18:00:00+00:00,0.0,0.0,13.4,80.0
2025-12-30 19:00:00+00:00,0.0,0.0,12.8,80.0
2025-12-30 20:00:00+00:00,0.0,0.0,12.2,82.0
2025-12-30 21:00:00+00:00,0.0,0.0,11.2,86.0
2025-12-30 22:00:00+00:00,0.0,55.0,10.3,90.0
2025-12-30 23:00:00+00:00,0.0,11.0,9.4,95.0
2025-12-31 00:00:00+00:00,0.0,49.0,9.1,99.0
2025-12-31 01:00:00+00:00,0.5,98.0,9.2,99.0
2025-12-31 02:00:00+00:00,28.5,100.0,9.2,98.0
2025-12-31 03:00:00+00:00,118.0,100.0,10.4,93.0
2025-12-31 04:00:00+00:00,258.0,95.0,11.6,91.0
2025-12-31 05:00:00+00:00,422.0,8.0,14.2,77.0
2025-12-31 06:00:00+00:00,524.5,23.0,16.2,71.0
2025-12-31 07:00:00+00:00,536.0,25.0,17.8,68.0
2025-12-31 08:00:00+00:00,484.5,100.0,18.9,64.0
2025-12-31 09:00:00+00:00,385.0,69.0,19.4,61.0
2025-12-31 10:00:00+00:00,251.0,100.0,19.3,61.0
2025-12-31 11:00:00+00:00,106.5,98.0,18.3,65.0
2025-12-31 12:00:00+00:00,21.5,15.0,14.7,80.0
2025-12-31 13:00:00+00:00,0.0,7.0,13.4,86.0
2025-12-31 14:00:00+00:00,0.0,97.0,12.4,89.0
2025-12-31 15:00:00+00:00,0.0,13.0,12.1,90.0
2025-12-31 16:00:00+00:00,0.0,10.0,11.8,91.0
2025-12-31 17:00:00+00:00,0.0,8.0,11.6,93.0
2025-12-31 18:00:00+00:00,0.0,20.0,11.4,96.0
2025-12-31 19:00:00+00:00,0.0,26.0,11.1,97.0
2025-12-31 20:00:00+00:00,0.0,26.0,10.9,97.0
2025-12-31 21:00:00+00:00,0.0,91.0,10.6,97.0
2025-12-31 22:00:00+00:00,0.0,100.0,10.5,98.0
2025-12-31 23:00:00+00:00,0.0,100.0,10.5,98.0
2026-01-01 00:00:00+00:00,0.0,100.0,10.7,99.0
2026-01-01 01:00:00+00:00,0.5,100.0,10.9,98.0
2026-01-01 02:00:00+00:00,20.5,100.0,11.0,98.0
2026-01-01 03:00:00+00:00,57.0,100.0,11.5,96.0
2026-01-01 04:00:00+00:00,100.5,100.0,12.2,94.0
2026-01-01 05:00:00+00:00,108.5,100.0,13.2,91.0
2026-01-01 06:00:00+00:00,196.0,100.0,14.0,88.0
2026-01-01 07:00:00+00:00,307.5,100.0,15.5,82.0
2026-01-01 08:00:00+00:00,272.5,100.0,16.6,78.0
2026-01-01 09:00:00+00:00,203.0,100.0,16.9,77.0
2026-01-01 10:00:00+00:00,137.0,100.0,16.9,77.0
2026-01-01 11:00:00+00:00,61.0,100.0,16.8,78.0
2026-01-01 12:00:00+00:00,11.0,100.0,15.5,81.0
2026-01-01 13:00:00+00:00,0.0,95.0,15.0,85.0
2026-01-01 14:00:00+00:00,0.0,84.0,14.4,88.0
2026-01-01 15:00:00+00:00,0.0,95.0,14.2,88.0
2026-01-01 16:00:00+00:00,0.0,59.0,14.1,89.0
2026-01-01 17:00:00+00:00,0.0,17.0,13.3,91.0
2026-01-01 18:00:00+00:00,0.0,100.0,13.2,93.0
2026-01-01 19:00:00+00:00,0.0,100.0,13.3,94.0
2026-01-01 20:00:00+00:00,0.0,100.0,13.4,92.0
2026-01-01 21:00:00+00:00,0.0,100.0,13.2,92.0
2026-01-01 22:00:00+00:00,0.0,100.0,13.1,92.0
2026-01-01 23:00:00+00:00,0.0,100.0,13.0,92.0
2026-01-02 00:00:00+00:00,0.0,100.0,12.4,93.0
2026-01-02 01:00:00+00:00,0.5,100.0,12.8,90.0
2026-01-02 02:00:00+00:00,33.0,100.0,12.7,89.0
2026-01-02 03:00:00+00:00,138.5,55.0,13.1,85.0
2026-01-02 04:00:00+00:00,270.0,39.0,14.1,78.0
2026-01-02 05:00:00+00:00,381.0,45.0,15.4,70.0
2026-01-02 06:00:00+00:00,451.5,32.0,15.9,67.0
2026-01-02 07:00:00+00:00,481.5,29.0,16.8,60.0
2026-01-02 08:00:00+00:00,483.5,27.0,17.3,56.0
2026-01-02 09:00:00+00:00,415.0,20.0,17.5,55.0
2026-01-02 10:00:00+00:00,282.0,6.0,17.4,55.0
2026-01-02 11:00:00+00:00,131.5,3.0,16.9,58.0
2026-01-02 12:00:00+00:00,28.0,44.0,15.0,67.0
2026-01-02 13:00:00+00:00,0.0,6.0,13.8,75.0
2026-01-02 14:00:00+00:00,0.0,13.0,13.1,80.0
2026-01-02 15:00:00+00:00,0.0,10.0,12.3,84.0
2026-01-02 16:00:00+00:00,0.0,1.0,12.0,84.0
2026-01-02 17:00:00+00:00,0.0,21.0,11.1,88.0
2026-01-02 18:00:00+00:00,0.0,84.0,11.2,90.0
2026-01-02 19:00:00+00:00,0.0,100.0,11.8,89.0
2026-01-02 20:00:00+00:00,0.0,99.0,12.0,88.0
2026-01-02 21:00:00+00:00,0.0,100.0,11.9,90.0
2026-01-02 22:00:00+00:00,0.0,90.0,11.8,90.0
2026-01-02 23:00:00+00:00,0.0,100.0,11.6,88.0
2026-01-03 00:00:00+00:00,0.0,100.0,10.7,94.0
2026-01-03 01:00:00+00:00,0.5,100.0,11.1,92.0
2026-01-03 02:00:00+00:00,19.5,100.0,11.3,91.0
2026-01-03 03:00:00+00:00,81.0,100.0,11.8,88.0
2026-01-03 04:00:00+00:00,158.5,100.0,13.0,83.0
2026-01-03 05:00:00+00:00,245.5,100.0,13.9,75.0
2026-01-03 06:00:00+00:00,326.5,100.0,14.8,70.0
2026-01-03 07:00:00+00:00,370.5,97.0,15.7,65.0
2026-01-03 08:00:00+00:00,370.0,44.0,16.6,59.0
2026-01-03 09:00:00+00:00,327.0,34.0,17.0,55.0
2026-01-03 10:00:00+00:00,240.0,40.0,17.1,54.0
2026-01-03 11:00:00+00:00,115.0,22.0,16.6,55.0
2026-01-03 12:00:00+00:00,25.0,5.0,14.3,70.0
2026-01-03 13:00:00+00:00,0.0,12.0,13.3,73.0
2026-01-03 14:00:00+00:00,0.0,1.0,12.6,76.0
2026-01-03 15:00:00+00:00,0.0,2.0,12.3,77.0
2026-01-03 16:00:00+00:00,0.0,0.0,12.3,76.0
2026-01-03 17:00:00+00:00,0.0,3.0,12.2,75.0
2026-01-03 18:00:00+00:00,0.0,0.0,11.3,81.0
2026-01-03 19:00:00+00:00,0.0,0.0,10.7,83.0
2026-01-03 20:00:00+00:00,0.0,0.0,9.9,87.0
2026-01-03 21:00:00+00:00,0.0,0.0,9.1,91.0
2026-01-03 22:00:00+00:00,0.0,4.0,8.5,93.0
2026-01-03 23:00:00+00:00,0.0,46.0,8.7,94.0
2026-01-04 00:00:00+00:00,0.0,27.0,8.7,96.0
2026-01-04 01:00:00+00:00,0.5,99.0,9.1,96.0
2026-01-04 02:00:00+00:00,23.5,99.0,9.3,94.0
2026-01-04 03:00:00+00:00,98.0,100.0,10.4,90.0
2026-01-04 04:00:00+00:00,215.5,41.0,11.9,83.0
2026-01-04 05:00:00+00:00,315.5,36.0,13.7,75.0
2026-01-04 06:00:00+00:00,380.5,21.0,15.1,68.0
2026-01-04 07:00:00+00:00,387.0,55.0,16.1,61.0
2026-01-04 08:00:00+00:00,352.0,38.0,16.5,58.0
2026-01-04 09:00:00+00:00,329.5,31.0,16.9,56.0
2026-01-04 10:00:00+00:00,261.0,23.0,17.1,55.0
2026-01-04 11:00:00+00:00,131.0,18.0,16.5,56.0
2026-01-04 12:00:00+00:00,29.0,12.0,14.8,68.0
2026-01-04 13:00:00+00:00,0.0,16.0,13.6,74.0
2026-01-04 14:00:00+00:00,0.0,85.0,12.8,79.0
2026-01-04 15:00:00+00:00,0.0,100.0,12.7,80.0
2026-01-04 16:00:00+00:00,0.0,75.0,12.8,81.0
2026-01-04 17:00:00+00:00,0.0,38.0,12.3,85.0
2026-01-04 18:00:00+00:00,0.0,30.0,11.4,89.0
2026-01-04 19:00:00+00:00,0.0,0.0,11.1,88.0
2026-01-04 20:00:00+00:00,0.0,0.0,10.4,86.0
2026-01-04 21:00:00+00:00,0.0,0.0,10.0,85.0
2026-01-04 22:00:00+00:00,0.0,0.0,9.5,85.0
2026-01-04 23:00:00+00:00,0.0,1.0,9.2,85.0
2026-01-05 00:00:00+00:00,0.0,0.0,8.6,89.0
2026-01-05 01:00:00+00:00,0.5,0.0,8.6,90.0
2026-01-05 02:00:00+00:00,38.0,0.0,8.5,90.0
2026-01-05 03:00:00+00:00,154.5,0.0,10.1,87.0
2026-01-05 04:00:00+00:00,312.5,0.0,12.0,80.0
2026-01-05 05:00:00+00:00,450.0,0.0,13.8,71.0
2026-01-05 06:00:00+00:00,528.5,16.0,14.6,68.0
2026-01-05 07:00:00+00:00,555.0,5.0,15.8,64.0
2026-01-05 08:00:00+00:00,528.0,4.0,16.6,61.0
2026-01-05 09:00:00+00:00,432.5,1.0,17.2,60.0
2026-01-05 10:00:00+00:00,291.0,0.0,17.2,61.0
2026-01-05 11:00:00+00:00,134.5,85.0,16.6,64.0
2026-01-05 12:00:00+00:00,29.0,34.0,15.0,74.0
2026-01-05 13:00:00+00:00,0.0,20.0,14.1,79.0
2026-01-05 14:00:00+00:00,0.0,98.0,13.2,84.0
2026-01-05 15:00:00+00:00,0.0,6.0,12.8,86.0
2026-01-05 16:00:00+00:00,0.0,3.0,12.2,88.0
2026-01-05 17:00:00+00:00,0.0,11.0,11.3,90.0
2026-01-05 18:00:00+00:00,0.0,2.0,11.0,91.0
2026-01-05 19:00:00+00:00,0.0,0.0,10.4,92.0
2026-01-05 20:00:00+00:00,0.0,0.0,9.9,93.0
2026-01-05 21:00:00+00:00,0.0,1.0,9.5,94.0
2026-01-05 22:00:00+00:00,0.0,3.0,9.0,95.0
2026-01-05 23:00:00+00:00,0.0,71.0,8.5,98.0
2026-01-06 00:00:00+00:00,0.0,69.0,8.7,99.0
2026-01-06 01:00:00+00:00,0.5,99.0,8.6,99.0
2026-01-06 02:00:00+00:00,27.5,97.0,9.0,98.0
2026-01-06 03:00:00+00:00,119.5,92.0,9.9,96.0
2026-01-06 04:00:00+00:00,271.0,37.0,11.4,92.0
2026-01-06 05:00:00+00:00,425.0,10.0,13.4,84.0
2026-01-06 06:00:00+00:00,519.5,39.0,14.2,75.0
2026-01-06 07:00:00+00:00,552.5,34.0,15.4,69.0
2026-01-06 08:00:00+00:00,528.0,0.0,16.4,64.0
2026-01-06 09:00:00+00:00,436.0,0.0,17.0,61.0
2026-01-06 10:00:00+00:00,295.0,0.0,17.1,63.0
2026-01-06 11:00:00+00:00,138.5,0.0,16.5,67.0
2026-01-06 12:00:00+00:00,31.0,0.0,14.6,73.0
2026-01-06 13:00:00+00:00,0.0,0.0,13.2,79.0
2026-01-06 14:00:00+00:00,0.0,0.0,12.5,82.0
2026-01-06 15:00:00+00:00,0.0,0.0,11.7,86.0
2026-01-06 16:00:00+00:00,0.0,0.0,10.9,89.0
2026-01-06 17:00:00+00:00,0.0,0.0,10.3,92.0
2026-01-06 18:00:00+00:00,0.0,0.0,9.6,96.0
2026-01-06 19:00:00+00:00,0.0,0.0,9.7,96.0
2026-01-06 20:00:00+00:00,0.0,0.0,9.5,97.0
2026-01-06 21:00:00+00:00,0.0,1.0,9.0,97.0
2026-01-06 22:00:00+00:00,0.0,15.0,7.9,99.0
2026-01-06 23:00:00+00:00,0.0,100.0,7.9,100.0
2026-01-07 00:00:00+00:00,0.0,100.0,8.5,99.0
2026-01-07 01:00:00+00:00,0.5,100.0,8.7,99.0
2026-01-07 02:00:00+00:00,18.5,100.0,8.9,99.0
2026-01-07 03:00:00+00:00,60.0,100.0,9.5,98.0
2026-01-07 04:00:00+00:00,123.0,100.0,9.9,98.0
2026-01-07 05:00:00+00:00,225.5,100.0,10.5,94.0
2026-01-07 06:00:00+00:00,391.5,63.0,11.6,84.0
2026-01-07 07:00:00+00:00,521.0,64.0,13.4,77.0
2026-01-07 08:00:00+00:00,525.0,16.0,14.5,73.0
2026-01-07 09:00:00+00:00,443.0,16.0,15.3,69.0
2026-01-07 10:00:00+00:00,303.0,4.0,15.4,69.0
2026-01-07 11:00:00+00:00,143.5,2.0,15.0,71.0
2026-01-07 12:00:00+00:00,32.5,4.0,12.7,82.0
2026-01-07 13:00:00+00:00,0.0,3.0,11.9,84.0
2026-01-07 14:00:00+00:00,0.0,0.0,11.2,87.0
2026-01-07 15:00:00+00:00,0.0,0.0,10.5,90.0
2026-01-07 16:00:00+00:00,0.0,0.0,10.1,91.0
2026-01-07 17:00:00+00:00,0.0,0.0,9.9,91.0
2026-01-07 18:00:00+00:00,0.0,12.0,9.3,96.0
2026-01-07 19:00:00+00:00,0.0,28.0,8.4,98.0
2026-01-07 20:00:00+00:00,0.0,100.0,8.8,98.0
2026-01-07 21:00:00+00:00,0.0,100.0,8.9,98.0
2026-01-07 22:00:00+00:00,0.0,100.0,9.1,98.0
2026-01-07 23:00:00+00:00,0.0,100.0,8.8,99.0
2026-01-08 00:00:00+00:00,0.0,100.0,7.5,100.0
2026-01-08 01:00:00+00:00,0.5,100.0,7.7,98.0
2026-01-08 02:00:00+00:00,15.0,100.0,7.7,96.0
2026-01-08 03:00:00+00:00,65.5,100.0,7.8,95.0
2026-01-08 04:00:00+00:00,144.0,100.0,8.1,95.0
2026-01-08 05:00:00+00:00,259.0,100.0,9.0,92.0
2026-01-08 06:00:00+00:00,439.5,79.0,10.2,82.0
2026-01-08 07:00:00+00:00,550.5,40.0,12.2,76.0
2026-01-08 08:00:00+00:00,525.0,28.0,13.4,73.0
2026-01-08 09:00:00+00:00,443.5,0.0,14.2,68.0
2026-01-08 10:00:00+00:00,309.5,0.0,14.4,67.0
2026-01-08 11:00:00+00:00,148.0,0.0,14.1,69.0
2026-01-08 12:00:00+00:00,34.0,0.0,13.3,73.0
2026-01-08 13:00:00+00:00,0.0,0.0,11.8,79.0
2026-01-08 14:00:00+00:00,0.0,0.0,10.8,85.0
2026-01-08 15:00:00+00:00,0.0,0.0,10.2,88.0
2026-01-08 16:00:00+00:00,0.0,0.0,9.6,90.0
2026-01-08 17:00:00+00:00,0.0,0.0,8.9,93.0
2026-01-08 18:00:00+00:00,0.0,0.0,8.6,97.0
2026-01-08 19:00:00+00:00,0.0,100.0,8.3,100.0
2026-01-08 20:00:00+00:00,0.0,100.0,8.4,100.0
2026-01-08 21:00:00+00:00,0.0,100.0,8.3,98.0
2026-01-08 22:00:00+00:00,0.0,100.0,7.9,96.0
2026-01-08 23:00:00+00:00,0.0,100.0,7.6,97.0
2026-01-09 00:00:00+00:00,0.0,100.0,7.5,97.0
2026-01-09 01:00:00+00:00,0.5,100.0,7.7,95.0
2026-01-09 02:00:00+00:00,22.0,100.0,7.8,95.0
2026-01-09 03:00:00+00:00,96.5,100.0,8.2,95.0
2026-01-09 04:00:00+00:00,225.5,100.0,9.3,96.0
2026-01-09 05:00:00+00:00,373.5,68.0,11.4,89.0
2026-01-09 06:00:00+00:00,486.0,22.0,13.4,78.0
2026-01-09 07:00:00+00:00,531.0,17.0,15.3,67.0
2026-01-09 08:00:00+00:00,501.5,14.0,16.5,59.0
2026-01-09 09:00:00+00:00,423.0,6.0,17.1,54.0
2026-01-09 10:00:00+00:00,298.0,9.0,17.3,52.0
2026-01-09 11:00:00+00:00,141.0,9.0,16.9,55.0
2026-01-09 12:00:00+00:00,33.0,8.0,15.0,65.0
2026-01-09 13:00:00+00:00,0.5,4.0,13.8,70.0
2026-01-09 14:00:00+00:00,0.0,3.0,12.9,78.0
2026-01-09 15:00:00+00:00,0.0,1.0,12.2,82.0
2026-01-09 16:00:00+00:00,0.0,1.0,11.2,87.0
2026-01-09 17:00:00+00:00,0.0,0.0,10.4,89.0
2026-01-09 18:00:00+00:00,0.0,0.0,10.0,91.0
2026-01-09 19:00:00+00:00,0.0,0.0,9.4,93.0
2026-01-09 20:00:00+00:00,0.0,0.0,8.8,95.0
2026-01-09 21:00:00+00:00,0.0,0.0,8.5,96.0
2026-01-09 22:00:00+00:00,0.0,0.0,8.2,97.0
2026-01-09 23:00:00+00:00,0.0,1.0,7.8,98.0
2026-01-10 00:00:00+00:00,0.0,1.0,7.2,98.0
2026-01-10 01:00:00+00:00,0.5,5.0,7.0,98.0
2026-01-10 02:00:00+00:00,36.5,39.0,6.6,98.0
2026-01-10 03:00:00+00:00,144.5,62.0,7.9,96.0
2026-01-10 04:00:00+00:00,295.5,31.0,9.5,92.0
2026-01-10 05:00:00+00:00,447.0,2.0,11.5,85.0
2026-01-10 06:00:00+00:00,553.5,2.0,13.4,75.0
2026-01-10 07:00:00+00:00,587.0,0.0,15.2,66.0
2026-01-10 08:00:00+00:00,553.5,0.0,16.5,58.0
2026-01-10 09:00:00+00:00,457.5,0.0,17.1,54.0
2026-01-10 10:00:00+00:00,313.5,0.0,17.0,54.0
2026-01-10 11:00:00+00:00,151.5,0.0,16.3,58.0
2026-01-10 12:00:00+00:00,36.0,0.0,14.9,66.0
2026-01-10 13:00:00+00:00,0.5,0.0,13.6,72.0
2026-01-10 14:00:00+00:00,0.0,0.0,12.9,73.0
2026-01-10 15:00:00+00:00,0.0,0.0,12.1,76.0
2026-01-10 16:00:00+00:00,0.0,0.0,11.0,80.0
2026-01-10 17:00:00+00:00,0.0,0.0,10.2,82.0
2026-01-10 18:00:00+00:00,0.0,0.0,9.6,86.0
2026-01-10 19:00:00+00:00,0.0,0.0,9.4,86.0
2026-01-10 20:00:00+00:00,0.0,0.0,8.8,88.0
2026-01-10 21:00:00+00:00,0.0,0.0,8.2,90.0
2026-01-10 22:00:00+00:00,0.0,0.0,7.7,92.0
2026-01-10 23:00:00+00:00,0.0,0.0,7.2,93.0
2026-01-11 00:00:00+00:00,0.0,0.0,6.6,95.0
2026-01-11 01:00:00+00:00,0.5,0.0,6.3,95.0
2026-01-11 02:00:00+00:00,38.5,0.0,6.0,96.0
2026-01-11 03:00:00+00:00,154.5,0.0,6.9,95.0
2026-01-11 04:00:00+00:00,320.5,0.0,8.6,88.0
2026-01-11 05:00:00+00:00,474.5,0.0,10.9,77.0
2026-01-11 06:00:00+00:00,575.0,0.0,12.6,69.0
2026-01-11 07:00:00+00:00,608.5,0.0,14.4,57.0
2026-01-11 08:00:00+00:00,574.0,0.0,15.8,48.0
2026-01-11 09:00:00+00:00,476.0,0.0,16.4,45.0
2026-01-11 10:00:00+00:00,328.0,0.0,16.3,46.0
2026-01-11 11:00:00+00:00,160.0,0.0,15.5,52.0
2026-01-11 12:00:00+00:00,38.5,0.0,13.7,61.0
2026-01-11 13:00:00+00:00,0.5,0.0,12.5,66.0
2026-01-11 14:00:00+00:00,0.0,0.0,11.6,69.0
2026-01-11 15:00:00+00:00,0.0,0.0,10.8,73.0
2026-01-11 16:00:00+00:00,0.0,0.0,10.1,75.0
2026-01-11 17:00:00+00:00,0.0,0.0,9.3,80.0
2026-01-11 18:00:00+00:00,0.0,0.0,8.7,83.0
2026-01-11 19:00:00+00:00,0.0,0.0,8.2,85.0
2026-01-11 20:00:00+00:00,0.0,0.0,7.7,86.0
2026-01-11 21:00:00+00:00,0.0,0.0,7.1,88.0
2026-01-11 22:00:00+00:00,0.0,0.0,6.6,89.0
2026-01-11 23:00:00+00:00,0.0,0.0,6.0,89.0
2026-01-12 00:00:00+00:00,0.0,0.0,5.4,92.0
2026-01-12 01:00:00+00:00,0.5,0.0,5.1,93.0
2026-01-12 02:00:00+00:00,40.0,2.0,4.9,93.0
2026-01-12 03:00:00+00:00,161.0,0.0,5.9,91.0
2026-01-12 04:00:00+00:00,334.5,1.0,8.1,85.0
2026-01-12 05:00:00+00:00,489.0,0.0,10.9,72.0
2026-01-12 06:00:00+00:00,584.5,0.0,13.2,62.0
2026-01-12 07:00:00+00:00,616.0,0.0,15.3,49.0
2026-01-12 08:00:00+00:00,580.0,0.0,16.5,41.0
2026-01-12 09:00:00+00:00,480.5,0.0,17.1,37.0
2026-01-12 10:00:00+00:00,331.5,0.0,17.2,37.0
2026-01-12 11:00:00+00:00,163.0,0.0,16.6,47.0
2026-01-12 12:00:00+00:00,40.0,0.0,14.9,53.0
2026-01-12 13:00:00+00:00,0.5,0.0,13.3,57.0
2026-01-12 14:00:00+00:00,0.0,0.0,12.3,60.0
2026-01-12 15:00:00+00:00,0.0,0.0,11.5,64.0
2026-01-12 16:00:00+00:00,0.0,0.0,10.6,70.0
2026-01-12 17:00:00+00:00,0.0,0.0,10.0,73.0
2026-01-12 18:00:00+00:00,0.0,0.0,9.4,76.0
2026-01-12 19:00:00+00:00,0.0,0.0,8.6,79.0
2026-01-12 20:00:00+00:00,0.0,2.0,8.4,80.0
2026-01-12 21:00:00+00:00,0.0,16.0,7.8,83.0
2026-01-12 22:00:00+00:00,0.0,33.0,7.2,86.0
2026-01-12 23:00:00+00:00,0.0,13.0,6.7,89.0
2026-01-13 00:00:00+00:00,0.0,22.0,5.4,95.0
2026-01-13 01:00:00+00:00,0.5,94.0,5.0,99.0
2026-01-13 02:00:00+00:00,30.5,100.0,5.0,100.0
2026-01-13 03:00:00+00:00,124.5,100.0,6.4,98.0
2026-01-13 04:00:00+00:00,251.0,99.0,9.0,92.0
2026-01-13 05:00:00+00:00,375.0,12.0,10.7,87.0
2026-01-13 06:00:00+00:00,510.0,10.0,14.0,69.0
2026-01-13 07:00:00+00:00,595.0,2.0,16.7,55.0
2026-01-13 08:00:00+00:00,572.0,18.0,18.1,48.0
2026-01-13 09:00:00+00:00,472.5,92.0,18.5,48.0
2026-01-13 10:00:00+00:00,324.0,23.0,18.3,51.0
2026-01-13 11:00:00+00:00,159.5,35.0,17.3,56.0
2026-01-13 12:00:00+00:00,40.0,2.0,15.7,57.0
2026-01-13 13:00:00+00:00,0.5,0.0,14.3,61.0
2026-01-13 14:00:00+00:00,0.0,0.0,13.1,66.0
2026-01-13 15:00:00+00:00,0.0,0.0,11.8,72.0
2026-01-13 16:00:00+00:00,0.0,0.0,10.7,77.0
2026-01-13 17:00:00+00:00,0.0,0.0,9.9,80.0
2026-01-13 18:00:00+00:00,0.0,0.0,9.1,84.0
2026-01-13 19:00:00+00:00,0.0,0.0,8.4,87.0
2026-01-13 20:00:00+00:00,0.0,0.0,7.9,89.0
2026-01-13 21:00:00+00:00,0.0,0.0,7.7,90.0
2026-01-13 22:00:00+00:00,0.0,0.0,7.3,92.0
2026-01-13 23:00:00+00:00,0.0,6.0,6.7,94.0
2026-01-14 00:00:00+00:00,0.0,79.0,5.9,97.0
2026-01-14 01:00:00+00:00,0.5,100.0,5.7,99.0
2026-01-14 02:00:00+00:00,22.5,100.0,5.6,99.0
2026-01-14 03:00:00+00:00,98.0,100.0,5.9,96.0
2026-01-14 04:00:00+00:00,249.5,88.0,7.1,89.0
2026-01-14 05:00:00+00:00,449.5,19.0,9.7,76.0
2026-01-14 06:00:00+00:00,585.0,8.0,12.5,64.0
2026-01-14 07:00:00+00:00,619.5,0.0,15.0,53.0
2026-01-14 08:00:00+00:00,587.0,0.0,16.6,45.0
2026-01-14 09:00:00+00:00,489.0,0.0,17.4,42.0
2026-01-14 10:00:00+00:00,340.0,0.0,17.4,42.0
2026-01-14 11:00:00+00:00,169.0,0.0,16.6,48.0
2026-01-14 12:00:00+00:00,42.0,0.0,15.1,55.0
2026-01-14 13:00:00+00:00,0.5,0.0,13.4,65.0
2026-01-14 14:00:00+00:00,0.0,0.0,12.5,72.0
2026-01-14 15:00:00+00:00,0.0,0.0,11.8,77.0
2026-01-14 16:00:00+00:00,0.0,0.0,11.2,80.0
2026-01-14 17:00:00+00:00,0.0,0.0,10.4,84.0
2026-01-14 18:00:00+00:00,0.0,0.0,9.4,88.0
2026-01-14 19:00:00+00:00,0.0,0.0,8.6,89.0
2026-01-14 20:00:00+00:00,0.0,0.0,8.2,91.0
2026-01-14 21:00:00+00:00,0.0,0.0,7.7,92.0
2026-01-14 22:00:00+00:00,0.0,0.0,7.2,94.0
2026-01-14 23:00:00+00:00,0.0,0.0,6.7,96.0
2026-01-15 00:00:00+00:00,0.0,100.0,5.8,100.0
2026-01-15 01:00:00+00:00,0.5,100.0,6.1,100.0
2026-01-15 02:00:00+00:00,24.5,100.0,6.0,98.0
2026-01-15 03:00:00+00:00,99.0,100.0,6.9,96.0
2026-01-15 04:00:00+00:00,223.5,100.0,8.2,97.0
2026-01-15 05:00:00+00:00,407.0,41.0,10.8,81.0
2026-01-15 06:00:00+00:00,562.0,6.0,12.6,67.0
2026-01-15 07:00:00+00:00,608.5,0.0,15.1,54.0
2026-01-15 08:00:00+00:00,577.0,0.0,16.9,45.0
2026-01-15 09:00:00+00:00,481.0,0.0,17.8,42.0
2026-01-15 10:00:00+00:00,334.5,0.0,17.9,42.0
2026-01-15 11:00:00+00:00,167.0,0.0,17.3,48.0
2026-01-15 12:00:00+00:00,42.5,0.0,15.8,59.0
2026-01-15 13:00:00+00:00,1.0,0.0,14.3,65.0
2026-01-15 14:00:00+00:00,0.0,0.0,13.4,69.0
2026-01-15 15:00:00+00:00,0.0,0.0,12.5,71.0
2026-01-15 16:00:00+00:00,0.0,0.0,11.7,72.0
2026-01-15 17:00:00+00:00,0.0,23.0,10.9,75.0
2026-01-15 18:00:00+00:00,0.0,21.0,9.7,82.0
2026-01-15 19:00:00+00:00,0.0,38.0,8.9,84.0
2026-01-15 20:00:00+00:00,0.0,45.0,8.3,86.0
2026-01-15 21:00:00+00:00,0.0,8.0,7.8,87.0
2026-01-15 22:00:00+00:00,0.0,8.0,7.4,89.0
2026-01-15 23:00:00+00:00,0.0,34.0,6.9,90.0
2026-01-16 00:00:00+00:00,0.0,31.0,6.2,93.0
2026-01-16 01:00:00+00:00,0.5,5.0,6.1,93.0
2026-01-16 02:00:00+00:00,39.5,2.0,6.2,92.0
2026-01-16 03:00:00+00:00,163.0,23.0,7.8,86.0
2026-01-16 04:00:00+00:00,332.0,3.0,10.8,75.0
2026-01-16 05:00:00+00:00,479.0,17.0,14.0,62.0
2026-01-16 06:00:00+00:00,575.0,53.0,16.6,51.0
2026-01-16 07:00:00+00:00,609.0,57.0,18.5,41.0
2026-01-16 08:00:00+00:00,573.0,98.0,19.8,35.0
2026-01-16 09:00:00+00:00,473.5,99.0,20.5,33.0
2026-01-16 10:00:00+00:00,332.5,15.0,20.5,35.0
2026-01-16 11:00:00+00:00,169.5,2.0,19.8,41.0
2026-01-16 12:00:00+00:00,43.5,100.0,17.3,55.0
2026-01-16 13:00:00+00:00,1.0,97.0,15.6,60.0
2026-01-16 14:00:00+00:00,0.0,100.0,14.5,66.0
2026-01-16 15:00:00+00:00,0.0,100.0,13.8,68.0
2026-01-16 16:00:00+00:00,0.0,100.0,13.2,70.0
2026-01-16 17:00:00+00:00,0.0,95.0,12.2,72.0
2026-01-16 18:00:00+00:00,0.0,95.0,11.2,77.0
2026-01-16 19:00:00+00:00,0.0,98.0,10.5,79.0
2026-01-16 20:00:00+00:00,0.0,98.0,10.3,79.0
2026-01-16 21:00:00+00:00,0.0,100.0,9.6,82.0
2026-01-16 22:00:00+00:00,0.0,100.0,9.0,85.0
2026-01-16 23:00:00+00:00,0.0,100.0,8.4,88.0
2026-01-17 00:00:00+00:00,0.0,100.0,7.9,91.0
2026-01-17 01:00:00+00:00,0.5,99.0,7.8,90.0
2026-01-17 02:00:00+00:00,37.0,100.0,7.8,90.0
2026-01-17 03:00:00+00:00,145.0,100.0,9.4,88.0
2026-01-17 04:00:00+00:00,304.0,98.0,12.1,79.0
2026-01-17 05:00:00+00:00,460.5,100.0,15.6,65.0
2026-01-17 06:00:00+00:00,561.5,100.0,18.3,54.0
2026-01-17 07:00:00+00:00,589.0,100.0,20.7,45.0
2026-01-17 08:00:00+00:00,551.5,100.0,21.9,40.0
2026-01-17 09:00:00+00:00,462.0,100.0,22.5,39.0
2026-01-17 10:00:00+00:00,322.0,99.0,22.6,39.0
2026-01-17 11:00:00+00:00,160.0,99.0,22.0,45.0
2026-01-17 12:00:00+00:00,42.0,100.0,19.7,53.0
2026-01-17 13:00:00+00:00,1.0,100.0,17.6,57.0
2026-01-17 14:00:00+00:00,0.0,99.0,16.3,65.0
2026-01-17 15:00:00+00:00,0.0,100.0,15.4,72.0
2026-01-17 16:00:00+00:00,0.0,94.0,14.5,78.0
2026-01-17 17:00:00+00:00,0.0,71.0,13.6,82.0
2026-01-17 18:00:00+00:00,0.0,99.0,12.8,87.0
2026-01-17 19:00:00+00:00,0.0,77.0,12.0,88.0
2026-01-17 20:00:00+00:00,0.0,17.0,11.5,89.0
2026-01-17 21:00:00+00:00,0.0,11.0,11.1,89.0
2026-01-17 22:00:00+00:00,0.0,0.0,10.7,90.0
2026-01-17 23:00:00+00:00,0.0,2.0,10.1,92.0
2026-01-18 00:00:00+00:00,0.0,99.0,8.1,100.0
2026-01-18 01:00:00+00:00,0.5,100.0,8.2,99.0
2026-01-18 02:00:00+00:00,27.5,100.0,8.2,99.0
2026-01-18 03:00:00+00:00,104.5,100.0,9.3,97.0
2026-01-18 04:00:00+00:00,211.5,100.0,10.7,94.0
2026-01-18 05:00:00+00:00,380.0,42.0,13.0,85.0
2026-01-18 06:00:00+00:00,553.5,1.0,16.8,71.0
2026-01-18 07:00:00+00:00,605.0,2.0,20.2,56.0
2026-01-18 08:00:00+00:00,555.5,10.0,21.5,49.0
2026-01-18 09:00:00+00:00,455.5,13.0,22.0,46.0
2026-01-18 10:00:00+00:00,314.0,20.0,22.0,43.0
2026-01-18 11:00:00+00:00,157.5,16.0,21.6,43.0
2026-01-18 12:00:00+00:00,42.0,25.0,20.2,50.0
2026-01-18 13:00:00+00:00,1.0,13.0,18.8,61.0
2026-01-18 14:00:00+00:00,0.0,9.0,17.6,71.0
2026-01-18 15:00:00+00:00,0.0,16.0,16.3,79.0
2026-01-18 16:00:00+00:00,0.0,16.0,15.6,82.0
2026-01-18 17:00:00+00:00,0.0,84.0,14.9,86.0
2026-01-18 18:00:00+00:00,0.0,25.0,14.1,89.0
2026-01-18 19:00:00+00:00,0.0,93.0,13.7,89.0
2026-01-18 20:00:00+00:00,0.0,15.0,13.8,87.0
2026-01-18 21:00:00+00:00,0.0,23.0,13.3,87.0
2026-01-18 22:00:00+00:00,0.0,3.0,12.4,89.0
2026-01-18 23:00:00+00:00,0.0,3.0,11.5,91.0
2026-01-19 00:00:00+00:00,0.0,15.0,11.3,91.0
2026-01-19 01:00:00+00:00,0.5,19.0,10.9,92.0
2026-01-19 02:00:00+00:00,39.0,35.0,10.7,92.0
2026-01-19 03:00:00+00:00,158.5,37.0,12.3,87.0
2026-01-19 04:00:00+00:00,320.5,19.0,15.0,74.0
2026-01-19 05:00:00+00:00,466.0,6.0,18.2,60.0
2026-01-19 06:00:00+00:00,568.5,13.0,20.7,46.0
2026-01-19 07:00:00+00:00,604.0,8.0,23.6,29.0
2026-01-19 08:00:00+00:00,572.5,6.0,24.7,22.0
2026-01-19 09:00:00+00:00,483.5,12.0,25.1,21.0
2026-01-19 10:00:00+00:00,341.5,2.0,25.0,21.0
2026-01-19 11:00:00+00:00,174.5,0.0,24.4,23.0
2026-01-19 12:00:00+00:00,46.5,0.0,22.3,28.0
2026-01-19 13:00:00+00:00,1.5,0.0,20.2,37.0
2026-01-19 14:00:00+00:00,0.0,0.0,19.0,46.0
2026-01-19 15:00:00+00:00,0.0,1.0,18.0,53.0
2026-01-19 16:00:00+00:00,0.0,2.0,17.1,60.0
2026-01-19 17:00:00+00:00,0.0,0.0,16.3,67.0
2026-01-19 18:00:00+00:00,0.0,0.0,15.1,75.0
2026-01-19 19:00:00+00:00,0.0,0.0,14.3,79.0
2026-01-19 20:00:00+00:00,0.0,0.0,13.3,82.0
2026-01-19 21:00:00+00:00,0.0,0.0,12.8,82.0
2026-01-19 22:00:00+00:00,0.0,0.0,12.5,80.0
2026-01-19 23:00:00+00:00,0.0,0.0,11.8,82.0
2026-01-20 00:00:00+00:00,0.0,0.0,11.0,85.0
2026-01-20 01:00:00+00:00,1.0,0.0,10.6,85.0
2026-01-20 02:00:00+00:00,42.0,0.0,10.2,85.0
2026-01-20 03:00:00+00:00,167.0,0.0,12.0,75.0
2026-01-20 04:00:00+00:00,335.5,0.0,15.3,62.0
2026-01-20 05:00:00+00:00,482.5,0.0,18.7,51.0
2026-01-20 06:00:00+00:00,580.0,0.0,21.7,44.0
2026-01-20 07:00:00+00:00,615.5,0.0,23.5,36.0
2026-01-20 08:00:00+00:00,585.0,15.0,24.2,31.0
2026-01-20 09:00:00+00:00,490.0,50.0,24.3,32.0
2026-01-20 10:00:00+00:00,342.5,55.0,23.9,33.0
2026-01-20 11:00:00+00:00,174.5,37.0,23.2,35.0
2026-01-20 12:00:00+00:00,47.0,12.0,22.1,33.0
2026-01-20 13:00:00+00:00,1.5,0.0,20.4,41.0
2026-01-20 14:00:00+00:00,0.0,0.0,19.1,51.0
2026-01-20 15:00:00+00:00,0.0,0.0,18.1,60.0
2026-01-20 16:00:00+00:00,0.0,0.0,17.2,68.0
2026-01-20 17:00:00+00:00,0.0,0.0,16.5,72.0
2026-01-20 18:00:00+00:00,0.0,0.0,15.9,78.0
2026-01-20 19:00:00+00:00,0.0,0.0,14.5,81.0
2026-01-20 20:00:00+00:00,0.0,0.0,13.8,82.0
2026-01-20 21:00:00+00:00,0.0,0.0,13.0,83.0
2026-01-20 22:00:00+00:00,0.0,0.0,12.5,83.0
2026-01-20 23:00:00+00:00,0.0,0.0,11.6,85.0
2026-01-21 00:00:00+00:00,0.0,16.0,11.1,94.0
2026-01-21 01:00:00+00:00,0.5,38.0,10.2,96.0
2026-01-21 02:00:00+00:00,34.0,57.0,9.7,99.0
2026-01-21 03:00:00+00:00,140.0,58.0,10.6,94.0
2026-01-21 04:00:00+00:00,307.0,4.0,13.2,81.0
2026-01-21 05:00:00+00:00,475.5,0.0,16.9,63.0
2026-01-21 06:00:00+00:00,584.5,0.0,20.4,50.0
2026-01-21 07:00:00+00:00,621.0,0.0,22.3,40.0
2026-01-21 08:00:00+00:00,591.5,0.0,23.0,36.0
2026-01-21 09:00:00+00:00,498.5,0.0,23.2,34.0
2026-01-21 10:00:00+00:00,354.0,0.0,22.9,34.0
2026-01-21 11:00:00+00:00,184.0,0.0,22.1,36.0
2026-01-21 12:00:00+00:00,50.0,0.0,20.8,39.0
2026-01-21 13:00:00+00:00,1.5,0.0,19.3,44.0
2026-01-21 14:00:00+00:00,0.0,0.0,18.1,49.0
2026-01-21 15:00:00+00:00,0.0,0.0,16.9,56.0
2026-01-21 16:00:00+00:00,0.0,0.0,16.1,62.0
2026-01-21 17:00:00+00:00,0.0,0.0,15.4,65.0
2026-01-21 18:00:00+00:00,0.0,0.0,14.8,69.0
2026-01-21 19:00:00+00:00,0.0,0.0,13.8,72.0
2026-01-21 20:00:00+00:00,0.0,0.0,13.3,73.0
2026-01-21 21:00:00+00:00,0.0,0.0,12.5,76.0
2026-01-21 22:00:00+00:00,0.0,0.0,11.6,78.0
2026-01-21 23:00:00+00:00,0.0,0.0,11.3,77.0
2026-01-22 00:00:00+00:00,0.0,0.0,10.5,81.0
2026-01-22 01:00:00+00:00,1.0,0.0,10.1,82.0
2026-01-22 02:00:00+00:00,44.0,0.0,10.0,82.0
2026-01-22 03:00:00+00:00,173.5,0.0,11.8,74.0
2026-01-22 04:00:00+00:00,346.0,0.0,15.4,61.0
2026-01-22 05:00:00+00:00,494.5,0.0,19.0,44.0
2026-01-22 06:00:00+00:00,590.5,0.0,21.5,39.0
2026-01-22 07:00:00+00:00,625.0,0.0,23.5,37.0
2026-01-22 08:00:00+00:00,595.0,0.0,24.6,34.0
2026-01-22 09:00:00+00:00,501.0,0.0,25.0,34.0
2026-01-22 10:00:00+00:00,355.0,0.0,24.8,36.0
2026-01-22 11:00:00+00:00,184.0,0.0,23.8,41.0
2026-01-22 12:00:00+00:00,50.5,32.0,21.9,50.0
2026-01-22 13:00:00+00:00,2.0,73.0,20.4,59.0
2026-01-22 14:00:00+00:00,0.0,99.0,19.5,66.0
2026-01-22 15:00:00+00:00,0.0,98.0,19.0,68.0
2026-01-22 16:00:00+00:00,0.0,89.0,18.7,69.0
2026-01-22 17:00:00+00:00,0.0,36.0,18.1,70.0
2026-01-22 18:00:00+00:00,0.0,15.0,17.9,70.0
2026-01-22 19:00:00+00:00,0.0,88.0,17.1,72.0
2026-01-22 20:00:00+00:00,0.0,48.0,16.6,74.0
2026-01-22 21:00:00+00:00,0.0,92.0,16.2,74.0
2026-01-22 22:00:00+00:00,0.0,72.0,16.2,73.0
2026-01-22 23:00:00+00:00,0.0,67.0,16.3,71.0
2026-01-23 00:00:00+00:00,0.0,72.0,15.7,75.0
2026-01-23 01:00:00+00:00,0.5,52.0,15.3,77.0
2026-01-23 02:00:00+00:00,17.0,100.0,15.1,78.0
2026-01-23 03:00:00+00:00,26.0,100.0,14.6,85.0
2026-01-23 04:00:00+00:00,47.5,100.0,14.4,88.0
2026-01-23 05:00:00+00:00,75.0,100.0,14.7,88.0
2026-01-23 06:00:00+00:00,80.5,100.0,14.1,90.0
2026-01-23 07:00:00+00:00,210.5,81.0,14.6,89.0
2026-01-23 08:00:00+00:00,375.5,57.0,16.1,84.0
2026-01-23 09:00:00+00:00,282.0,100.0,17.5,75.0
2026-01-23 10:00:00+00:00,143.5,71.0,16.8,82.0
2026-01-23 11:00:00+00:00,82.5,100.0,16.7,84.0
2026-01-23 12:00:00+00:00,14.0,70.0,15.5,85.0
2026-01-23 13:00:00+00:00,1.5,98.0,14.4,88.0
2026-01-23 14:00:00+00:00,0.0,48.0,14.4,91.0
2026-01-23 15:00:00+00:00,0.0,43.0,14.2,92.0
2026-01-23 16:00:00+00:00,0.0,25.0,13.7,93.0
2026-01-23 17:00:00+00:00,0.0,20.0,13.1,92.0
2026-01-23 18:00:00+00:00,0.0,100.0,12.9,95.0
2026-01-23 19:00:00+00:00,0.0,100.0,12.5,95.0
2026-01-23 20:00:00+00:00,0.0,100.0,12.9,94.0
2026-01-23 21:00:00+00:00,0.0,97.0,12.3,97.0
2026-01-23 22:00:00+00:00,0.0,100.0,11.2,97.0
2026-01-23 23:00:00+00:00,0.0,100.0,9.7,89.0
2026-01-24 00:00:00+00:00,0.0,100.0,9.9,75.0
2026-01-24 01:00:00+00:00,0.5,100.0,9.3,70.0
2026-01-24 02:00:00+00:00,34.0,98.0,9.0,70.0
2026-01-24 03:00:00+00:00,142.5,80.0,9.6,69.0
2026-01-24 04:00:00+00:00,297.0,48.0,10.8,65.0
2026-01-24 05:00:00+00:00,449.5,34.0,12.2,59.0
2026-01-24 06:00:00+00:00,568.0,13.0,14.0,50.0
2026-01-24 07:00:00+00:00,618.0,38.0,15.4,45.0
2026-01-24 08:00:00+00:00,591.0,7.0,16.1,44.0
2026-01-24 09:00:00+00:00,502.0,6.0,16.4,46.0
2026-01-24 10:00:00+00:00,354.5,100.0,16.2,49.0
2026-01-24 11:00:00+00:00,178.5,100.0,15.4,52.0
2026-01-24 12:00:00+00:00,48.5,100.0,14.0,60.0
2026-01-24 13:00:00+00:00,2.0,100.0,12.5,66.0
2026-01-24 14:00:00+00:00,0.0,98.0,11.6,69.0
2026-01-24 15:00:00+00:00,0.0,100.0,10.7,71.0
2026-01-24 16:00:00+00:00,0.0,100.0,10.0,73.0
2026-01-24 17:00:00+00:00,0.0,100.0,9.4,74.0
2026-01-24 18:00:00+00:00,0.0,100.0,9.1,75.0
2026-01-24 19:00:00+00:00,0.0,100.0,8.8,75.0
2026-01-24 20:00:00+00:00,0.0,100.0,8.4,76.0
2026-01-24 21:00:00+00:00,0.0,100.0,8.3,76.0
2026-01-24 22:00:00+00:00,0.0,100.0,7.7,79.0
2026-01-24 23:00:00+00:00,0.0,96.0,7.2,81.0
2026-01-25 00:00:00+00:00,0.0,96.0,6.9,84.0
2026-01-25 01:00:00+00:00,1.0,76.0,6.8,85.0
2026-01-25 02:00:00+00:00,45.0,2.0,6.4,86.0
2026-01-25 03:00:00+00:00,177.0,0.0,7.1,84.0
2026-01-25 04:00:00+00:00,354.0,0.0,8.9,78.0
2026-01-25 05:00:00+00:00,509.0,0.0,11.2,72.0
2026-01-25 06:00:00+00:00,612.0,0.0,13.6,65.0
2026-01-25 07:00:00+00:00,649.5,0.0,15.1,59.0
2026-01-25 08:00:00+00:00,618.5,0.0,16.0,54.0
2026-01-25 09:00:00+00:00,522.5,0.0,16.4,53.0
2026-01-25 10:00:00+00:00,373.5,0.0,16.5,53.0
2026-01-25 11:00:00+00:00,198.0,0.0,15.9,57.0
2026-01-25 12:00:00+00:00,56.5,8.0,14.2,73.0
2026-01-25 13:00:00+00:00,2.5,0.0,12.8,75.0
2026-01-25 14:00:00+00:00,0.0,0.0,12.0,77.0
2026-01-25 15:00:00+00:00,0.0,0.0,11.2,79.0
2026-01-25 16:00:00+00:00,0.0,0.0,10.6,79.0
2026-01-25 17:00:00+00:00,0.0,0.0,9.9,81.0
2026-01-25 18:00:00+00:00,0.0,0.0,9.2,85.0
2026-01-25 19:00:00+00:00,0.0,0.0,8.7,86.0
2026-01-25 20:00:00+00:00,0.0,0.0,8.2,88.0
2026-01-25 21:00:00+00:00,0.0,81.0,7.8,89.0
2026-01-25 22:00:00+00:00,0.0,34.0,7.5,89.0
2026-01-25 23:00:00+00:00,0.0,9.0,6.9,90.0
2026-01-26 00:00:00+00:00,0.0,0.0,6.3,93.0
2026-01-26 01:00:00+00:00,1.0,0.0,6.4,92.0
2026-01-26 02:00:00+00:00,45.5,0.0,6.2,93.0
2026-01-26 03:00:00+00:00,177.5,0.0,7.9,89.0
2026-01-26 04:00:00+00:00,353.0,0.0,10.5,83.0
2026-01-26 05:00:00+00:00,505.5,0.0,13.1,76.0
2026-01-26 06:00:00+00:00,607.5,0.0,15.2,68.0
2026-01-26 07:00:00+00:00,645.5,0.0,17.1,62.0
2026-01-26 08:00:00+00:00,614.5,0.0,18.1,58.0
2026-01-26 09:00:00+00:00,519.0,0.0,18.7,55.0
2026-01-26 10:00:00+00:00,371.0,0.0,18.8,54.0
2026-01-26 11:00:00+00:00,196.0,21.0,18.5,56.0
2026-01-26 12:00:00+00:00,54.5,100.0,17.0,69.0
2026-01-26 13:00:00+00:00,1.5,100.0,16.2,73.0
2026-01-26 14:00:00+00:00,0.0,78.0,15.2,77.0
2026-01-26 15:00:00+00:00,0.0,38.0,14.2,79.0
2026-01-26 16:00:00+00:00,0.0,22.0,13.4,77.0
2026-01-26 17:00:00+00:00,0.0,0.0,12.6,79.0
2026-01-26 18:00:00+00:00,0.0,0.0,12.9,77.0
2026-01-26 19:00:00+00:00,0.0,1.0,12.2,80.0
2026-01-26 20:00:00+00:00,0.0,0.0,11.6,83.0
2026-01-26 21:00:00+00:00,0.0,0.0,11.1,86.0
2026-01-26 22:00:00+00:00,0.0,0.0,11.3,83.0
2026-01-26 23:00:00+00:00,0.0,1.0,11.4,81.0
2026-01-27 00:00:00+00:00,0.0,3.0,11.2,81.0
2026-01-27 01:00:00+00:00,1.0,5.0,11.4,79.0
2026-01-27 02:00:00+00:00,36.5,34.0,11.5,80.0
2026-01-27 03:00:00+00:00,114.5,88.0,12.7,79.0
2026-01-27 04:00:00+00:00,214.0,62.0,13.9,75.0
2026-01-27 05:00:00+00:00,335.5,62.0,14.7,77.0
2026-01-27 06:00:00+00:00,467.0,38.0,15.9,77.0
2026-01-27 07:00:00+00:00,558.5,17.0,18.1,73.0
2026-01-27 08:00:00+00:00,532.5,20.0,19.3,72.0
2026-01-27 09:00:00+00:00,384.0,98.0,19.7,72.0
2026-01-27 10:00:00+00:00,249.5,51.0,19.2,75.0
2026-01-27 11:00:00+00:00,145.5,60.0,18.8,78.0
2026-01-27 12:00:00+00:00,42.0,45.0,15.9,91.0
2026-01-27 13:00:00+00:00,2.5,100.0,15.0,93.0
2026-01-27 14:00:00+00:00,0.0,100.0,14.5,92.0
2026-01-27 15:00:00+00:00,0.0,100.0,14.4,91.0
2026-01-27 16:00:00+00:00,0.0,100.0,14.4,92.0
2026-01-27 17:00:00+00:00,0.0,20.0,13.8,95.0
2026-01-27 18:00:00+00:00,0.0,25.0,13.3,96.0
2026-01-27 19:00:00+00:00,0.0,89.0,12.4,97.0
2026-01-27 20:00:00+00:00,0.0,62.0,13.0,93.0
2026-01-27 21:00:00+00:00,0.0,84.0,12.2,96.0
2026-01-27 22:00:00+00:00,0.0,48.0,12.3,95.0
2026-01-27 23:00:00+00:00,0.0,79.0,12.5,94.0
2026-01-28 00:00:00+00:00,0.0,76.0,11.7,95.0
2026-01-28 01:00:00+00:00,0.5,100.0,12.5,97.0
2026-01-28 02:00:00+00:00,19.5,100.0,12.7,98.0
2026-01-28 03:00:00+00:00,79.5,100.0,13.4,94.0
2026-01-28 04:00:00+00:00,152.5,100.0,13.9,91.0
2026-01-28 05:00:00+00:00,229.5,100.0,14.4,88.0
2026-01-28 06:00:00+00:00,310.0,53.0,16.0,81.0
2026-01-28 07:00:00+00:00,405.0,23.0,16.8,76.0
2026-01-28 08:00:00+00:00,439.0,22.0,17.7,70.0
2026-01-28 09:00:00+00:00,374.0,27.0,18.2,66.0
2026-01-28 10:00:00+00:00,277.0,32.0,18.4,63.0
2026-01-28 11:00:00+00:00,158.0,41.0,18.0,63.0
2026-01-28 12:00:00+00:00,51.5,6.0,16.9,71.0
2026-01-28 13:00:00+00:00,3.0,9.0,15.2,79.0
2026-01-28 14:00:00+00:00,0.0,0.0,14.5,83.0
2026-01-28 15:00:00+00:00,0.0,0.0,13.6,86.0
2026-01-28 16:00:00+00:00,0.0,0.0,12.8,87.0
2026-01-28 17:00:00+00:00,0.0,0.0,12.2,88.0
2026-01-28 18:00:00+00:00,0.0,0.0,11.8,93.0
2026-01-28 19:00:00+00:00,0.0,0.0,12.0,93.0
2026-01-28 20:00:00+00:00,0.0,0.0,11.8,94.0
2026-01-28 21:00:00+00:00,0.0,0.0,11.5,95.0
2026-01-28 22:00:00+00:00,0.0,0.0,10.9,96.0
2026-01-28 23:00:00+00:00,0.0,0.0,10.4,96.0
2026-01-29 00:00:00+00:00,0.0,100.0,10.5,100.0
2026-01-29 01:00:00+00:00,1.0,100.0,10.6,100.0
2026-01-29 02:00:00+00:00,23.0,100.0,10.8,99.0
2026-01-29 03:00:00+00:00,94.5,100.0,11.1,99.0
2026-01-29 04:00:00+00:00,214.0,100.0,11.9,94.0
2026-01-29 05:00:00+00:00,374.5,83.0,13.8,88.0
2026-01-29 06:00:00+00:00,509.5,49.0,15.3,80.0
2026-01-29 07:00:00+00:00,583.0,34.0,16.8,71.0
2026-01-29 08:00:00+00:00,593.5,28.0,17.7,67.0
2026-01-29 09:00:00+00:00,518.5,2.0,18.3,66.0
2026-01-29 10:00:00+00:00,379.5,1.0,18.4,64.0
2026-01-29 11:00:00+00:00,206.0,0.0,18.0,67.0
2026-01-29 12:00:00+00:00,61.5,23.0,16.1,77.0
2026-01-29 13:00:00+00:00,3.5,96.0,14.3,84.0
2026-01-29 14:00:00+00:00,0.0,98.0,13.9,85.0
2026-01-29 15:00:00+00:00,0.0,28.0,13.4,86.0
2026-01-29 16:00:00+00:00,0.0,4.0,12.4,89.0
2026-01-29 17:00:00+00:00,0.0,11.0,11.7,91.0
2026-01-29 18:00:00+00:00,0.0,34.0,11.1,92.0
2026-01-29 19:00:00+00:00,0.0,30.0,10.8,93.0
2026-01-29 20:00:00+00:00,0.0,96.0,10.3,94.0
2026-01-29 21:00:00+00:00,0.0,100.0,10.1,94.0
2026-01-29 22:00:00+00:00,0.0,100.0,10.4,92.0
2026-01-29 23:00:00+00:00,0.0,77.0,10.5,91.0
2026-01-30 00:00:00+00:00,0.0,100.0,9.7,94.0
2026-01-30 01:00:00+00:00,1.5,73.0,8.9,94.0
2026-01-30 02:00:00+00:00,40.5,84.0,8.5,95.0
2026-01-30 03:00:00+00:00,176.5,66.0,10.8,92.0
2026-01-30 04:00:00+00:00,360.0,31.0,12.7,89.0
2026-01-30 05:00:00+00:00,502.5,84.0,14.8,80.0
2026-01-30 06:00:00+00:00,603.0,85.0,16.6,73.0
2026-01-30 07:00:00+00:00,652.5,52.0,18.1,65.0
2026-01-30 08:00:00+00:00,627.5,70.0,19.0,61.0
2026-01-30 09:00:00+00:00,502.5,100.0,19.5,59.0
2026-01-30 10:00:00+00:00,323.5,100.0,19.5,58.0
2026-01-30 11:00:00+00:00,165.0,98.0,18.9,61.0
2026-01-30 12:00:00+00:00,49.5,95.0,17.6,75.0
2026-01-30 13:00:00+00:00,3.5,80.0,16.1,78.0
2026-01-30 14:00:00+00:00,0.0,23.0,15.3,80.0
2026-01-30 15:00:00+00:00,0.0,4.0,14.4,83.0
2026-01-30 16:00:00+00:00,0.0,0.0,13.6,86.0
2026-01-30 17:00:00+00:00,0.0,0.0,12.9,87.0
2026-01-30 18:00:00+00:00,0.0,17.0,12.6,89.0
2026-01-30 19:00:00+00:00,0.0,45.0,12.0,91.0
2026-01-30 20:00:00+00:00,0.0,7.0,10.9,99.0
2026-01-30 21:00:00+00:00,0.0,100.0,10.5,99.0
2026-01-30 22:00:00+00:00,0.0,100.0,10.0,100.0
2026-01-30 23:00:00+00:00,0.0,100.0,10.3,99.0
2026-01-31 00:00:00+00:00,0.0,100.0,9.2,100.0
2026-01-31 01:00:00+00:00,1.0,100.0,9.4,100.0
2026-01-31 02:00:00+00:00,28.0,100.0,9.6,99.0
2026-01-31 03:00:00+00:00,98.0,100.0,10.6,98.0
2026-01-31 04:00:00+00:00,216.5,100.0,12.0,96.0
2026-01-31 05:00:00+00:00,406.5,84.0,14.3,92.0
2026-01-31 06:00:00+00:00,581.0,1.0,16.8,79.0
2026-01-31 07:00:00+00:00,644.5,1.0,18.3,70.0
2026-01-31 08:00:00+00:00,617.0,0.0,19.3,63.0
2026-01-31 09:00:00+00:00,523.0,0.0,19.8,62.0
2026-01-31 10:00:00+00:00,373.5,5.0,19.9,63.0
2026-01-31 11:00:00+00:00,200.5,2.0,19.5,66.0
2026-01-31 12:00:00+00:00,61.0,11.0,17.7,75.0
2026-01-31 13:00:00+00:00,3.5,7.0,16.2,82.0
2026-01-31 14:00:00+00:00,0.0,12.0,15.4,86.0
2026-01-31 15:00:00+00:00,0.0,12.0,14.8,88.0
2026-01-31 16:00:00+00:00,0.0,59.0,14.5,89.0
2026-01-31 17:00:00+00:00,0.0,14.0,14.1,90.0
2026-01-31 18:00:00+00:00,0.0,77.0,13.9,90.0
2026-01-31 19:00:00+00:00,0.0,90.0,13.3,91.0
2026-01-31 20:00:00+00:00,0.0,79.0,13.7,86.0
2026-01-31 21:00:00+00:00,0.0,82.0,13.8,83.0
2026-01-31 22:00:00+00:00,0.0,97.0,12.7,84.0
2026-01-31 23:00:00+00:00,0.0,58.0,12.4,87.0
2026-02-01 00:00:00+00:00,0.0,72.0,13.0,94.0
2026-02-01 01:00:00+00:00,1.5,30.0,12.9,93.0
2026-02-01 02:00:00+00:00,43.0,20.0,12.9,92.0
2026-02-01 03:00:00+00:00,154.0,33.0,14.0,90.0
2026-02-01 04:00:00+00:00,308.5,23.0,15.5,88.0
2026-02-01 05:00:00+00:00,457.5,28.0,17.6,80.0
2026-02-01 06:00:00+00:00,552.5,20.0,18.3,72.0
2026-02-01 07:00:00+00:00,592.0,13.0,19.3,68.0
2026-02-01 08:00:00+00:00,581.5,8.0,20.1,67.0
2026-02-01 09:00:00+00:00,504.5,4.0,20.7,66.0
2026-02-01 10:00:00+00:00,362.5,14.0,20.8,66.0
2026-02-01 11:00:00+00:00,194.0,87.0,20.6,68.0
2026-02-01 12:00:00+00:00,59.5,21.0,19.4,78.0
2026-02-01 13:00:00+00:00,4.0,5.0,17.6,83.0
2026-02-01 14:00:00+00:00,0.0,2.0,16.7,87.0
2026-02-01 15:00:00+00:00,0.0,1.0,15.9,89.0
2026-02-01 16:00:00+00:00,0.0,0.0,15.4,90.0
2026-02-01 17:00:00+00:00,0.0,0.0,15.0,91.0
2026-02-01 18:00:00+00:00,0.0,0.0,14.3,95.0
2026-02-01 19:00:00+00:00,0.0,0.0,14.2,95.0
2026-02-01 20:00:00+00:00,0.0,32.0,13.8,98.0
2026-02-01 21:00:00+00:00,0.0,100.0,13.5,100.0
2026-02-01 22:00:00+00:00,0.0,100.0,12.8,100.0
2026-02-01 23:00:00+00:00,0.0,100.0,12.7,99.0
2026-02-02 00:00:00+00:00,0.0,100.0,13.2,97.0
2026-02-02 01:00:00+00:00,1.0,100.0,13.4,95.0
2026-02-02 02:00:00+00:00,27.5,100.0,13.2,95.0
2026-02-02 03:00:00+00:00,101.5,100.0,13.5,97.0
2026-02-02 04:00:00+00:00,215.0,100.0,14.2,96.0
2026-02-02 05:00:00+00:00,348.0,100.0,15.4,93.0
2026-02-02 06:00:00+00:00,453.0,100.0,16.3,89.0
2026-02-02 07:00:00+00:00,485.0,100.0,17.8,82.0
2026-02-02 08:00:00+00:00,507.5,66.0,18.8,74.0
2026-02-02 09:00:00+00:00,488.5,99.0,19.5,69.0
2026-02-02 10:00:00+00:00,371.0,40.0,19.7,68.0
2026-02-02 11:00:00+00:00,209.0,86.0,19.4,69.0
2026-02-02 12:00:00+00:00,63.5,97.0,17.5,76.0
2026-02-02 13:00:00+00:00,4.5,78.0,16.0,83.0
2026-02-02 14:00:00+00:00,0.0,47.0,15.5,86.0
2026-02-02 15:00:00+00:00,0.0,0.0,14.7,88.0
2026-02-02 16:00:00+00:00,0.0,0.0,14.1,90.0
2026-02-02 17:00:00+00:00,0.0,0.0,13.4,92.0
2026-02-02 18:00:00+00:00,0.0,0.0,13.0,95.0
2026-02-02 19:00:00+00:00,0.0,0.0,12.9,95.0
2026-02-02 20:00:00+00:00,0.0,0.0,12.3,95.0
2026-02-02 21:00:00+00:00,0.0,0.0,11.9,95.0
2026-02-02 22:00:00+00:00,0.0,0.0,11.5,96.0
2026-02-02 23:00:00+00:00,0.0,0.0,10.4,97.0
2026-02-03 00:00:00+00:00,0.0,100.0,10.7,100.0
2026-02-03 01:00:00+00:00,1.5,100.0,10.4,99.0
2026-02-03 02:00:00+00:00,37.0,100.0,10.5,98.0
2026-02-03 03:00:00+00:00,128.0,100.0,11.3,98.0
2026-02-03 04:00:00+00:00,263.5,100.0,12.1,98.0
2026-02-03 05:00:00+00:00,437.5,65.0,14.6,89.0
2026-02-03 06:00:00+00:00,592.0,38.0,16.3,82.0
2026-02-03 07:00:00+00:00,656.0,2.0,17.9,74.0
2026-02-03 08:00:00+00:00,634.5,13.0,18.8,65.0
2026-02-03 09:00:00+00:00,545.5,13.0,19.4,61.0
2026-02-03 10:00:00+00:00,397.0,34.0,19.6,58.0
2026-02-03 11:00:00+00:00,218.5,56.0,19.4,57.0
2026-02-03 12:00:00+00:00,67.5,100.0,18.6,65.0
2026-02-03 13:00:00+00:00,4.5,100.0,17.1,66.0
2026-02-03 14:00:00+00:00,0.0,100.0,16.2,69.0
2026-02-03 15:00:00+00:00,0.0,100.0,15.6,74.0
2026-02-03 16:00:00+00:00,0.0,100.0,15.1,77.0
2026-02-03 17:00:00+00:00,0.0,11.0,14.5,79.0
2026-02-03 18:00:00+00:00,0.0,39.0,14.1,82.0
2026-02-03 19:00:00+00:00,0.0,20.0,13.5,83.0
2026-02-03 20:00:00+00:00,0.0,80.0,12.5,88.0
2026-02-03 21:00:00+00:00,0.0,87.0,11.7,91.0
2026-02-03 22:00:00+00:00,0.0,81.0,11.4,92.0
2026-02-03 23:00:00+00:00,0.0,87.0,11.1,92.0
2026-02-04 00:00:00+00:00,0.0,80.0,11.1,93.0
2026-02-04 01:00:00+00:00,2.0,36.0,10.8,93.0
2026-02-04 02:00:00+00:00,54.0,14.0,10.7,93.0
2026-02-04 03:00:00+00:00,196.0,0.0,12.7,88.0
2026-02-04 04:00:00+00:00,377.0,0.0,14.8,84.0
2026-02-04 05:00:00+00:00,533.5,0.0,17.0,76.0
2026-02-04 06:00:00+00:00,638.5,0.0,18.2,66.0
2026-02-04 07:00:00+00:00,678.5,0.0,19.2,60.0
2026-02-04 08:00:00+00:00,649.5,0.0,19.9,56.0
2026-02-04 09:00:00+00:00,555.0,0.0,20.2,54.0
2026-02-04 10:00:00+00:00,406.0,0.0,20.1,54.0
2026-02-04 11:00:00+00:00,226.5,0.0,19.5,56.0
2026-02-04 12:00:00+00:00,72.0,0.0,18.5,62.0
2026-02-04 13:00:00+00:00,5.5,0.0,16.6,71.0
2026-02-04 14:00:00+00:00,0.0,0.0,15.8,76.0
2026-02-04 15:00:00+00:00,0.0,0.0,15.1,79.0
2026-02-04 16:00:00+00:00,0.0,0.0,14.4,81.0
2026-02-04 17:00:00+00:00,0.0,0.0,13.7,83.0
2026-02-04 18:00:00+00:00,0.0,0.0,13.4,85.0
2026-02-04 19:00:00+00:00,0.0,0.0,13.2,86.0
2026-02-04 20:00:00+00:00,0.0,0.0,12.7,87.0
2026-02-04 21:00:00+00:00,0.0,0.0,12.3,88.0
2026-02-04 22:00:00+00:00,0.0,0.0,11.9,88.0
2026-02-04 23:00:00+00:00,0.0,0.0,11.5,89.0
2026-02-05 00:00:00+00:00,0.0,0.0,11.0,88.0
2026-02-05 01:00:00+00:00,2.0,0.0,10.7,88.0
2026-02-05 02:00:00+00:00,55.5,0.0,10.6,87.0
2026-02-05 03:00:00+00:00,200.5,0.0,11.8,85.0
2026-02-05 04:00:00+00:00,384.5,0.0,13.8,79.0
2026-02-05 05:00:00+00:00,544.0,0.0,16.0,72.0
2026-02-05 06:00:00+00:00,651.0,0.0,18.5,63.0
2026-02-05 07:00:00+00:00,691.5,0.0,20.0,54.0
2026-02-05 08:00:00+00:00,661.5,0.0,20.9,48.0
2026-02-05 09:00:00+00:00,565.5,0.0,21.3,44.0
2026-02-05 10:00:00+00:00,414.5,0.0,21.0,45.0
2026-02-05 11:00:00+00:00,229.5,72.0,20.4,48.0
2026-02-05 12:00:00+00:00,72.0,0.0,19.1,55.0
2026-02-05 13:00:00+00:00,6.0,0.0,16.7,67.0
2026-02-05 14:00:00+00:00,0.0,0.0,15.8,72.0
2026-02-05 15:00:00+00:00,0.0,0.0,15.3,72.0
2026-02-05 16:00:00+00:00,0.0,0.0,14.8,72.0
2026-02-05 17:00:00+00:00,0.0,0.0,14.1,73.0
2026-02-05 18:00:00+00:00,0.0,0.0,13.3,78.0
2026-02-05 19:00:00+00:00,0.0,0.0,13.1,77.0
2026-02-05 20:00:00+00:00,0.0,0.0,12.5,79.0
2026-02-05 21:00:00+00:00,0.0,0.0,12.1,80.0
2026-02-05 22:00:00+00:00,0.0,0.0,11.8,81.0
2026-02-05 23:00:00+00:00,0.0,0.0,11.5,81.0
2026-02-06 00:00:00+00:00,0.0,0.0,11.1,83.0
2026-02-06 01:00:00+00:00,2.5,0.0,10.9,83.0
2026-02-06 02:00:00+00:00,57.0,0.0,10.8,83.0
2026-02-06 03:00:00+00:00,202.5,0.0,12.4,76.0
2026-02-06 04:00:00+00:00,386.0,0.0,14.7,71.0
2026-02-06 05:00:00+00:00,544.5,0.0,17.3,63.0
2026-02-06 06:00:00+00:00,650.0,0.0,20.2,55.0
2026-02-06 07:00:00+00:00,689.0,0.0,21.8,47.0
2026-02-06 08:00:00+00:00,658.5,0.0,22.5,44.0
2026-02-06 09:00:00+00:00,562.5,0.0,22.6,45.0
2026-02-06 10:00:00+00:00,412.5,0.0,22.3,48.0
2026-02-06 11:00:00+00:00,232.0,0.0,21.7,52.0
2026-02-06 12:00:00+00:00,75.0,0.0,20.5,56.0
2026-02-06 13:00:00+00:00,6.0,0.0,18.6,65.0
2026-02-06 14:00:00+00:00,0.0,0.0,17.7,71.0
2026-02-06 15:00:00+00:00,0.0,0.0,17.1,71.0
2026-02-06 16:00:00+00:00,0.0,0.0,16.6,71.0
2026-02-06 17:00:00+00:00,0.0,0.0,16.1,71.0
2026-02-06 18:00:00+00:00,0.0,0.0,15.8,73.0
2026-02-06 19:00:00+00:00,0.0,0.0,15.1,74.0
2026-02-06 20:00:00+00:00,0.0,4.0,14.5,77.0
2026-02-06 21:00:00+00:00,0.0,34.0,13.9,79.0
2026-02-06 22:00:00+00:00,0.0,23.0,13.3,82.0
2026-02-06 23:00:00+00:00,0.0,37.0,12.7,84.0
2026-02-07 00:00:00+00:00,0.0,64.0,12.6,86.0
2026-02-07 01:00:00+00:00,2.5,38.0,12.5,86.0
2026-02-07 02:00:00+00:00,56.5,34.0,12.5,86.0
2026-02-07 03:00:00+00:00,200.0,82.0,13.8,83.0
2026-02-07 04:00:00+00:00,382.0,5.0,16.1,75.0
2026-02-07 05:00:00+00:00,540.0,7.0,18.5,67.0
2026-02-07 06:00:00+00:00,646.0,0.0,20.8,59.0
2026-02-07 07:00:00+00:00,686.0,0.0,22.3,53.0
2026-02-07 08:00:00+00:00,657.0,0.0,23.3,47.0
2026-02-07 09:00:00+00:00,563.5,0.0,23.6,46.0
2026-02-07 10:00:00+00:00,415.5,0.0,23.5,45.0
2026-02-07 11:00:00+00:00,235.5,0.0,22.8,48.0
2026-02-07 12:00:00+00:00,77.0,0.0,21.6,53.0
2026-02-07 13:00:00+00:00,6.5,0.0,19.7,63.0
2026-02-07 14:00:00+00:00,0.0,0.0,18.8,67.0
2026-02-07 15:00:00+00:00,0.0,0.0,18.4,64.0
2026-02-07 16:00:00+00:00,0.0,0.0,17.6,66.0
2026-02-07 17:00:00+00:00,0.0,0.0,16.8,72.0
2026-02-07 18:00:00+00:00,0.0,0.0,16.0,79.0
2026-02-07 19:00:00+00:00,0.0,0.0,15.5,79.0
2026-02-07 20:00:00+00:00,0.0,0.0,14.8,77.0
2026-02-07 21:00:00+00:00,0.0,3.0,14.1,76.0
2026-02-07 22:00:00+00:00,0.0,46.0,13.5,77.0
2026-02-07 23:00:00+00:00,0.0,18.0,12.7,79.0
2026-02-08 00:00:00+00:00,0.0,19.0,11.9,82.0
2026-02-08 01:00:00+00:00,3.0,6.0,11.6,82.0
2026-02-08 02:00:00+00:00,61.0,33.0,11.4,81.0
2026-02-08 03:00:00+00:00,213.0,70.0,13.0,76.0
2026-02-08 04:00:00+00:00,402.0,28.0,15.4,66.0
2026-02-08 05:00:00+00:00,562.5,58.0,17.9,56.0
2026-02-08 06:00:00+00:00,658.5,97.0,20.6,46.0
2026-02-08 07:00:00+00:00,694.0,94.0,21.9,40.0
2026-02-08 08:00:00+00:00,675.0,39.0,22.6,35.0
2026-02-08 09:00:00+00:00,583.5,13.0,22.8,36.0
2026-02-08 10:00:00+00:00,431.0,1.0,22.5,38.0
2026-02-08 11:00:00+00:00,245.5,0.0,21.9,40.0
2026-02-08 12:00:00+00:00,81.5,0.0,20.5,45.0
2026-02-08 13:00:00+00:00,7.5,0.0,18.1,55.0
2026-02-08 14:00:00+00:00,0.0,0.0,17.1,60.0
2026-02-08 15:00:00+00:00,0.0,6.0,16.2,63.0
2026-02-08 16:00:00+00:00,0.0,38.0,15.7,65.0
2026-02-08 17:00:00+00:00,0.0,88.0,15.3,65.0
2026-02-08 18:00:00+00:00,0.0,77.0,14.7,70.0
2026-02-08 19:00:00+00:00,0.0,37.0,14.1,70.0
2026-02-08 20:00:00+00:00,0.0,39.0,13.3,73.0
2026-02-08 21:00:00+00:00,0.0,34.0,12.5,76.0
2026-02-08 22:00:00+00:00,0.0,68.0,11.8,78.0
2026-02-08 23:00:00+00:00,0.0,70.0,10.9,81.0
2026-02-09 00:00:00+00:00,0.0,100.0,10.5,86.0
2026-02-09 01:00:00+00:00,2.5,99.0,11.0,85.0
2026-02-09 02:00:00+00:00,44.5,100.0,11.2,85.0
2026-02-09 03:00:00+00:00,155.5,100.0,13.0,77.0
2026-02-09 04:00:00+00:00,319.0,100.0,15.9,68.0
2026-02-09 05:00:00+00:00,499.0,83.0,19.2,52.0
2026-02-09 06:00:00+00:00,633.5,100.0,21.7,41.0
2026-02-09 07:00:00+00:00,655.0,100.0,23.2,36.0
2026-02-09 08:00:00+00:00,617.5,70.0,23.7,35.0
2026-02-09 09:00:00+00:00,560.0,45.0,24.0,36.0
2026-02-09 10:00:00+00:00,420.0,88.0,23.9,38.0
2026-02-09 11:00:00+00:00,235.0,11.0,23.2,41.0
2026-02-09 12:00:00+00:00,80.0,1.0,22.0,42.0
2026-02-09 13:00:00+00:00,7.5,0.0,20.2,48.0
2026-02-09 14:00:00+00:00,0.0,3.0,18.3,57.0
2026-02-09 15:00:00+00:00,0.0,2.0,17.2,63.0
2026-02-09 16:00:00+00:00,0.0,2.0,16.2,66.0
2026-02-09 17:00:00+00:00,0.0,1.0,15.5,68.0
2026-02-09 18:00:00+00:00,0.0,0.0,14.9,75.0
2026-02-09 19:00:00+00:00,0.0,0.0,14.1,79.0
2026-02-09 20:00:00+00:00,0.0,2.0,13.6,80.0
2026-02-09 21:00:00+00:00,0.0,13.0,13.0,80.0
2026-02-09 22:00:00+00:00,0.0,58.0,12.6,80.0
2026-02-09 23:00:00+00:00,0.0,92.0,12.4,80.0
2026-02-10 00:00:00+00:00,0.0,99.0,11.8,86.0
2026-02-10 01:00:00+00:00,3.0,34.0,11.7,86.0
2026-02-10 02:00:00+00:00,60.5,5.0,11.6,86.0
2026-02-10 03:00:00+00:00,204.0,33.0,13.8,76.0
2026-02-10 04:00:00+00:00,386.5,3.0,17.0,63.0
2026-02-10 05:00:00+00:00,548.0,0.0,20.2,52.0
2026-02-10 06:00:00+00:00,653.5,0.0,22.7,43.0
2026-02-10 07:00:00+00:00,694.0,0.0,25.0,35.0
2026-02-10 08:00:00+00:00,665.5,0.0,26.2,30.0
2026-02-10 09:00:00+00:00,568.0,1.0,26.9,27.0
2026-02-10 10:00:00+00:00,415.5,9.0,27.2,26.0
2026-02-10 11:00:00+00:00,237.0,19.0,26.9,25.0
2026-02-10 12:00:00+00:00,80.0,17.0,25.1,34.0
2026-02-10 13:00:00+00:00,7.5,5.0,22.9,47.0
2026-02-10 14:00:00+00:00,0.0,0.0,21.3,54.0
2026-02-10 15:00:00+00:00,0.0,0.0,20.2,60.0
2026-02-10 16:00:00+00:00,0.0,0.0,19.3,65.0
2026-02-10 17:00:00+00:00,0.0,0.0,18.6,68.0
2026-02-10 18:00:00+00:00,0.0,0.0,17.5,76.0
2026-02-10 19:00:00+00:00,0.0,0.0,16.6,79.0
2026-02-10 20:00:00+00:00,0.0,18.0,16.2,80.0
2026-02-10 21:00:00+00:00,0.0,27.0,16.3,79.0
2026-02-10 22:00:00+00:00,0.0,16.0,16.0,80.0
2026-02-10 23:00:00+00:00,0.0,7.0,15.3,82.0
2026-02-11 00:00:00+00:00,0.0,2.0,14.7,84.0
2026-02-11 01:00:00+00:00,3.0,21.0,14.6,84.0
2026-02-11 02:00:00+00:00,62.0,1.0,15.2,81.0
2026-02-11 03:00:00+00:00,212.0,0.0,17.2,71.0
2026-02-11 04:00:00+00:00,394.5,0.0,20.2,58.0
2026-02-11 05:00:00+00:00,551.0,0.0,23.0,46.0
2026-02-11 06:00:00+00:00,657.5,0.0,25.1,37.0
2026-02-11 07:00:00+00:00,700.0,0.0,26.4,32.0
2026-02-11 08:00:00+00:00,672.5,0.0,27.0,32.0
2026-02-11 09:00:00+00:00,578.0,0.0,27.1,31.0
2026-02-11 10:00:00+00:00,428.0,0.0,26.8,32.0
2026-02-11 11:00:00+00:00,246.0,0.0,25.9,36.0
2026-02-11 12:00:00+00:00,83.5,0.0,24.7,39.0
2026-02-11 13:00:00+00:00,8.0,0.0,23.2,46.0
2026-02-11 14:00:00+00:00,0.0,0.0,22.2,52.0
2026-02-11 15:00:00+00:00,0.0,0.0,21.1,56.0
2026-02-11 16:00:00+00:00,0.0,0.0,20.3,56.0
2026-02-11 17:00:00+00:00,0.0,0.0,19.3,57.0
2026-02-11 18:00:00+00:00,0.0,0.0,18.5,60.0
2026-02-11 19:00:00+00:00,0.0,0.0,17.7,61.0
2026-02-11 20:00:00+00:00,0.0,0.0,17.0,62.0
2026-02-11 21:00:00+00:00,0.0,0.0,16.2,63.0
2026-02-11 22:00:00+00:00,0.0,0.0,15.4,65.0
2026-02-11 23:00:00+00:00,0.0,0.0,14.5,68.0
2026-02-12 00:00:00+00:00,0.0,0.0,14.1,76.0
2026-02-12 01:00:00+00:00,4.0,0.0,13.4,80.0
2026-02-12 02:00:00+00:00,67.0,0.0,13.0,82.0
2026-02-12 03:00:00+00:00,224.0,0.0,14.5,74.0
2026-02-12 04:00:00+00:00,414.5,0.0,17.0,63.0
2026-02-12 05:00:00+00:00,576.0,16.0,19.7,53.0
2026-02-12 06:00:00+00:00,682.0,4.0,22.2,46.0
2026-02-12 07:00:00+00:00,722.0,2.0,24.0,35.0
2026-02-12 08:00:00+00:00,693.0,96.0,24.8,28.0
2026-02-12 09:00:00+00:00,597.5,0.0,25.1,27.0
2026-02-12 10:00:00+00:00,445.0,32.0,24.8,28.0
2026-02-12 11:00:00+00:00,257.5,58.0,24.2,30.0
2026-02-12 12:00:00+00:00,88.5,77.0,22.7,37.0
2026-02-12 13:00:00+00:00,9.0,99.0,21.2,42.0
2026-02-12 14:00:00+00:00,0.0,100.0,20.3,47.0
2026-02-12 15:00:00+00:00,0.0,2.0,19.3,53.0
2026-02-12 16:00:00+00:00,0.0,45.0,18.2,57.0
2026-02-12 17:00:00+00:00,0.0,83.0,17.8,56.0
2026-02-12 18:00:00+00:00,0.0,100.0,17.3,58.0
2026-02-12 19:00:00+00:00,0.0,100.0,16.7,59.0
2026-02-12 20:00:00+00:00,0.0,100.0,15.9,62.0
2026-02-12 21:00:00+00:00,0.0,100.0,15.2,65.0
2026-02-12 22:00:00+00:00,0.0,100.0,14.7,67.0
2026-02-12 23:00:00+00:00,0.0,100.0,13.8,70.0
2026-02-13 00:00:00+00:00,0.0,99.0,13.2,79.0
2026-02-13 01:00:00+00:00,4.0,100.0,12.8,79.0
2026-02-13 02:00:00+00:00,65.5,74.0,12.7,78.0
2026-02-13 03:00:00+00:00,207.5,100.0,14.4,68.0
2026-02-13 04:00:00+00:00,381.5,99.0,17.2,55.0
2026-02-13 05:00:00+00:00,537.0,100.0,20.0,44.0
2026-02-13 06:00:00+00:00,653.0,96.0,22.5,37.0
2026-02-13 07:00:00+00:00,703.5,95.0,24.0,32.0
2026-02-13 08:00:00+00:00,666.5,98.0,24.9,30.0
2026-02-13 09:00:00+00:00,560.0,98.0,25.4,29.0
2026-02-13 10:00:00+00:00,413.0,99.0,25.5,30.0
2026-02-13 11:00:00+00:00,246.0,49.0,24.9,32.0
2026-02-13 12:00:00+00:00,88.0,77.0,23.6,33.0
2026-02-13 13:00:00+00:00,9.5,45.0,22.0,39.0
2026-02-13 14:00:00+00:00,0.0,53.0,20.6,48.0
2026-02-13 15:00:00+00:00,0.0,38.0,19.3,55.0
2026-02-13 16:00:00+00:00,0.0,89.0,19.2,57.0
2026-02-13 17:00:00+00:00,0.0,50.0,18.8,56.0
2026-02-13 18:00:00+00:00,0.0,100.0,18.6,62.0
2026-02-13 19:00:00+00:00,0.0,100.0,18.2,59.0
2026-02-13 20:00:00+00:00,0.0,88.0,17.3,61.0
2026-02-13 21:00:00+00:00,0.0,91.0,15.7,68.0
2026-02-13 22:00:00+00:00,0.0,98.0,14.3,74.0
2026-02-13 23:00:00+00:00,0.0,47.0,13.4,77.0
2026-02-14 00:00:00+00:00,0.0,81.0,12.8,84.0
2026-02-14 01:00:00+00:00,4.5,87.0,12.6,84.0
2026-02-14 02:00:00+00:00,65.0,100.0,12.5,81.0
2026-02-14 03:00:00+00:00,216.5,88.0,14.6,69.0
2026-02-14 04:00:00+00:00,410.0,7.0,17.9,54.0
2026-02-14 05:00:00+00:00,578.0,0.0,21.5,41.0
2026-02-14 06:00:00+00:00,685.5,0.0,24.0,33.0
2026-02-14 07:00:00+00:00,726.5,0.0,25.6,29.0
2026-02-14 08:00:00+00:00,697.5,0.0,26.4,28.0
2026-02-14 09:00:00+00:00,600.5,0.0,26.9,26.0
2026-02-14 10:00:00+00:00,447.0,0.0,26.5,29.0
2026-02-14 11:00:00+00:00,260.0,1.0,25.8,33.0
2026-02-14 12:00:00+00:00,91.0,0.0,24.7,33.0
2026-02-14 13:00:00+00:00,10.0,0.0,23.3,37.0
2026-02-14 14:00:00+00:00,0.0,0.0,22.2,42.0
2026-02-14 15:00:00+00:00,0.0,0.0,21.1,47.0
2026-02-14 16:00:00+00:00,0.0,0.0,20.5,50.0
2026-02-14 17:00:00+00:00,0.0,0.0,20.1,52.0
2026-02-14 18:00:00+00:00,0.0,0.0,19.0,60.0
2026-02-14 19:00:00+00:00,0.0,0.0,17.7,65.0
2026-02-14 20:00:00+00:00,0.0,0.0,16.6,70.0
2026-02-14 21:00:00+00:00,0.0,0.0,15.8,74.0
2026-02-14 22:00:00+00:00,0.0,0.0,15.2,76.0
2026-02-14 23:00:00+00:00,0.0,0.0,14.5,78.0
2026-02-15 00:00:00+00:00,0.0,0.0,13.5,87.0
2026-02-15 01:00:00+00:00,4.5,0.0,13.6,85.0
2026-02-15 02:00:00+00:00,68.5,0.0,13.9,83.0
2026-02-15 03:00:00+00:00,225.0,0.0,16.4,71.0
2026-02-15 04:00:00+00:00,414.5,0.0,19.9,57.0
2026-02-15 05:00:00+00:00,577.0,0.0,22.9,46.0
2026-02-15 06:00:00+00:00,686.0,0.0,25.3,39.0
2026-02-15 07:00:00+00:00,729.0,0.0,26.8,33.0
2026-02-15 08:00:00+00:00,701.5,0.0,27.7,30.0
2026-02-15 09:00:00+00:00,606.5,0.0,28.1,26.0
2026-02-15 10:00:00+00:00,454.0,0.0,27.9,26.0
2026-02-15 11:00:00+00:00,266.0,0.0,27.3,26.0
2026-02-15 12:00:00+00:00,94.0,0.0,26.1,28.0
2026-02-15 13:00:00+00:00,10.5,0.0,23.9,36.0
2026-02-15 14:00:00+00:00,0.0,0.0,23.1,40.0
2026-02-15 15:00:00+00:00,0.0,0.0,22.5,42.0
2026-02-15 16:00:00+00:00,0.0,0.0,21.4,45.0
2026-02-15 17:00:00+00:00,0.0,0.0,20.3,49.0
2026-02-15 18:00:00+00:00,0.0,0.0,19.9,53.0
2026-02-15 19:00:00+00:00,0.0,0.0,19.4,56.0
2026-02-15 20:00:00+00:00,0.0,0.0,19.4,56.0
2026-02-15 21:00:00+00:00,0.0,0.0,19.1,56.0
2026-02-15 22:00:00+00:00,0.0,0.0,17.8,61.0
2026-02-15 23:00:00+00:00,0.0,0.0,15.8,71.0
2026-02-16 00:00:00+00:00,0.0,0.0,14.0,85.0
2026-02-16 01:00:00+00:00,5.0,51.0,13.1,89.0
2026-02-16 02:00:00+00:00,72.0,4.0,13.5,87.0
2026-02-16 03:00:00+00:00,232.5,0.0,16.6,70.0
2026-02-16 04:00:00+00:00,423.0,0.0,21.1,51.0
2026-02-16 05:00:00+00:00,584.5,0.0,24.6,38.0
2026-02-16 06:00:00+00:00,692.0,0.0,27.0,30.0
2026-02-16 07:00:00+00:00,732.5,0.0,29.0,23.0
2026-02-16 08:00:00+00:00,702.5,0.0,29.9,19.0
2026-02-16 09:00:00+00:00,607.5,0.0,30.3,18.0
2026-02-16 10:00:00+00:00,440.5,3.0,30.3,17.0
2026-02-16 11:00:00+00:00,245.5,14.0,29.3,20.0
2026-02-16 12:00:00+00:00,88.0,0.0,25.5,40.0
2026-02-16 13:00:00+00:00,10.5,0.0,24.3,43.0
2026-02-16 14:00:00+00:00,0.0,0.0,23.3,47.0
2026-02-16 15:00:00+00:00,0.0,1.0,22.3,52.0
2026-02-16 16:00:00+00:00,0.0,0.0,21.3,57.0
2026-02-16 17:00:00+00:00,0.0,0.0,20.4,60.0
2026-02-16 18:00:00+00:00,0.0,1.0,19.7,64.0
2026-02-16 19:00:00+00:00,0.0,1.0,19.2,66.0
2026-02-16 20:00:00+00:00,0.0,2.0,18.3,70.0
2026-02-16 21:00:00+00:00,0.0,1.0,17.5,72.0
2026-02-16 22:00:00+00:00,0.0,0.0,16.8,74.0
2026-02-16 23:00:00+00:00,0.0,0.0,16.3,76.0
2026-02-17 00:00:00+00:00,0.0,0.0,16.1,73.0
2026-02-17 01:00:00+00:00,5.0,0.0,15.9,74.0
2026-02-17 02:00:00+00:00,72.0,0.0,16.0,73.0
2026-02-17 03:00:00+00:00,231.0,0.0,17.7,65.0
2026-02-17 04:00:00+00:00,420.0,0.0,20.5,55.0
2026-02-17 05:00:00+00:00,582.5,0.0,23.6,43.0
2026-02-17 06:00:00+00:00,692.5,0.0,25.9,34.0
2026-02-17 07:00:00+00:00,735.0,0.0,27.7,29.0
2026-02-17 08:00:00+00:00,705.0,0.0,28.8,27.0
2026-02-17 09:00:00+00:00,607.5,0.0,29.2,25.0
2026-02-17 10:00:00+00:00,453.5,0.0,29.0,27.0
2026-02-17 11:00:00+00:00,265.0,2.0,28.2,30.0
2026-02-17 12:00:00+00:00,94.0,3.0,26.8,33.0
2026-02-17 13:00:00+00:00,11.0,2.0,25.0,42.0
2026-02-17 14:00:00+00:00,0.0,2.0,23.6,49.0
2026-02-17 15:00:00+00:00,0.0,9.0,22.5,56.0
2026-02-17 16:00:00+00:00,0.0,13.0,21.4,63.0
2026-02-17 17:00:00+00:00,0.0,16.0,20.3,69.0
2026-02-17 18:00:00+00:00,0.0,1.0,19.6,76.0
2026-02-17 19:00:00+00:00,0.0,0.0,18.9,78.0
2026-02-17 20:00:00+00:00,0.0,4.0,18.3,80.0
2026-02-17 21:00:00+00:00,0.0,45.0,18.0,79.0
2026-02-17 22:00:00+00:00,0.0,100.0,17.6,80.0
2026-02-17 23:00:00+00:00,0.0,99.0,17.5,81.0
2026-02-18 00:00:00+00:00,0.0,84.0,18.4,80.0
2026-02-18 01:00:00+00:00,2.0,100.0,18.7,78.0
2026-02-18 02:00:00+00:00,31.5,100.0,17.9,80.0
2026-02-18 03:00:00+00:00,90.0,100.0,18.4,79.0
2026-02-18 04:00:00+00:00,139.0,99.0,19.0,76.0
2026-02-18 05:00:00+00:00,191.0,100.0,19.7,70.0
2026-02-18 06:00:00+00:00,369.0,99.0,19.1,73.0
2026-02-18 07:00:00+00:00,469.5,100.0,22.3,52.0
2026-02-18 08:00:00+00:00,437.0,100.0,23.4,41.0
2026-02-18 09:00:00+00:00,398.5,100.0,23.9,39.0
2026-02-18 10:00:00+00:00,274.5,100.0,23.3,43.0
2026-02-18 11:00:00+00:00,131.0,100.0,22.8,45.0
2026-02-18 12:00:00+00:00,36.5,100.0,17.7,81.0
2026-02-18 13:00:00+00:00,5.5,100.0,17.2,87.0
2026-02-18 14:00:00+00:00,0.0,100.0,16.7,89.0
2026-02-18 15:00:00+00:00,0.0,100.0,16.6,88.0
2026-02-18 16:00:00+00:00,0.0,100.0,16.6,87.0
2026-02-18 17:00:00+00:00,0.0,100.0,16.1,89.0
2026-02-18 18:00:00+00:00,0.0,100.0,16.9,86.0
2026-02-18 19:00:00+00:00,0.0,86.0,16.4,88.0
2026-02-18 20:00:00+00:00,0.0,3.0,15.9,90.0
2026-02-18 21:00:00+00:00,0.0,4.0,15.1,92.0
2026-02-18 22:00:00+00:00,0.0,3.0,14.7,93.0
2026-02-18 23:00:00+00:00,0.0,7.0,14.1,93.0
2026-02-19 00:00:00+00:00,0.0,20.0,14.8,85.0
2026-02-19 01:00:00+00:00,5.5,15.0,13.9,86.0
2026-02-19 02:00:00+00:00,73.0,4.0,14.3,86.0
2026-02-19 03:00:00+00:00,230.5,2.0,16.6,79.0
2026-02-19 04:00:00+00:00,419.0,0.0,19.5,70.0
2026-02-19 05:00:00+00:00,579.5,2.0,22.5,53.0
2026-02-19 06:00:00+00:00,686.0,0.0,24.3,42.0
2026-02-19 07:00:00+00:00,716.5,29.0,25.8,37.0
2026-02-19 08:00:00+00:00,672.0,45.0,26.0,36.0
2026-02-19 09:00:00+00:00,553.5,22.0,26.3,35.0
2026-02-19 10:00:00+00:00,357.5,47.0,26.3,33.0
2026-02-19 11:00:00+00:00,185.5,51.0,25.0,36.0
2026-02-19 12:00:00+00:00,74.0,5.0,23.8,53.0
2026-02-19 13:00:00+00:00,10.5,21.0,22.2,62.0
2026-02-19 14:00:00+00:00,0.0,10.0,21.2,65.0
2026-02-19 15:00:00+00:00,0.0,6.0,20.5,70.0
2026-02-19 16:00:00+00:00,0.0,0.0,19.6,74.0
2026-02-19 17:00:00+00:00,0.0,0.0,18.8,78.0
2026-02-19 18:00:00+00:00,0.0,0.0,18.5,82.0
2026-02-19 19:00:00+00:00,0.0,0.0,17.7,85.0
2026-02-19 20:00:00+00:00,0.0,0.0,17.2,86.0
2026-02-19 21:00:00+00:00,0.0,0.0,16.8,86.0
2026-02-19 22:00:00+00:00,0.0,0.0,16.4,87.0
2026-02-19 23:00:00+00:00,0.0,0.0,16.0,87.0
2026-02-20 00:00:00+00:00,0.0,0.0,15.0,93.0
2026-02-20 01:00:00+00:00,6.5,0.0,15.1,92.0
2026-02-20 02:00:00+00:00,76.0,0.0,15.4,91.0
2026-02-20 03:00:00+00:00,238.0,0.0,17.4,81.0
2026-02-20 04:00:00+00:00,429.0,0.0,20.2,68.0
2026-02-20 05:00:00+00:00,590.5,0.0,23.3,51.0
2026-02-20 06:00:00+00:00,697.0,0.0,25.5,42.0
2026-02-20 07:00:00+00:00,737.5,0.0,27.0,36.0
2026-02-20 08:00:00+00:00,708.0,0.0,27.7,33.0
2026-02-20 09:00:00+00:00,610.0,0.0,27.9,32.0
2026-02-20 10:00:00+00:00,452.0,0.0,27.5,32.0
2026-02-20 11:00:00+00:00,265.5,1.0,26.8,34.0
2026-02-20 12:00:00+00:00,98.5,0.0,25.5,39.0
2026-02-20 13:00:00+00:00,12.5,0.0,23.7,47.0
2026-02-20 14:00:00+00:00,0.0,0.0,22.3,55.0
2026-02-20 15:00:00+00:00,0.0,0.0,21.0,64.0
2026-02-20 16:00:00+00:00,0.0,0.0,20.1,67.0
2026-02-20 17:00:00+00:00,0.0,0.0,19.5,67.0
2026-02-20 18:00:00+00:00,0.0,0.0,18.9,71.0
2026-02-20 19:00:00+00:00,0.0,0.0,18.2,71.0
2026-02-20 20:00:00+00:00,0.0,0.0,17.6,72.0
2026-02-20 21:00:00+00:00,0.0,0.0,16.9,75.0
2026-02-20 22:00:00+00:00,0.0,0.0,16.1,78.0
2026-02-20 23:00:00+00:00,0.0,0.0,15.6,79.0
2026-02-21 00:00:00+00:00,0.0,0.0,14.9,87.0
2026-02-21 01:00:00+00:00,7.0,0.0,14.8,88.0
2026-02-21 02:00:00+00:00,80.0,0.0,15.0,86.0
2026-02-21 03:00:00+00:00,244.5,0.0,16.9,77.0
2026-02-21 04:00:00+00:00,434.5,0.0,19.9,65.0
2026-02-21 05:00:00+00:00,595.5,0.0,22.8,55.0
2026-02-21 06:00:00+00:00,702.5,0.0,24.9,50.0
2026-02-21 07:00:00+00:00,743.0,0.0,26.2,44.0
2026-02-21 08:00:00+00:00,714.0,0.0,27.0,40.0
2026-02-21 09:00:00+00:00,617.5,0.0,27.2,38.0
2026-02-21 10:00:00+00:00,464.5,0.0,27.1,39.0
2026-02-21 11:00:00+00:00,277.0,0.0,26.4,40.0
2026-02-21 12:00:00+00:00,102.0,0.0,25.4,40.0
2026-02-21 13:00:00+00:00,13.0,0.0,23.5,48.0
2026-02-21 14:00:00+00:00,0.0,0.0,22.0,56.0
2026-02-21 15:00:00+00:00,0.0,0.0,21.1,63.0
2026-02-21 16:00:00+00:00,0.0,0.0,20.8,63.0
2026-02-21 17:00:00+00:00,0.0,0.0,20.2,64.0
2026-02-21 18:00:00+00:00,0.0,0.0,19.2,72.0
2026-02-21 19:00:00+00:00,0.0,0.0,18.4,75.0
2026-02-21 20:00:00+00:00,0.0,0.0,17.5,76.0
2026-02-21 21:00:00+00:00,0.0,0.0,16.6,79.0
2026-02-21 22:00:00+00:00,0.0,0.0,16.0,80.0
2026-02-21 23:00:00+00:00,0.0,0.0,15.2,83.0
2026-02-22 00:00:00+00:00,0.0,0.0,14.7,88.0
2026-02-22 01:00:00+00:00,7.5,0.0,14.8,88.0
2026-02-22 02:00:00+00:00,84.0,0.0,15.1,86.0
2026-02-22 03:00:00+00:00,254.0,0.0,17.5,74.0
2026-02-22 04:00:00+00:00,449.0,0.0,21.4,58.0
2026-02-22 05:00:00+00:00,613.0,0.0,24.7,42.0
2026-02-22 06:00:00+00:00,720.5,0.0,26.8,30.0
2026-02-22 07:00:00+00:00,760.0,0.0,27.9,25.0
2026-02-22 08:00:00+00:00,728.5,0.0,28.4,23.0
2026-02-22 09:00:00+00:00,630.0,0.0,28.4,24.0
2026-02-22 10:00:00+00:00,475.5,0.0,28.2,25.0
2026-02-22 11:00:00+00:00,285.5,0.0,27.6,27.0
2026-02-22 12:00:00+00:00,106.0,0.0,26.4,35.0
2026-02-22 13:00:00+00:00,13.5,0.0,24.8,39.0
2026-02-22 14:00:00+00:00,0.0,0.0,23.4,44.0
2026-02-22 15:00:00+00:00,0.0,0.0,22.9,46.0
2026-02-22 16:00:00+00:00,0.0,0.0,21.6,55.0
2026-02-22 17:00:00+00:00,0.0,0.0,20.2,62.0
2026-02-22 18:00:00+00:00,0.0,0.0,19.7,70.0
2026-02-22 19:00:00+00:00,0.0,0.0,19.1,71.0
2026-02-22 20:00:00+00:00,0.0,0.0,19.0,72.0
2026-02-22 21:00:00+00:00,0.0,0.0,18.9,72.0
2026-02-22 22:00:00+00:00,0.0,0.0,17.4,77.0
2026-02-22 23:00:00+00:00,0.0,0.0,16.8,78.0
2026-02-23 00:00:00+00:00,0.0,0.0,14.8,87.0
2026-02-23 01:00:00+00:00,8.0,0.0,14.8,87.0
2026-02-23 02:00:00+00:00,85.5,0.0,15.4,83.0
2026-02-23 03:00:00+00:00,256.0,0.0,18.6,67.0
2026-02-23 04:00:00+00:00,449.5,0.0,22.4,53.0
2026-02-23 05:00:00+00:00,611.0,0.0,25.2,41.0
2026-02-23 06:00:00+00:00,719.0,0.0,27.1,32.0
2026-02-23 07:00:00+00:00,746.0,12.0,28.8,25.0
2026-02-23 08:00:00+00:00,691.0,9.0,29.4,22.0
2026-02-23 09:00:00+00:00,593.5,9.0,29.4,20.0
2026-02-23 10:00:00+00:00,458.0,9.0,29.2,19.0
2026-02-23 11:00:00+00:00,277.5,6.0,28.6,20.0
2026-02-23 12:00:00+00:00,103.5,0.0,27.8,23.0
2026-02-23 13:00:00+00:00,14.5,0.0,24.7,39.0
2026-02-23 14:00:00+00:00,0.0,0.0,23.6,49.0
2026-02-23 15:00:00+00:00,0.0,0.0,22.6,53.0
2026-02-23 16:00:00+00:00,0.0,0.0,21.7,57.0
2026-02-23 17:00:00+00:00,0.0,0.0,21.4,58.0
2026-02-23 18:00:00+00:00,0.0,0.0,20.0,67.0
2026-02-23 19:00:00+00:00,0.0,0.0,19.4,68.0
2026-02-23 20:00:00+00:00,0.0,0.0,19.0,68.0
2026-02-23 21:00:00+00:00,0.0,0.0,18.1,72.0
2026-02-23 22:00:00+00:00,0.0,0.0,17.8,72.0
2026-02-23 23:00:00+00:00,0.0,0.0,17.2,73.0
2026-02-24 00:00:00+00:00,0.0,0.0,15.9,82.0
2026-02-24 01:00:00+00:00,8.5,0.0,16.1,80.0
2026-02-24 02:00:00+00:00,88.5,0.0,16.6,78.0
2026-02-24 03:00:00+00:00,262.0,0.0,19.3,66.0
2026-02-24 04:00:00+00:00,458.0,0.0,22.4,54.0
2026-02-24 05:00:00+00:00,622.5,0.0,25.0,42.0
2026-02-24 06:00:00+00:00,730.5,0.0,26.5,35.0
2026-02-24 07:00:00+00:00,769.5,0.0,28.5,28.0
2026-02-24 08:00:00+00:00,730.5,0.0,29.4,22.0
2026-02-24 09:00:00+00:00,626.0,1.0,29.6,18.0
2026-02-24 10:00:00+00:00,476.0,2.0,29.3,18.0
2026-02-24 11:00:00+00:00,289.5,2.0,28.5,20.0
2026-02-24 12:00:00+00:00,109.5,2.0,27.1,26.0
2026-02-24 13:00:00+00:00,15.0,0.0,24.7,39.0
2026-02-24 14:00:00+00:00,0.0,0.0,23.2,50.0
2026-02-24 15:00:00+00:00,0.0,0.0,22.0,59.0
2026-02-24 16:00:00+00:00,0.0,0.0,21.6,61.0
2026-02-24 17:00:00+00:00,0.0,0.0,20.9,63.0
2026-02-24 18:00:00+00:00,0.0,0.0,20.3,66.0
2026-02-24 19:00:00+00:00,0.0,0.0,20.1,65.0
2026-02-24 20:00:00+00:00,0.0,0.0,20.1,64.0
2026-02-24 21:00:00+00:00,0.0,0.0,18.7,69.0
2026-02-24 22:00:00+00:00,0.0,0.0,17.2,75.0
2026-02-24 23:00:00+00:00,0.0,0.0,15.9,78.0
2026-02-25 00:00:00+00:00,0.0,0.0,14.9,85.0
2026-02-25 01:00:00+00:00,9.5,0.0,15.0,83.0
2026-02-25 02:00:00+00:00,92.5,0.0,15.2,81.0
2026-02-25 03:00:00+00:00,270.0,0.0,18.1,66.0
2026-02-25 04:00:00+00:00,469.5,0.0,21.8,51.0
2026-02-25 05:00:00+00:00,636.5,0.0,25.0,36.0
2026-02-25 06:00:00+00:00,746.5,0.0,27.3,24.0
2026-02-25 07:00:00+00:00,788.0,0.0,28.3,21.0
2026-02-25 08:00:00+00:00,757.5,0.0,28.8,19.0
2026-02-25 09:00:00+00:00,656.5,0.0,29.0,18.0
2026-02-25 10:00:00+00:00,496.0,0.0,28.8,18.0
2026-02-25 11:00:00+00:00,300.0,0.0,28.1,19.0
2026-02-25 12:00:00+00:00,114.5,0.0,27.2,20.0
2026-02-25 13:00:00+00:00,16.0,0.0,24.3,33.0
2026-02-25 14:00:00+00:00,0.0,0.0,23.1,42.0
2026-02-25 15:00:00+00:00,0.0,0.0,22.7,42.0
2026-02-25 16:00:00+00:00,0.0,0.0,22.2,40.0
2026-02-25 17:00:00+00:00,0.0,0.0,21.4,42.0
2026-02-25 18:00:00+00:00,0.0,0.0,21.2,50.0
2026-02-25 19:00:00+00:00,0.0,0.0,19.2,56.0
2026-02-25 20:00:00+00:00,0.0,0.0,17.8,61.0
2026-02-25 21:00:00+00:00,0.0,0.0,17.0,64.0
2026-02-25 22:00:00+00:00,0.0,0.0,16.3,66.0
2026-02-25 23:00:00+00:00,0.0,0.0,15.7,69.0
2026-02-26 00:00:00+00:00,0.0,0.0,15.5,77.0
2026-02-26 01:00:00+00:00,9.5,0.0,15.5,77.0
2026-02-26 02:00:00+00:00,92.5,0.0,16.1,73.0
2026-02-26 03:00:00+00:00,268.0,0.0,18.6,63.0
2026-02-26 04:00:00+00:00,465.0,0.0,22.0,51.0
2026-02-26 05:00:00+00:00,630.5,0.0,25.0,42.0
2026-02-26 06:00:00+00:00,741.5,0.0,27.4,32.0
2026-02-26 07:00:00+00:00,785.5,0.0,28.9,23.0
2026-02-26 08:00:00+00:00,756.0,0.0,29.5,20.0
2026-02-26 09:00:00+00:00,656.5,0.0,29.7,17.0
2026-02-26 10:00:00+00:00,497.5,0.0,29.4,18.0
2026-02-26 11:00:00+00:00,301.5,0.0,28.7,20.0
2026-02-26 12:00:00+00:00,115.0,0.0,27.9,23.0
2026-02-26 13:00:00+00:00,16.0,0.0,26.0,30.0
2026-02-26 14:00:00+00:00,0.0,0.0,24.2,38.0
2026-02-26 15:00:00+00:00,0.0,0.0,23.3,41.0
2026-02-26 16:00:00+00:00,0.0,0.0,22.8,40.0
2026-02-26 17:00:00+00:00,0.0,0.0,21.8,41.0
2026-02-26 18:00:00+00:00,0.0,0.0,21.3,47.0
2026-02-26 19:00:00+00:00,0.0,0.0,20.3,50.0
2026-02-26 20:00:00+00:00,0.0,0.0,19.3,53.0
2026-02-26 21:00:00+00:00,0.0,0.0,18.7,56.0
2026-02-26 22:00:00+00:00,0.0,0.0,17.7,60.0
2026-02-26 23:00:00+00:00,0.0,0.0,17.2,63.0
2026-02-27 00:00:00+00:00,0.0,0.0,16.0,75.0
2026-02-27 01:00:00+00:00,10.5,0.0,16.1,73.0
2026-02-27 02:00:00+00:00,95.0,0.0,16.4,68.0
2026-02-27 03:00:00+00:00,271.5,0.0,19.1,57.0
2026-02-27 04:00:00+00:00,468.5,0.0,23.0,44.0
2026-02-27 05:00:00+00:00,633.5,0.0,26.5,33.0
2026-02-27 06:00:00+00:00,742.0,0.0,28.8,23.0
2026-02-27 07:00:00+00:00,783.0,0.0,30.3,19.0
2026-02-27 08:00:00+00:00,753.0,0.0,30.8,18.0
2026-02-27 09:00:00+00:00,654.0,0.0,30.8,18.0
2026-02-27 10:00:00+00:00,494.5,0.0,30.6,18.0
2026-02-27 11:00:00+00:00,300.0,0.0,29.9,20.0
2026-02-27 12:00:00+00:00,116.0,0.0,29.6,17.0
2026-02-27 13:00:00+00:00,16.5,0.0,27.2,25.0
2026-02-27 14:00:00+00:00,0.0,5.0,25.7,31.0
2026-02-27 15:00:00+00:00,0.0,0.0,24.4,41.0
2026-02-27 16:00:00+00:00,0.0,0.0,23.9,45.0
2026-02-27 17:00:00+00:00,0.0,0.0,23.0,48.0
2026-02-27 18:00:00+00:00,0.0,98.0,23.1,48.0
2026-02-27 19:00:00+00:00,0.0,94.0,23.3,53.0
2026-02-27 20:00:00+00:00,0.0,91.0,22.3,60.0
2026-02-27 21:00:00+00:00,0.0,100.0,22.0,59.0
2026-02-27 22:00:00+00:00,0.0,100.0,21.9,59.0
2026-02-27 23:00:00+00:00,0.0,100.0,21.8,60.0
2026-02-28 00:00:00+00:00,0.0,100.0,21.6,61.0
2026-02-28 01:00:00+00:00,7.0,96.0,21.3,60.0
2026-02-28 02:00:00+00:00,57.0,97.0,21.3,60.0
2026-02-28 03:00:00+00:00,230.5,5.0,23.2,50.0
2026-02-28 04:00:00+00:00,464.5,0.0,26.5,38.0
2026-02-28 05:00:00+00:00,637.5,0.0,28.8,28.0
2026-02-28 06:00:00+00:00,727.0,23.0,31.0,18.0
2026-02-28 07:00:00+00:00,750.5,8.0,31.8,17.0
2026-02-28 08:00:00+00:00,724.5,4.0,31.9,17.0
2026-02-28 09:00:00+00:00,627.0,5.0,31.6,17.0
2026-02-28 10:00:00+00:00,470.0,5.0,31.2,18.0
2026-02-28 11:00:00+00:00,284.0,13.0,30.4,20.0
2026-02-28 12:00:00+00:00,110.0,16.0,29.6,23.0
2026-02-28 13:00:00+00:00,16.5,0.0,27.9,31.0
2026-02-28 14:00:00+00:00,0.0,0.0,26.3,38.0
2026-02-28 15:00:00+00:00,0.0,0.0,25.0,47.0
2026-02-28 16:00:00+00:00,0.0,0.0,24.5,48.0
2026-02-28 17:00:00+00:00,0.0,0.0,23.8,49.0
2026-02-28 18:00:00+00:00,0.0,0.0,22.5,55.0
2026-02-28 19:00:00+00:00,0.0,0.0,21.0,58.0
2026-02-28 20:00:00+00:00,0.0,0.0,20.0,61.0
2026-02-28 21:00:00+00:00,0.0,0.0,19.4,63.0
2026-02-28 22:00:00+00:00,0.0,0.0,18.5,67.0
2026-02-28 23:00:00+00:00,0.0,0.0,17.9,69.0
2026-03-01 00:00:00+00:00,0.0,0.0,17.3,78.0
2026-03-01 01:00:00+00:00,12.0,0.0,17.2,77.0
2026-03-01 02:00:00+00:00,101.0,0.0,17.5,73.0
2026-03-01 03:00:00+00:00,281.5,0.0,19.7,63.0
2026-03-01 04:00:00+00:00,480.0,0.0,23.1,52.0
2026-03-01 05:00:00+00:00,645.5,0.0,26.1,42.0
2026-03-01 06:00:00+00:00,754.0,0.0,28.9,27.0
2026-03-01 07:00:00+00:00,793.5,0.0,30.2,22.0
2026-03-01 08:00:00+00:00,760.0,0.0,30.6,21.0
2026-03-01 09:00:00+00:00,658.0,0.0,30.6,22.0
2026-03-01 10:00:00+00:00,500.0,0.0,30.3,23.0
2026-03-01 11:00:00+00:00,306.0,0.0,29.7,24.0
2026-03-01 12:00:00+00:00,119.5,0.0,28.7,26.0
2026-03-01 13:00:00+00:00,18.0,0.0,27.1,30.0
2026-03-01 14:00:00+00:00,0.0,0.0,26.0,35.0
2026-03-01 15:00:00+00:00,0.0,0.0,25.3,37.0
2026-03-01 16:00:00+00:00,0.0,0.0,24.2,40.0
2026-03-01 17:00:00+00:00,0.0,5.0,22.9,43.0
2026-03-01 18:00:00+00:00,0.0,25.0,21.7,51.0
2026-03-01 19:00:00+00:00,0.0,5.0,20.7,52.0
2026-03-01 20:00:00+00:00,0.0,0.0,19.8,54.0
2026-03-01 21:00:00+00:00,0.0,3.0,18.8,57.0
2026-03-01 22:00:00+00:00,0.0,0.0,18.5,58.0
2026-03-01 23:00:00+00:00,0.0,2.0,17.9,61.0
2026-03-02 00:00:00+00:00,0.0,0.0,17.5,70.0
2026-03-02 01:00:00+00:00,12.5,0.0,17.2,71.0
2026-03-02 02:00:00+00:00,102.0,0.0,17.4,70.0
2026-03-02 03:00:00+00:00,282.0,1.0,19.6,61.0
2026-03-02 04:00:00+00:00,479.0,2.0,23.0,49.0
2026-03-02 05:00:00+00:00,643.5,2.0,26.1,39.0
2026-03-02 06:00:00+00:00,750.5,0.0,28.4,32.0
2026-03-02 07:00:00+00:00,789.5,2.0,30.0,25.0
2026-03-02 08:00:00+00:00,759.5,0.0,30.8,22.0
2026-03-02 09:00:00+00:00,661.5,0.0,30.8,23.0
2026-03-02 10:00:00+00:00,505.0,1.0,30.5,23.0
2026-03-02 11:00:00+00:00,309.5,0.0,29.6,26.0
2026-03-02 12:00:00+00:00,120.5,0.0,28.5,29.0
2026-03-02 13:00:00+00:00,18.0,0.0,27.1,35.0
2026-03-02 14:00:00+00:00,0.0,0.0,26.1,40.0
2026-03-02 15:00:00+00:00,0.0,0.0,25.3,41.0
2026-03-02 16:00:00+00:00,0.0,0.0,24.3,42.0
2026-03-02 17:00:00+00:00,0.0,0.0,23.4,42.0
2026-03-02 18:00:00+00:00,0.0,0.0,22.7,46.0
2026-03-02 19:00:00+00:00,0.0,0.0,22.2,44.0
2026-03-02 20:00:00+00:00,0.0,0.0,21.6,45.0
2026-03-02 21:00:00+00:00,0.0,0.0,20.6,49.0
2026-03-02 22:00:00+00:00,0.0,0.0,19.7,54.0
2026-03-02 23:00:00+00:00,0.0,0.0,18.8,57.0
2026-03-03 00:00:00+00:00,0.0,0.0,18.3,62.0
2026-03-03 01:00:00+00:00,13.5,0.0,17.7,64.0
2026-03-03 02:00:00+00:00,107.0,0.0,17.9,64.0
2026-03-03 03:00:00+00:00,292.0,0.0,19.7,57.0
2026-03-03 04:00:00+00:00,492.5,0.0,22.8,47.0
2026-03-03 05:00:00+00:00,658.5,0.0,25.8,39.0
2026-03-03 06:00:00+00:00,766.0,0.0,28.6,32.0
2026-03-03 07:00:00+00:00,804.5,0.0,30.4,26.0
2026-03-03 08:00:00+00:00,772.0,0.0,31.1,24.0
2026-03-03 09:00:00+00:00,671.0,0.0,31.4,24.0
2026-03-03 10:00:00+00:00,511.5,0.0,31.3,25.0
2026-03-03 11:00:00+00:00,313.5,0.0,30.3,30.0
2026-03-03 12:00:00+00:00,123.0,0.0,29.1,30.0
2026-03-03 13:00:00+00:00,19.0,0.0,27.7,34.0
2026-03-03 14:00:00+00:00,0.0,0.0,26.6,35.0
2026-03-03 15:00:00+00:00,0.0,0.0,25.8,36.0
2026-03-03 16:00:00+00:00,0.0,0.0,25.0,37.0
2026-03-03 17:00:00+00:00,0.0,0.0,24.3,37.0
2026-03-03 18:00:00+00:00,0.0,0.0,23.5,41.0
2026-03-03 19:00:00+00:00,0.0,0.0,22.1,45.0
2026-03-03 20:00:00+00:00,0.0,0.0,21.0,48.0
2026-03-03 21:00:00+00:00,0.0,0.0,20.2,52.0
2026-03-03 22:00:00+00:00,0.0,0.0,19.4,56.0
2026-03-03 23:00:00+00:00,0.0,0.0,18.8,59.0
2026-03-04 00:00:00+00:00,0.0,0.0,18.6,64.0
2026-03-04 01:00:00+00:00,14.0,0.0,18.3,66.0
2026-03-04 02:00:00+00:00,107.0,0.0,18.7,64.0
2026-03-04 03:00:00+00:00,289.5,0.0,21.0,56.0
2026-03-04 04:00:00+00:00,487.0,0.0,24.5,46.0
2026-03-04 05:00:00+00:00,650.5,0.0,27.9,37.0
2026-03-04 06:00:00+00:00,757.5,0.0,30.3,32.0
2026-03-04 07:00:00+00:00,797.0,0.0,32.1,27.0
2026-03-04 08:00:00+00:00,765.0,0.0,32.9,26.0
2026-03-04 09:00:00+00:00,664.5,0.0,33.2,27.0
2026-03-04 10:00:00+00:00,506.5,0.0,33.1,27.0
2026-03-04 11:00:00+00:00,311.0,0.0,32.2,31.0
2026-03-04 12:00:00+00:00,122.5,0.0,31.2,35.0
2026-03-04 13:00:00+00:00,19.0,0.0,29.8,38.0
2026-03-04 14:00:00+00:00,0.0,0.0,29.0,38.0
2026-03-04 15:00:00+00:00,0.0,0.0,28.5,37.0
2026-03-04 16:00:00+00:00,0.0,0.0,27.7,38.0
2026-03-04 17:00:00+00:00,0.0,0.0,26.8,40.0
2026-03-04 18:00:00+00:00,0.0,0.0,26.0,47.0
2026-03-04 19:00:00+00:00,0.0,0.0,24.2,55.0
2026-03-04 20:00:00+00:00,0.0,0.0,23.3,59.0
2026-03-04 21:00:00+00:00,0.0,0.0,22.6,62.0
2026-03-04 22:00:00+00:00,0.0,0.0,21.9,66.0
2026-03-04 23:00:00+00:00,0.0,0.0,21.3,69.0
2026-03-05 00:00:00+00:00,0.0,0.0,21.0,68.0
2026-03-05 01:00:00+00:00,14.5,0.0,20.9,68.0
2026-03-05 02:00:00+00:00,109.0,0.0,21.1,67.0
2026-03-05 03:00:00+00:00,292.0,0.0,22.8,60.0
2026-03-05 04:00:00+00:00,489.0,0.0,25.5,51.0
2026-03-05 05:00:00+00:00,653.5,0.0,28.3,43.0
2026-03-05 06:00:00+00:00,762.0,0.0,30.8,36.0
2026-03-05 07:00:00+00:00,801.5,0.0,32.8,31.0
2026-03-05 08:00:00+00:00,768.5,0.0,33.8,28.0
2026-03-05 09:00:00+00:00,667.0,0.0,34.0,29.0
2026-03-05 10:00:00+00:00,508.0,0.0,33.8,31.0
2026-03-05 11:00:00+00:00,312.0,0.0,32.8,37.0
2026-03-05 12:00:00+00:00,124.0,0.0,32.3,33.0
2026-03-05 13:00:00+00:00,20.0,0.0,31.0,35.0
2026-03-05 14:00:00+00:00,0.0,0.0,29.7,38.0
2026-03-05 15:00:00+00:00,0.0,0.0,28.8,38.0
2026-03-05 16:00:00+00:00,0.0,0.0,28.0,38.0
2026-03-05 17:00:00+00:00,0.0,0.0,27.2,38.0
2026-03-05 18:00:00+00:00,0.0,0.0,26.6,42.0
2026-03-05 19:00:00+00:00,0.0,0.0,25.1,46.0
2026-03-05 20:00:00+00:00,0.0,0.0,23.4,54.0
2026-03-05 21:00:00+00:00,0.0,0.0,22.2,59.0
2026-03-05 22:00:00+00:00,0.0,0.0,21.4,60.0
2026-03-05 23:00:00+00:00,0.0,0.0,20.8,61.0
2026-03-06 00:00:00+00:00,0.0,0.0,20.0,66.0
2026-03-06 01:00:00+00:00,15.5,0.0,19.5,69.0
2026-03-06 02:00:00+00:00,113.0,0.0,20.4,66.0
2026-03-06 03:00:00+00:00,299.5,0.0,22.7,59.0
2026-03-06 04:00:00+00:00,497.5,0.0,25.7,52.0
2026-03-06 05:00:00+00:00,660.5,0.0,28.5,45.0
2026-03-06 06:00:00+00:00,768.0,0.0,30.9,38.0
2026-03-06 07:00:00+00:00,807.5,0.0,33.0,30.0
2026-03-06 08:00:00+00:00,775.5,0.0,34.1,24.0
2026-03-06 09:00:00+00:00,676.0,0.0,34.5,21.0
2026-03-06 10:00:00+00:00,518.0,0.0,34.4,20.0
2026-03-06 11:00:00+00:00,321.0,0.0,33.7,21.0
2026-03-06 12:00:00+00:00,128.5,0.0,31.8,30.0
2026-03-06 13:00:00+00:00,20.5,0.0,30.4,34.0
2026-03-06 14:00:00+00:00,0.0,0.0,29.4,37.0
2026-03-06 15:00:00+00:00,0.0,0.0,29.2,39.0
2026-03-06 16:00:00+00:00,0.0,0.0,27.4,47.0
2026-03-06 17:00:00+00:00,0.0,0.0,26.0,54.0
2026-03-06 18:00:00+00:00,0.0,0.0,25.2,66.0
2026-03-06 19:00:00+00:00,0.0,0.0,24.6,69.0
2026-03-06 20:00:00+00:00,0.0,0.0,23.9,73.0
2026-03-06 21:00:00+00:00,0.0,0.0,23.3,75.0
2026-03-06 22:00:00+00:00,0.0,0.0,22.6,78.0
2026-03-06 23:00:00+00:00,0.0,0.0,21.9,81.0
2026-03-07 00:00:00+00:00,0.0,0.0,20.8,87.0
2026-03-07 01:00:00+00:00,16.5,0.0,20.1,89.0
2026-03-07 02:00:00+00:00,114.5,0.0,21.0,86.0
2026-03-07 03:00:00+00:00,299.5,0.0,22.9,77.0
2026-03-07 04:00:00+00:00,497.0,0.0,25.8,65.0
2026-03-07 05:00:00+00:00,661.0,0.0,28.9,52.0
2026-03-07 06:00:00+00:00,769.5,0.0,31.3,40.0
2026-03-07 07:00:00+00:00,809.0,0.0,33.6,30.0
2026-03-07 08:00:00+00:00,776.0,0.0,34.8,24.0
2026-03-07 09:00:00+00:00,675.0,0.0,35.3,22.0
2026-03-07 10:00:00+00:00,515.5,0.0,35.2,21.0
2026-03-07 11:00:00+00:00,319.0,0.0,34.5,21.0
2026-03-07 12:00:00+00:00,128.5,0.0,33.0,24.0
2026-03-07 13:00:00+00:00,21.0,0.0,31.3,27.0
2026-03-07 14:00:00+00:00,0.0,0.0,29.5,35.0
2026-03-07 15:00:00+00:00,0.0,0.0,28.7,39.0
2026-03-07 16:00:00+00:00,0.0,0.0,27.9,44.0
2026-03-07 17:00:00+00:00,0.0,0.0,26.8,51.0
2026-03-07 18:00:00+00:00,0.0,0.0,26.1,56.0
2026-03-07 19:00:00+00:00,0.0,0.0,25.0,61.0
2026-03-07 20:00:00+00:00,0.0,0.0,24.2,66.0
2026-03-07 21:00:00+00:00,0.0,0.0,23.0,73.0
2026-03-07 22:00:00+00:00,0.0,0.0,22.5,75.0
2026-03-07 23:00:00+00:00,0.0,0.0,21.5,78.0
2026-03-08 00:00:00+00:00,0.0,0.0,20.8,80.0
2026-03-08 01:00:00+00:00,17.0,0.0,20.8,79.0
2026-03-08 02:00:00+00:00,116.5,0.0,21.6,75.0
2026-03-08 03:00:00+00:00,303.5,0.0,24.8,62.0
2026-03-08 04:00:00+00:00,501.5,0.0,28.2,48.0
2026-03-08 05:00:00+00:00,664.5,0.0,30.9,37.0
2026-03-08 06:00:00+00:00,771.5,0.0,33.1,29.0
2026-03-08 07:00:00+00:00,810.5,0.0,35.1,22.0
2026-03-08 08:00:00+00:00,778.0,0.0,35.7,20.0
2026-03-08 09:00:00+00:00,678.0,0.0,35.8,20.0
2026-03-08 10:00:00+00:00,519.5,0.0,35.6,20.0
2026-03-08 11:00:00+00:00,322.5,0.0,34.6,23.0
2026-03-08 12:00:00+00:00,131.0,6.0,33.3,27.0
2026-03-08 13:00:00+00:00,22.0,95.0,32.0,28.0
2026-03-08 14:00:00+00:00,0.0,98.0,30.4,33.0
2026-03-08 15:00:00+00:00,0.0,0.0,29.4,37.0
2026-03-08 16:00:00+00:00,0.0,0.0,28.6,41.0
2026-03-08 17:00:00+00:00,0.0,0.0,27.3,43.0
2026-03-08 18:00:00+00:00,0.0,0.0,26.4,50.0
2026-03-08 19:00:00+00:00,0.0,13.0,25.1,55.0
2026-03-08 20:00:00+00:00,0.0,95.0,24.2,58.0
2026-03-08 21:00:00+00:00,0.0,1.0,23.2,61.0
2026-03-08 22:00:00+00:00,0.0,0.0,22.3,63.0
2026-03-08 23:00:00+00:00,0.0,0.0,21.9,64.0
2026-03-09 00:00:00+00:00,0.0,0.0,21.0,73.0
2026-03-09 01:00:00+00:00,18.0,0.0,20.7,73.0
2026-03-09 02:00:00+00:00,118.5,1.0,21.3,70.0
2026-03-09 03:00:00+00:00,304.0,8.0,23.8,60.0
2026-03-09 04:00:00+00:00,498.0,4.0,26.9,52.0
2026-03-09 05:00:00+00:00,659.0,28.0,29.6,46.0
2026-03-09 06:00:00+00:00,765.5,71.0,32.1,38.0
2026-03-09 07:00:00+00:00,802.5,67.0,34.0,31.0
2026-03-09 08:00:00+00:00,772.0,38.0,35.1,25.0
2026-03-09 09:00:00+00:00,675.0,1.0,35.5,24.0
2026-03-09 10:00:00+00:00,516.0,74.0,35.1,27.0
2026-03-09 11:00:00+00:00,315.5,91.0,34.4,27.0
2026-03-09 12:00:00+00:00,124.0,100.0,32.7,33.0
2026-03-09 13:00:00+00:00,20.0,98.0,31.4,38.0
2026-03-09 14:00:00+00:00,0.0,100.0,30.5,42.0
2026-03-09 15:00:00+00:00,0.0,40.0,29.2,48.0
2026-03-09 16:00:00+00:00,0.0,5.0,28.3,53.0
2026-03-09 17:00:00+00:00,0.0,0.0,27.7,55.0
2026-03-09 18:00:00+00:00,0.0,0.0,26.8,62.0
2026-03-09 19:00:00+00:00,0.0,0.0,25.9,65.0
2026-03-09 20:00:00+00:00,0.0,0.0,25.1,70.0
2026-03-09 21:00:00+00:00,0.0,0.0,24.4,74.0
2026-03-09 22:00:00+00:00,0.0,16.0,23.5,76.0
2026-03-09 23:00:00+00:00,0.0,14.0,22.8,76.0
2026-03-10 00:00:00+00:00,0.0,60.0,23.5,75.0
2026-03-10 01:00:00+00:00,17.5,86.0,22.7,79.0
2026-03-10 02:00:00+00:00,112.5,23.0,22.4,79.0
2026-03-10 03:00:00+00:00,300.0,5.0,25.2,67.0
2026-03-10 04:00:00+00:00,505.5,21.0,27.9,58.0
2026-03-10 05:00:00+00:00,668.5,93.0,30.4,49.0
2026-03-10 06:00:00+00:00,766.0,94.0,31.9,42.0
2026-03-10 07:00:00+00:00,800.5,39.0,34.2,33.0
2026-03-10 08:00:00+00:00,773.0,0.0,35.3,27.0
2026-03-10 09:00:00+00:00,676.0,0.0,35.5,25.0
2026-03-10 10:00:00+00:00,519.5,38.0,35.2,25.0
2026-03-10 11:00:00+00:00,324.5,1.0,34.7,23.0
2026-03-10 12:00:00+00:00,133.5,0.0,33.7,22.0
2026-03-10 13:00:00+00:00,23.0,0.0,31.8,30.0
2026-03-10 14:00:00+00:00,0.0,0.0,30.7,37.0
2026-03-10 15:00:00+00:00,0.0,1.0,29.2,47.0
2026-03-10 16:00:00+00:00,0.0,0.0,28.1,50.0
2026-03-10 17:00:00+00:00,0.0,0.0,27.3,50.0
2026-03-10 18:00:00+00:00,0.0,0.0,26.6,54.0
2026-03-10 19:00:00+00:00,0.0,0.0,25.8,55.0
2026-03-10 20:00:00+00:00,0.0,0.0,24.5,59.0
2026-03-10 21:00:00+00:00,0.0,0.0,23.6,63.0
2026-03-10 22:00:00+00:00,0.0,0.0,22.7,67.0
2026-03-10 23:00:00+00:00,0.0,0.0,22.1,71.0
2026-03-11 00:00:00+00:00,0.0,1.0,21.0,77.0
2026-03-11 01:00:00+00:00,20.5,16.0,20.5,78.0
2026-03-11 02:00:00+00:00,128.0,0.0,21.7,71.0
2026-03-11 03:00:00+00:00,320.0,0.0,24.6,59.0
2026-03-11 04:00:00+00:00,520.0,3.0,28.4,44.0
2026-03-11 05:00:00+00:00,684.5,4.0,31.8,29.0
2026-03-11 06:00:00+00:00,792.0,0.0,34.2,21.0
2026-03-11 07:00:00+00:00,832.5,6.0,35.9,15.0
2026-03-11 08:00:00+00:00,799.5,63.0,36.3,14.0
2026-03-11 09:00:00+00:00,696.5,0.0,36.2,13.0
2026-03-11 10:00:00+00:00,534.5,0.0,36.0,14.0
2026-03-11 11:00:00+00:00,333.0,5.0,35.6,14.0
2026-03-11 12:00:00+00:00,136.5,0.0,34.3,15.0
2026-03-11 13:00:00+00:00,23.5,93.0,31.8,21.0
2026-03-11 14:00:00+00:00,0.0,99.0,30.7,24.0
2026-03-11 15:00:00+00:00,0.0,100.0,29.6,27.0
2026-03-11 16:00:00+00:00,0.0,77.0,29.0,28.0
2026-03-11 17:00:00+00:00,0.0,97.0,27.6,28.0
2026-03-11 18:00:00+00:00,0.0,98.0,26.6,36.0
2026-03-11 19:00:00+00:00,0.0,100.0,25.0,39.0
2026-03-11 20:00:00+00:00,0.0,97.0,24.3,41.0
2026-03-11 21:00:00+00:00,0.0,100.0,23.4,44.0
2026-03-11 22:00:00+00:00,0.0,84.0,22.5,48.0
2026-03-11 23:00:00+00:00,0.0,97.0,21.6,52.0
2026-03-12 00:00:00+00:00,0.0,83.0,21.2,68.0
2026-03-12 01:00:00+00:00,20.0,100.0,21.2,67.0
2026-03-12 02:00:00+00:00,127.0,75.0,22.4,58.0
2026-03-12 03:00:00+00:00,324.5,16.0,25.0,45.0
2026-03-12 04:00:00+00:00,527.5,68.0,28.1,34.0
2026-03-12 05:00:00+00:00,689.5,99.0,31.1,25.0
2026-03-12 06:00:00+00:00,781.0,100.0,33.9,18.0
2026-03-12 07:00:00+00:00,763.5,100.0,35.4,11.0
2026-03-12 08:00:00+00:00,720.5,100.0,35.7,11.0
2026-03-12 09:00:00+00:00,655.0,100.0,35.9,10.0
2026-03-12 10:00:00+00:00,476.0,100.0,35.5,11.0
2026-03-12 11:00:00+00:00,274.5,100.0,34.9,11.0
2026-03-12 12:00:00+00:00,117.0,100.0,32.5,18.0
2026-03-12 13:00:00+00:00,22.0,88.0,30.8,23.0
2026-03-12 14:00:00+00:00,0.0,38.0,29.5,27.0
2026-03-12 15:00:00+00:00,0.0,97.0,28.5,30.0
2026-03-12 16:00:00+00:00,0.0,89.0,27.9,32.0
2026-03-12 17:00:00+00:00,0.0,0.0,27.0,33.0
2026-03-12 18:00:00+00:00,0.0,0.0,26.7,44.0
2026-03-12 19:00:00+00:00,0.0,0.0,25.6,48.0
2026-03-12 20:00:00+00:00,0.0,6.0,24.7,52.0
2026-03-12 21:00:00+00:00,0.0,73.0,24.1,55.0
2026-03-12 22:00:00+00:00,0.0,100.0,23.5,59.0
2026-03-12 23:00:00+00:00,0.0,100.0,23.0,65.0
2026-03-13 00:00:00+00:00,0.0,91.0,22.1,76.0
2026-03-13 01:00:00+00:00,20.5,100.0,21.7,79.0
2026-03-13 02:00:00+00:00,120.0,100.0,22.1,77.0
2026-03-13 03:00:00+00:00,287.0,100.0,24.0,68.0
2026-03-13 04:00:00+00:00,477.5,100.0,26.3,56.0
2026-03-13 05:00:00+00:00,643.5,100.0,28.7,44.0
2026-03-13 06:00:00+00:00,733.5,100.0,30.7,31.0
2026-03-13 07:00:00+00:00,741.0,100.0,32.1,25.0
2026-03-13 08:00:00+00:00,686.5,100.0,32.5,24.0
2026-03-13 09:00:00+00:00,599.0,100.0,32.4,25.0
2026-03-13 10:00:00+00:00,477.0,100.0,32.2,24.0
2026-03-13 11:00:00+00:00,311.0,70.0,31.8,22.0
2026-03-13 12:00:00+00:00,132.5,95.0,30.0,25.0
2026-03-13 13:00:00+00:00,25.0,32.0,28.9,30.0
2026-03-13 14:00:00+00:00,0.0,24.0,27.9,33.0
2026-03-13 15:00:00+00:00,0.0,98.0,27.1,36.0
2026-03-13 16:00:00+00:00,0.0,100.0,26.4,37.0
2026-03-13 17:00:00+00:00,0.0,100.0,26.3,35.0
2026-03-13 18:00:00+00:00,0.0,100.0,25.4,41.0
2026-03-13 19:00:00+00:00,0.0,100.0,24.6,41.0
2026-03-13 20:00:00+00:00,0.0,52.0,23.9,42.0
2026-03-13 21:00:00+00:00,0.0,100.0,23.1,44.0
2026-03-13 22:00:00+00:00,0.0,100.0,22.3,47.0
2026-03-13 23:00:00+00:00,0.0,98.0,21.6,50.0
2026-03-14 00:00:00+00:00,0.0,100.0,20.7,59.0
2026-03-14 01:00:00+00:00,17.5,99.0,20.1,62.0
2026-03-14 02:00:00+00:00,117.0,9.0,20.8,60.0
2026-03-14 03:00:00+00:00,319.0,26.0,22.8,54.0
2026-03-14 04:00:00+00:00,533.0,24.0,25.9,43.0
2026-03-14 05:00:00+00:00,700.0,20.0,28.9,30.0
2026-03-14 06:00:00+00:00,740.5,97.0,31.1,22.0
2026-03-14 07:00:00+00:00,624.0,100.0,32.4,19.0
2026-03-14 08:00:00+00:00,550.5,98.0,32.3,18.0
2026-03-14 09:00:00+00:00,576.5,57.0,32.8,17.0
2026-03-14 10:00:00+00:00,491.0,68.0,33.1,19.0
2026-03-14 11:00:00+00:00,274.0,96.0,31.8,21.0
2026-03-14 12:00:00+00:00,104.0,11.0,31.5,16.0
2026-03-14 13:00:00+00:00,25.0,63.0,30.0,19.0
2026-03-14 14:00:00+00:00,0.0,38.0,28.4,26.0
2026-03-14 15:00:00+00:00,0.0,6.0,27.5,32.0
2026-03-14 16:00:00+00:00,0.0,5.0,26.5,33.0
2026-03-14 17:00:00+00:00,0.0,0.0,25.4,35.0
2026-03-14 18:00:00+00:00,0.0,2.0,25.3,39.0
2026-03-14 19:00:00+00:00,0.0,67.0,23.6,44.0
2026-03-14 20:00:00+00:00,0.0,100.0,22.8,48.0
2026-03-14 21:00:00+00:00,0.0,100.0,22.6,51.0
2026-03-14 22:00:00+00:00,0.0,100.0,18.4,76.0
2026-03-14 23:00:00+00:00,0.0,100.0,18.5,78.0
2026-03-15 00:00:00+00:00,0.0,100.0,18.2,83.0
2026-03-15 01:00:00+00:00,9.0,100.0,18.6,89.0
2026-03-15 02:00:00+00:00,72.5,100.0,19.5,82.0
2026-03-15 03:00:00+00:00,263.5,35.0,20.8,66.0
2026-03-15 04:00:00+00:00,480.0,30.0,23.6,52.0
2026-03-15 05:00:00+00:00,617.0,41.0,25.5,43.0
2026-03-15 06:00:00+00:00,744.0,23.0,25.7,47.0
2026-03-15 07:00:00+00:00,817.5,5.0,26.8,44.0
2026-03-15 08:00:00+00:00,770.5,8.0,27.3,41.0
2026-03-15 09:00:00+00:00,581.5,59.0,26.4,47.0
2026-03-15 10:00:00+00:00,413.5,34.0,26.0,50.0
2026-03-15 11:00:00+00:00,285.0,61.0,26.1,46.0
2026-03-15 12:00:00+00:00,117.0,33.0,27.3,35.0
2026-03-15 13:00:00+00:00,24.0,16.0,25.4,41.0
2026-03-15 14:00:00+00:00,0.0,3.0,24.2,46.0
2026-03-15 15:00:00+00:00,0.0,0.0,23.3,50.0
2026-03-15 16:00:00+00:00,0.0,0.0,22.3,54.0
2026-03-15 17:00:00+00:00,0.0,0.0,21.1,59.0
2026-03-15 18:00:00+00:00,0.0,24.0,21.1,66.0
2026-03-15 19:00:00+00:00,0.0,7.0,20.8,66.0
2026-03-15 20:00:00+00:00,0.0,0.0,19.5,65.0
2026-03-15 21:00:00+00:00,0.0,2.0,19.0,66.0
2026-03-15 22:00:00+00:00,0.0,83.0,18.5,67.0
2026-03-15 23:00:00+00:00,0.0,18.0,17.9,70.0
2026-03-16 00:00:00+00:00,0.0,2.0,17.4,73.0
2026-03-16 01:00:00+00:00,25.5,0.0,17.4,72.0
2026-03-16 02:00:00+00:00,142.0,0.0,18.1,69.0
2026-03-16 03:00:00+00:00,339.5,0.0,20.0,60.0
2026-03-16 04:00:00+00:00,539.5,0.0,22.6,49.0
2026-03-16 05:00:00+00:00,701.0,18.0,25.0,42.0
2026-03-16 06:00:00+00:00,803.5,34.0,27.4,37.0
2026-03-16 07:00:00+00:00,842.0,0.0,29.1,34.0
2026-03-16 08:00:00+00:00,763.0,15.0,30.3,30.0
2026-03-16 09:00:00+00:00,574.0,34.0,30.8,24.0
2026-03-16 10:00:00+00:00,419.5,43.0,30.6,18.0
2026-03-16 11:00:00+00:00,295.5,20.0,29.9,22.0
2026-03-16 12:00:00+00:00,134.5,20.0,26.9,34.0
2026-03-16 13:00:00+00:00,24.5,7.0,25.9,38.0
2026-03-16 14:00:00+00:00,0.0,28.0,24.6,45.0
2026-03-16 15:00:00+00:00,0.0,72.0,23.2,52.0
2026-03-16 16:00:00+00:00,0.0,100.0,22.4,56.0
2026-03-16 17:00:00+00:00,0.0,100.0,21.7,56.0
2026-03-16 18:00:00+00:00,0.0,100.0,21.9,60.0
2026-03-16 19:00:00+00:00,0.0,100.0,20.8,65.0
2026-03-16 20:00:00+00:00,0.0,57.0,20.0,70.0
2026-03-16 21:00:00+00:00,0.0,49.0,19.3,70.0
2026-03-16 22:00:00+00:00,0.0,72.0,18.8,69.0
2026-03-16 23:00:00+00:00,0.0,67.0,18.5,68.0
2026-03-17 00:00:00+00:00,0.0,34.0,17.6,73.0
2026-03-17 01:00:00+00:00,26.0,95.0,17.4,73.0
2026-03-17 02:00:00+00:00,128.0,100.0,18.3,68.0
2026-03-17 03:00:00+00:00,326.5,1.0,20.4,58.0
2026-03-17 04:00:00+00:00,543.5,2.0,23.8,46.0
2026-03-17 05:00:00+00:00,703.0,91.0,27.0,35.0
2026-03-17 06:00:00+00:00,797.0,98.0,28.5,36.0
2026-03-17 07:00:00+00:00,828.5,71.0,29.9,33.0
2026-03-17 08:00:00+00:00,797.5,28.0,30.8,30.0
2026-03-17 09:00:00+00:00,677.5,13.0,31.5,27.0
2026-03-17 10:00:00+00:00,507.5,8.0,31.3,26.0
2026-03-17 11:00:00+00:00,320.0,15.0,30.8,25.0
2026-03-17 12:00:00+00:00,134.0,1.0,28.9,33.0
2026-03-17 13:00:00+00:00,26.0,2.0,27.3,39.0
2026-03-17 14:00:00+00:00,0.0,99.0,25.9,45.0
2026-03-17 15:00:00+00:00,0.0,100.0,25.0,48.0
2026-03-17 16:00:00+00:00,0.0,100.0,24.0,52.0
2026-03-17 17:00:00+00:00,0.0,100.0,23.1,55.0
2026-03-17 18:00:00+00:00,0.0,100.0,22.8,62.0
2026-03-17 19:00:00+00:00,0.0,100.0,22.2,64.0
2026-03-17 20:00:00+00:00,0.0,98.0,21.5,67.0
2026-03-17 21:00:00+00:00,0.0,100.0,20.9,70.0
2026-03-17 22:00:00+00:00,0.0,100.0,20.8,69.0
2026-03-17 23:00:00+00:00,0.0,58.0,21.0,68.0
2026-03-18 00:00:00+00:00,0.0,16.0,19.5,79.0
2026-03-18 01:00:00+00:00,27.5,0.0,19.3,79.0
2026-03-18 02:00:00+00:00,145.5,2.0,20.3,73.0
2026-03-18 03:00:00+00:00,340.0,1.0,22.5,64.0
2026-03-18 04:00:00+00:00,534.0,7.0,25.6,51.0
2026-03-18 05:00:00+00:00,691.5,19.0,28.0,43.0
2026-03-18 06:00:00+00:00,796.5,30.0,29.2,38.0
2026-03-18 07:00:00+00:00,828.0,29.0,31.5,29.0
2026-03-18 08:00:00+00:00,758.0,80.0,32.2,25.0
2026-03-18 09:00:00+00:00,593.5,79.0,30.2,32.0
2026-03-18 10:00:00+00:00,413.5,100.0,29.4,31.0
2026-03-18 11:00:00+00:00,246.0,98.0,28.8,33.0
2026-03-18 12:00:00+00:00,88.0,100.0,26.7,39.0
2026-03-18 13:00:00+00:00,9.0,100.0,21.8,67.0
2026-03-18 14:00:00+00:00,0.0,100.0,21.8,68.0
2026-03-18 15:00:00+00:00,0.0,100.0,21.2,71.0
2026-03-18 16:00:00+00:00,0.0,100.0,21.0,71.0
2026-03-18 17:00:00+00:00,0.0,100.0,20.9,71.0
2026-03-18 18:00:00+00:00,0.0,100.0,22.4,60.0
2026-03-18 19:00:00+00:00,0.0,100.0,22.0,58.0
2026-03-18 20:00:00+00:00,0.0,100.0,21.7,61.0
2026-03-18 21:00:00+00:00,0.0,93.0,21.7,58.0
2026-03-18 22:00:00+00:00,0.0,64.0,21.1,58.0
2026-03-18 23:00:00+00:00,0.0,10.0,20.5,62.0
2026-03-19 00:00:00+00:00,0.0,97.0,21.4,69.0
2026-03-19 01:00:00+00:00,21.5,98.0,21.4,70.0
2026-03-19 02:00:00+00:00,73.5,100.0,22.1,66.0
2026-03-19 03:00:00+00:00,200.0,92.0,22.7,64.0
2026-03-19 04:00:00+00:00,469.0,50.0,24.4,56.0
2026-03-19 05:00:00+00:00,608.5,92.0,27.1,46.0
2026-03-19 06:00:00+00:00,403.0,100.0,26.8,49.0
2026-03-19 07:00:00+00:00,415.5,83.0,26.0,49.0
2026-03-19 08:00:00+00:00,654.0,80.0,24.8,59.0
2026-03-19 09:00:00+00:00,523.0,99.0,24.8,57.0
2026-03-19 10:00:00+00:00,337.0,67.0,24.2,58.0
2026-03-19 11:00:00+00:00,242.0,98.0,23.4,62.0
2026-03-19 12:00:00+00:00,95.5,92.0,22.2,68.0
2026-03-19 13:00:00+00:00,21.5,94.0,19.5,82.0
2026-03-19 14:00:00+00:00,0.0,76.0,19.0,85.0
2026-03-19 15:00:00+00:00,0.0,100.0,18.6,88.0
2026-03-19 16:00:00+00:00,0.0,96.0,18.6,85.0
2026-03-19 17:00:00+00:00,0.0,84.0,18.3,83.0
2026-03-19 18:00:00+00:00,0.0,34.0,18.3,83.0
2026-03-19 19:00:00+00:00,0.0,45.0,17.8,88.0
2026-03-19 20:00:00+00:00,0.0,99.0,17.3,91.0
2026-03-19 21:00:00+00:00,0.0,100.0,17.2,90.0
2026-03-19 22:00:00+00:00,0.0,100.0,17.4,88.0
2026-03-19 23:00:00+00:00,0.0,100.0,17.1,89.0
2026-03-20 00:00:00+00:00,0.0,100.0,16.9,97.0
2026-03-20 01:00:00+00:00,9.5,100.0,16.8,95.0
2026-03-20 02:00:00+00:00,28.0,100.0,17.1,94.0
2026-03-20 03:00:00+00:00,56.5,100.0,17.5,91.0
2026-03-20 04:00:00+00:00,98.5,100.0,17.9,89.0
2026-03-20 05:00:00+00:00,226.5,100.0,18.2,86.0
2026-03-20 06:00:00+00:00,291.0,100.0,18.4,85.0
2026-03-20 07:00:00+00:00,261.0,100.0,18.6,80.0
2026-03-20 08:00:00+00:00,349.0,100.0,19.0,79.0
2026-03-20 09:00:00+00:00,440.5,88.0,20.0,75.0
2026-03-20 10:00:00+00:00,399.0,98.0,20.5,72.0
2026-03-20 11:00:00+00:00,279.0,100.0,20.6,69.0
2026-03-20 12:00:00+00:00,131.5,34.0,19.9,74.0
2026-03-20 13:00:00+00:00,24.0,40.0,18.9,82.0
2026-03-20 14:00:00+00:00,0.0,26.0,17.9,86.0
2026-03-20 15:00:00+00:00,0.0,6.0,17.2,89.0
2026-03-20 16:00:00+00:00,0.0,8.0,16.6,91.0
2026-03-20 17:00:00+00:00,0.0,3.0,16.4,91.0
2026-03-20 18:00:00+00:00,0.0,0.0,16.5,93.0
2026-03-20 19:00:00+00:00,0.0,0.0,16.5,93.0
2026-03-20 20:00:00+00:00,0.0,0.0,15.9,96.0
2026-03-20 21:00:00+00:00,0.0,1.0,15.6,97.0
2026-03-20 22:00:00+00:00,0.0,2.0,15.1,98.0
2026-03-20 23:00:00+00:00,0.0,100.0,14.8,100.0
2026-03-21 00:00:00+00:00,0.0,100.0,15.0,99.0
2026-03-21 01:00:00+00:00,18.0,100.0,15.1,98.0
2026-03-21 02:00:00+00:00,87.5,100.0,15.1,99.0
2026-03-21 03:00:00+00:00,245.0,100.0,15.6,98.0
2026-03-21 04:00:00+00:00,493.0,66.0,18.1,87.0
2026-03-21 05:00:00+00:00,706.5,18.0,20.3,78.0
2026-03-21 06:00:00+00:00,814.5,13.0,22.5,67.0
2026-03-21 07:00:00+00:00,850.5,32.0,23.9,59.0
2026-03-21 08:00:00+00:00,788.5,72.0,24.8,52.0
2026-03-21 09:00:00+00:00,658.0,95.0,25.5,46.0
2026-03-21 10:00:00+00:00,471.0,100.0,25.3,47.0
2026-03-21 11:00:00+00:00,263.5,100.0,24.9,49.0
2026-03-21 12:00:00+00:00,109.5,100.0,24.4,52.0
2026-03-21 13:00:00+00:00,22.5,100.0,22.2,67.0
2026-03-21 14:00:00+00:00,0.0,99.0,21.6,71.0
2026-03-21 15:00:00+00:00,0.0,100.0,20.8,73.0
2026-03-21 16:00:00+00:00,0.0,100.0,20.3,74.0
2026-03-21 17:00:00+00:00,0.0,100.0,19.9,76.0
2026-03-21 18:00:00+00:00,0.0,94.0,20.3,73.0
2026-03-21 19:00:00+00:00,0.0,2.0,19.3,74.0
2026-03-21 20:00:00+00:00,0.0,0.0,18.4,77.0
2026-03-21 21:00:00+00:00,0.0,0.0,17.5,81.0
2026-03-21 22:00:00+00:00,0.0,12.0,17.3,81.0
2026-03-21 23:00:00+00:00,0.0,1.0,16.7,82.0
2026-03-22 00:00:00+00:00,0.0,9.0,16.2,85.0
2026-03-22 01:00:00+00:00,33.0,0.0,16.2,86.0
2026-03-22 02:00:00+00:00,157.5,3.0,17.3,83.0
2026-03-22 03:00:00+00:00,354.0,0.0,19.3,78.0
2026-03-22 04:00:00+00:00,550.0,33.0,21.2,70.0
2026-03-22 05:00:00+00:00,708.0,2.0,23.0,60.0
2026-03-22 06:00:00+00:00,808.5,1.0,25.0,53.0
2026-03-22 07:00:00+00:00,839.5,9.0,26.1,49.0
2026-03-22 08:00:00+00:00,800.5,1.0,26.6,48.0
2026-03-22 09:00:00+00:00,690.0,59.0,27.0,46.0
2026-03-22 10:00:00+00:00,528.0,34.0,27.1,45.0
2026-03-22 11:00:00+00:00,335.0,12.0,26.7,45.0
2026-03-22 12:00:00+00:00,143.0,5.0,26.2,48.0
2026-03-22 13:00:00+00:00,28.0,38.0,23.5,63.0
2026-03-22 14:00:00+00:00,0.0,100.0,22.5,67.0
2026-03-22 15:00:00+00:00,0.0,52.0,22.3,67.0
2026-03-22 16:00:00+00:00,0.0,100.0,21.9,66.0
2026-03-22 17:00:00+00:00,0.0,60.0,21.9,63.0
2026-03-22 18:00:00+00:00,0.0,86.0,21.5,66.0
2026-03-22 19:00:00+00:00,0.0,100.0,21.1,68.0
2026-03-22 20:00:00+00:00,0.0,98.0,20.4,71.0
2026-03-22 21:00:00+00:00,0.0,100.0,19.6,75.0
2026-03-22 22:00:00+00:00,0.0,100.0,19.2,76.0
2026-03-22 23:00:00+00:00,0.0,100.0,18.4,82.0
2026-03-23 00:00:00+00:00,0.0,100.0,18.7,82.0
2026-03-23 01:00:00+00:00,8.5,100.0,18.0,87.0
2026-03-23 02:00:00+00:00,47.5,100.0,17.9,90.0
2026-03-23 03:00:00+00:00,116.5,100.0,18.4,86.0
2026-03-23 04:00:00+00:00,211.0,99.0,19.4,85.0
2026-03-23 05:00:00+00:00,363.5,63.0,21.6,75.0
2026-03-23 06:00:00+00:00,419.0,97.0,23.2,65.0
2026-03-23 07:00:00+00:00,351.0,100.0,24.3,60.0
2026-03-23 08:00:00+00:00,496.5,45.0,25.0,55.0
2026-03-23 09:00:00+00:00,646.0,5.0,26.4,50.0
2026-03-23 10:00:00+00:00,527.5,6.0,26.9,48.0
2026-03-23 11:00:00+00:00,332.5,11.0,26.7,49.0
2026-03-23 12:00:00+00:00,142.5,35.0,26.8,49.0
2026-03-23 13:00:00+00:00,26.0,20.0,24.7,64.0
2026-03-23 14:00:00+00:00,0.0,5.0,24.0,65.0
2026-03-23 15:00:00+00:00,0.0,2.0,22.2,73.0
2026-03-23 16:00:00+00:00,0.0,1.0,21.3,76.0
2026-03-23 17:00:00+00:00,0.0,0.0,20.7,77.0
2026-03-23 18:00:00+00:00,0.0,23.0,20.6,81.0
2026-03-23 19:00:00+00:00,0.0,0.0,20.3,84.0
2026-03-23 20:00:00+00:00,0.0,0.0,20.0,85.0
2026-03-23 21:00:00+00:00,0.0,2.0,19.4,87.0
2026-03-23 22:00:00+00:00,0.0,0.0,19.0,88.0
2026-03-23 23:00:00+00:00,0.0,0.0,18.5,90.0
2026-03-24 00:00:00+00:00,0.0,0.0,18.1,89.0
2026-03-24 01:00:00+00:00,35.5,0.0,18.3,89.0
2026-03-24 02:00:00+00:00,165.0,0.0,19.3,86.0
2026-03-24 03:00:00+00:00,365.0,0.0,21.6,78.0
2026-03-24 04:00:00+00:00,563.0,12.0,24.3,67.0
2026-03-24 05:00:00+00:00,720.5,9.0,26.3,56.0
2026-03-24 06:00:00+00:00,804.5,12.0,28.1,45.0
2026-03-24 07:00:00+00:00,818.5,68.0,29.0,38.0
2026-03-24 08:00:00+00:00,785.5,45.0,29.5,35.0
2026-03-24 09:00:00+00:00,699.0,4.0,29.7,34.0
2026-03-24 10:00:00+00:00,549.0,0.0,29.4,34.0
2026-03-24 11:00:00+00:00,351.0,0.0,28.8,35.0
2026-03-24 12:00:00+00:00,153.5,0.0,28.3,37.0
2026-03-24 13:00:00+00:00,31.0,0.0,25.2,56.0
2026-03-24 14:00:00+00:00,0.0,0.0,24.2,60.0
2026-03-24 15:00:00+00:00,0.0,0.0,23.5,62.0
2026-03-24 16:00:00+00:00,0.0,2.0,22.6,62.0
2026-03-24 17:00:00+00:00,0.0,17.0,21.2,62.0
2026-03-24 18:00:00+00:00,0.0,27.0,20.7,68.0
2026-03-24 19:00:00+00:00,0.0,0.0,20.4,67.0
2026-03-24 20:00:00+00:00,0.0,1.0,20.0,67.0
2026-03-24 21:00:00+00:00,0.0,98.0,19.6,68.0
2026-03-24 22:00:00+00:00,0.0,78.0,18.5,73.0
2026-03-24 23:00:00+00:00,0.0,53.0,17.7,76.0
2026-03-25 00:00:00+00:00,0.0,0.0,17.8,79.0
2026-03-25 01:00:00+00:00,38.0,0.0,18.0,78.0
2026-03-25 02:00:00+00:00,173.5,0.0,19.2,74.0
2026-03-25 03:00:00+00:00,378.5,0.0,21.8,66.0
2026-03-25 04:00:00+00:00,579.0,0.0,24.9,55.0
2026-03-25 05:00:00+00:00,739.5,0.0,27.2,43.0
2026-03-25 06:00:00+00:00,840.0,0.0,29.1,35.0
2026-03-25 07:00:00+00:00,870.0,9.0,30.2,32.0
2026-03-25 08:00:00+00:00,829.0,4.0,31.0,29.0
2026-03-25 09:00:00+00:00,718.0,10.0,31.5,27.0
2026-03-25 10:00:00+00:00,550.5,31.0,31.3,27.0
2026-03-25 11:00:00+00:00,347.0,97.0,30.9,28.0
2026-03-25 12:00:00+00:00,149.0,24.0,30.2,28.0
2026-03-25 13:00:00+00:00,30.0,99.0,28.2,33.0
2026-03-25 14:00:00+00:00,0.0,99.0,27.3,37.0
2026-03-25 15:00:00+00:00,0.0,98.0,26.7,40.0
2026-03-25 16:00:00+00:00,0.0,72.0,26.3,42.0
2026-03-25 17:00:00+00:00,0.0,94.0,25.1,43.0
2026-03-25 18:00:00+00:00,0.0,26.0,25.3,52.0
2026-03-25 19:00:00+00:00,0.0,80.0,24.6,50.0
2026-03-25 20:00:00+00:00,0.0,99.0,22.9,57.0
2026-03-25 21:00:00+00:00,0.0,22.0,22.8,63.0
2026-03-25 22:00:00+00:00,0.0,3.0,21.8,66.0
2026-03-25 23:00:00+00:00,0.0,36.0,21.6,65.0
2026-03-26 00:00:00+00:00,0.5,27.0,21.0,70.0
2026-03-26 01:00:00+00:00,37.5,18.0,21.2,70.0
2026-03-26 02:00:00+00:00,166.0,25.0,22.4,64.0
2026-03-26 03:00:00+00:00,363.0,27.0,24.9,53.0
2026-03-26 04:00:00+00:00,536.5,37.0,27.4,46.0
2026-03-26 05:00:00+00:00,654.0,38.0,29.7,39.0
2026-03-26 06:00:00+00:00,767.5,59.0,33.0,26.0
2026-03-26 07:00:00+00:00,800.0,99.0,34.5,21.0
2026-03-26 08:00:00+00:00,693.0,100.0,34.8,19.0
2026-03-26 09:00:00+00:00,521.0,100.0,34.3,21.0
2026-03-26 10:00:00+00:00,385.0,98.0,33.1,23.0
2026-03-26 11:00:00+00:00,243.5,100.0,32.3,26.0
2026-03-26 12:00:00+00:00,85.0,100.0,31.9,24.0
2026-03-26 13:00:00+00:00,14.5,100.0,31.1,27.0
2026-03-26 14:00:00+00:00,0.0,100.0,30.1,33.0
2026-03-26 15:00:00+00:00,0.0,50.0,28.9,38.0
2026-03-26 16:00:00+00:00,0.0,100.0,28.3,40.0
2026-03-26 17:00:00+00:00,0.0,100.0,27.7,39.0
2026-03-26 18:00:00+00:00,0.0,77.0,25.3,58.0
2026-03-26 19:00:00+00:00,0.0,53.0,25.7,51.0
2026-03-26 20:00:00+00:00,0.0,34.0,25.0,51.0
2026-03-26 21:00:00+00:00,0.0,39.0,23.7,57.0
2026-03-26 22:00:00+00:00,0.0,33.0,23.1,59.0
2026-03-26 23:00:00+00:00,0.0,100.0,22.4,62.0
2026-03-27 00:00:00+00:00,0.5,40.0,22.5,65.0
2026-03-27 01:00:00+00:00,28.0,95.0,22.1,67.0
2026-03-27 02:00:00+00:00,127.5,96.0,22.7,65.0
2026-03-27 03:00:00+00:00,319.0,97.0,23.6,60.0
2026-03-27 04:00:00+00:00,466.5,55.0,25.6,50.0
2026-03-27 05:00:00+00:00,599.5,82.0,27.0,44.0
2026-03-27 06:00:00+00:00,579.0,93.0,24.9,57.0
2026-03-27 07:00:00+00:00,573.5,88.0,26.9,47.0
2026-03-27 08:00:00+00:00,688.0,48.0,28.9,37.0
2026-03-27 09:00:00+00:00,603.5,61.0,29.3,33.0
2026-03-27 10:00:00+00:00,457.0,32.0,29.3,35.0
2026-03-27 11:00:00+00:00,294.0,31.0,29.2,36.0
2026-03-27 12:00:00+00:00,129.5,9.0,28.6,34.0
2026-03-27 13:00:00+00:00,30.5,2.0,28.0,35.0
2026-03-27 14:00:00+00:00,0.0,1.0,27.2,39.0
2026-03-27 15:00:00+00:00,0.0,2.0,26.5,42.0
2026-03-27 16:00:00+00:00,0.0,4.0,25.6,45.0
2026-03-27 17:00:00+00:00,0.0,1.0,25.2,46.0
2026-03-27 18:00:00+00:00,0.0,3.0,24.4,59.0
2026-03-27 19:00:00+00:00,0.0,0.0,23.8,57.0
2026-03-27 20:00:00+00:00,0.0,0.0,23.1,58.0
2026-03-27 21:00:00+00:00,0.0,0.0,22.4,61.0
2026-03-27 22:00:00+00:00,0.0,5.0,21.6,64.0
2026-03-27 23:00:00+00:00,0.0,0.0,20.8,67.0
2026-03-28 00:00:00+00:00,0.5,95.0,20.9,71.0
2026-03-28 01:00:00+00:00,41.0,8.0,21.0,70.0
2026-03-28 02:00:00+00:00,176.5,5.0,22.1,65.0
2026-03-28 03:00:00+00:00,376.5,47.0,24.7,54.0
2026-03-28 04:00:00+00:00,572.0,37.0,27.1,44.0
2026-03-28 05:00:00+00:00,730.0,55.0,28.8,38.0
2026-03-28 06:00:00+00:00,800.0,98.0,30.3,34.0
2026-03-28 07:00:00+00:00,818.0,98.0,31.8,30.0
2026-03-28 08:00:00+00:00,787.0,90.0,32.7,28.0
2026-03-28 09:00:00+00:00,689.0,87.0,33.0,26.0
2026-03-28 10:00:00+00:00,536.0,100.0,32.9,25.0
2026-03-28 11:00:00+00:00,329.5,99.0,32.3,26.0
2026-03-28 12:00:00+00:00,144.0,94.0,31.8,23.0
2026-03-28 13:00:00+00:00,32.0,26.0,30.9,26.0
2026-03-28 14:00:00+00:00,0.0,98.0,29.6,31.0
2026-03-28 15:00:00+00:00,0.0,100.0,29.0,33.0
2026-03-28 16:00:00+00:00,0.0,2.0,28.1,35.0
2026-03-28 17:00:00+00:00,0.0,35.0,26.8,40.0
2026-03-28 18:00:00+00:00,0.0,82.0,26.0,47.0
2026-03-28 19:00:00+00:00,0.0,89.0,25.2,50.0
2026-03-28 20:00:00+00:00,0.0,2.0,24.2,55.0
2026-03-28 21:00:00+00:00,0.0,97.0,23.5,59.0
2026-03-28 22:00:00+00:00,0.0,86.0,23.1,60.0
2026-03-28 23:00:00+00:00,0.0,98.0,22.8,61.0
2026-03-29 00:00:00+00:00,0.5,88.0,23.0,62.0
2026-03-29 01:00:00+00:00,41.5,69.0,23.2,61.0
2026-03-29 02:00:00+00:00,166.0,100.0,24.1,57.0
2026-03-29 03:00:00+00:00,328.5,91.0,26.1,50.0
2026-03-29 04:00:00+00:00,529.5,74.0,28.5,42.0
2026-03-29 05:00:00+00:00,688.5,51.0,31.1,35.0
2026-03-29 06:00:00+00:00,712.5,98.0,32.8,33.0
2026-03-29 07:00:00+00:00,748.5,5.0,33.0,33.0
2026-03-29 08:00:00+00:00,736.0,46.0,34.4,31.0
2026-03-29 09:00:00+00:00,595.5,100.0,34.9,29.0
2026-03-29 10:00:00+00:00,396.5,100.0,35.0,29.0
2026-03-29 11:00:00+00:00,225.5,75.0,32.8,31.0
2026-03-29 12:00:00+00:00,115.5,35.0,29.3,52.0
2026-03-29 13:00:00+00:00,28.5,27.0,30.3,51.0
2026-03-29 14:00:00+00:00,0.0,0.0,29.8,44.0
2026-03-29 15:00:00+00:00,0.0,4.0,28.1,50.0
2026-03-29 16:00:00+00:00,0.0,16.0,27.3,51.0
2026-03-29 17:00:00+00:00,0.0,89.0,26.6,52.0
2026-03-29 18:00:00+00:00,0.0,43.0,26.2,55.0
2026-03-29 19:00:00+00:00,0.0,81.0,25.7,56.0
2026-03-29 20:00:00+00:00,0.0,100.0,24.8,58.0
2026-03-29 21:00:00+00:00,0.0,99.0,23.8,63.0
2026-03-29 22:00:00+00:00,0.0,99.0,23.4,64.0
2026-03-29 23:00:00+00:00,0.0,100.0,22.5,69.0
2026-03-30 00:00:00+00:00,1.0,73.0,21.7,78.0
2026-03-30 01:00:00+00:00,42.0,100.0,22.0,76.0
2026-03-30 02:00:00+00:00,174.5,96.0,23.6,69.0
2026-03-30 03:00:00+00:00,379.0,71.0,26.3,51.0
2026-03-30 04:00:00+00:00,572.0,45.0,29.4,34.0
2026-03-30 05:00:00+00:00,683.5,100.0,31.6,30.0
2026-03-30 06:00:00+00:00,772.5,76.0,33.3,26.0
2026-03-30 07:00:00+00:00,793.5,95.0,34.7,21.0
2026-03-30 08:00:00+00:00,586.5,100.0,31.3,30.0
2026-03-30 09:00:00+00:00,408.0,100.0,31.6,28.0
2026-03-30 10:00:00+00:00,372.0,100.0,29.5,38.0
2026-03-30 11:00:00+00:00,261.0,100.0,30.0,35.0
2026-03-30 12:00:00+00:00,103.5,100.0,27.6,46.0
2026-03-30 13:00:00+00:00,15.0,100.0,27.5,45.0
2026-03-30 14:00:00+00:00,0.0,100.0,27.0,51.0
2026-03-30 15:00:00+00:00,0.0,100.0,26.3,50.0
2026-03-30 16:00:00+00:00,0.0,100.0,25.0,58.0
2026-03-30 17:00:00+00:00,0.0,100.0,24.2,62.0
2026-03-30 18:00:00+00:00,0.0,100.0,24.3,66.0
2026-03-30 19:00:00+00:00,0.0,100.0,23.7,68.0
2026-03-30 20:00:00+00:00,0.0,76.0,23.4,69.0
2026-03-30 21:00:00+00:00,0.0,22.0,22.5,74.0
2026-03-30 22:00:00+00:00,0.0,100.0,22.0,75.0
2026-03-30 23:00:00+00:00,0.0,87.0,21.8,76.0
2026-03-31 00:00:00+00:00,1.0,91.0,21.3,76.0
2026-03-31 01:00:00+00:00,43.0,81.0,21.5,76.0
2026-03-31 02:00:00+00:00,181.5,1.0,23.2,68.0
2026-03-31 03:00:00+00:00,382.0,21.0,26.3,52.0
2026-03-31 04:00:00+00:00,555.0,100.0,29.7,34.0
2026-03-31 05:00:00+00:00,700.5,56.0,31.7,27.0
2026-03-31 06:00:00+00:00,745.5,100.0,33.4,23.0
2026-03-31 07:00:00+00:00,625.5,80.0,35.0,20.0
2026-03-31 08:00:00+00:00,587.0,91.0,32.2,25.0
2026-03-31 09:00:00+00:00,575.0,77.0,32.8,23.0
2026-03-31 10:00:00+00:00,386.0,76.0,30.8,28.0
2026-03-31 11:00:00+00:00,212.0,86.0,29.3,35.0
2026-03-31 12:00:00+00:00,87.5,100.0,24.8,57.0
2026-03-31 13:00:00+00:00,5.5,72.0,24.7,59.0
2026-03-31 14:00:00+00:00,0.0,76.0,24.6,59.0
2026-03-31 15:00:00+00:00,0.0,73.0,23.8,68.0
2026-03-31 16:00:00+00:00,0.0,45.0,23.4,67.0
2026-03-31 17:00:00+00:00,0.0,64.0,23.4,65.0
2026-03-31 18:00:00+00:00,0.0,98.0,23.7,66.0
2026-03-31 19:00:00+00:00,0.0,7.0,22.6,67.0
2026-03-31 20:00:00+00:00,0.0,2.0,22.1,66.0
2026-03-31 21:00:00+00:00,0.0,2.0,21.0,73.0
2026-03-31 22:00:00+00:00,0.0,2.0,20.4,75.0
2026-03-31 23:00:00+00:00,0.0,97.0,19.9,77.0
2026-04-01 00:00:00+00:00,1.0,38.0,19.6,82.0
2026-04-01 01:00:00+00:00,46.5,99.0,19.8,79.0
2026-04-01 02:00:00+00:00,186.0,89.0,21.3,70.0
2026-04-01 03:00:00+00:00,386.5,16.0,23.8,60.0
2026-04-01 04:00:00+00:00,560.0,27.0,26.9,48.0
2026-04-01 05:00:00+00:00,689.5,36.0,29.4,37.0
2026-04-01 06:00:00+00:00,783.0,87.0,31.4,33.0
2026-04-01 07:00:00+00:00,754.0,98.0,32.6,29.0
2026-04-01 08:00:00+00:00,621.5,99.0,33.1,26.0
2026-04-01 09:00:00+00:00,504.5,97.0,31.5,28.0
2026-04-01 10:00:00+00:00,385.5,100.0,32.2,26.0
2026-04-01 11:00:00+00:00,229.5,92.0,31.7,28.0
2026-04-01 12:00:00+00:00,99.5,96.0,31.8,29.0
2026-04-01 13:00:00+00:00,26.0,85.0,30.0,36.0
2026-04-01 14:00:00+00:00,0.0,83.0,28.4,42.0
2026-04-01 15:00:00+00:00,0.0,100.0,26.9,51.0
2026-04-01 16:00:00+00:00,0.0,52.0,26.4,51.0
2026-04-01 17:00:00+00:00,0.0,55.0,25.7,51.0
2026-04-01 18:00:00+00:00,0.0,98.0,25.7,61.0
2026-04-01 19:00:00+00:00,0.0,52.0,25.2,63.0
2026-04-01 20:00:00+00:00,0.0,98.0,23.9,67.0
2026-04-01 21:00:00+00:00,0.0,88.0,23.5,65.0
2026-04-01 22:00:00+00:00,0.0,45.0,22.8,68.0
2026-04-01 23:00:00+00:00,0.0,57.0,22.3,68.0
2026-04-02 00:00:00+00:00,1.5,46.0,21.7,72.0
2026-04-02 01:00:00+00:00,44.5,78.0,21.9,71.0
2026-04-02 02:00:00+00:00,153.0,100.0,23.6,62.0
2026-04-02 03:00:00+00:00,329.0,77.0,25.9,56.0
2026-04-02 04:00:00+00:00,553.0,9.0,29.1,45.0
2026-04-02 05:00:00+00:00,725.5,62.0,32.2,35.0
2026-04-02 06:00:00+00:00,695.0,100.0,32.1,34.0
2026-04-02 07:00:00+00:00,614.0,98.0,33.7,27.0
2026-04-02 08:00:00+00:00,549.0,95.0,34.3,25.0
2026-04-02 09:00:00+00:00,459.5,71.0,32.3,30.0
2026-04-02 10:00:00+00:00,398.0,73.0,33.4,27.0
2026-04-02 11:00:00+00:00,283.5,63.0,33.4,27.0
2026-04-02 12:00:00+00:00,131.0,100.0,33.8,28.0
2026-04-02 13:00:00+00:00,24.5,16.0,32.5,31.0
2026-04-02 14:00:00+00:00,0.0,10.0,31.1,34.0
2026-04-02 15:00:00+00:00,0.0,0.0,29.6,42.0
2026-04-02 16:00:00+00:00,0.0,1.0,28.9,42.0
2026-04-02 17:00:00+00:00,0.0,0.0,27.1,57.0
2026-04-02 18:00:00+00:00,0.0,0.0,26.7,55.0
2026-04-02 19:00:00+00:00,0.0,0.0,26.0,57.0
2026-04-02 20:00:00+00:00,0.0,98.0,25.0,62.0
2026-04-02 21:00:00+00:00,0.0,100.0,24.7,61.0
2026-04-02 22:00:00+00:00,0.0,100.0,24.8,60.0
2026-04-02 23:00:00+00:00,0.0,100.0,24.0,60.0
2026-04-03 00:00:00+00:00,1.0,100.0,23.2,67.0
2026-04-03 01:00:00+00:00,23.0,100.0,22.6,62.0
2026-04-03 02:00:00+00:00,96.0,100.0,22.3,64.0
2026-04-03 03:00:00+00:00,251.5,96.0,23.5,62.0
2026-04-03 04:00:00+00:00,461.5,63.0,25.7,55.0
2026-04-03 05:00:00+00:00,611.0,97.0,27.8,45.0
2026-04-03 06:00:00+00:00,647.0,74.0,29.3,41.0
2026-04-03 07:00:00+00:00,706.5,94.0,30.1,39.0
2026-04-03 08:00:00+00:00,719.5,95.0,31.3,37.0
2026-04-03 09:00:00+00:00,481.0,100.0,32.1,33.0
2026-04-03 10:00:00+00:00,270.0,100.0,27.5,49.0
2026-04-03 11:00:00+00:00,223.5,100.0,27.7,47.0
2026-04-03 12:00:00+00:00,132.0,99.0,28.3,41.0
2026-04-03 13:00:00+00:00,30.5,100.0,25.8,53.0
2026-04-03 14:00:00+00:00,0.0,100.0,25.3,55.0
2026-04-03 15:00:00+00:00,0.0,100.0,23.6,58.0
2026-04-03 16:00:00+00:00,0.0,92.0,23.3,60.0
2026-04-03 17:00:00+00:00,0.0,98.0,22.6,63.0
2026-04-03 18:00:00+00:00,0.0,100.0,22.8,72.0
2026-04-03 19:00:00+00:00,0.0,100.0,22.6,76.0
2026-04-03 20:00:00+00:00,0.0,100.0,22.4,75.0
2026-04-03 21:00:00+00:00,0.0,100.0,22.1,73.0
2026-04-03 22:00:00+00:00,0.0,100.0,21.3,79.0
2026-04-03 23:00:00+00:00,0.0,100.0,21.2,81.0
2026-04-04 00:00:00+00:00,1.5,100.0,21.4,83.0
2026-04-04 01:00:00+00:00,41.0,100.0,21.3,83.0
2026-04-04 02:00:00+00:00,129.5,100.0,22.1,79.0
2026-04-04 03:00:00+00:00,232.0,100.0,23.8,69.0
2026-04-04 04:00:00+00:00,322.0,100.0,25.9,56.0
2026-04-04 05:00:00+00:00,515.0,87.0,27.4,41.0
2026-04-04 06:00:00+00:00,717.0,100.0,29.7,35.0
2026-04-04 07:00:00+00:00,780.5,90.0,30.3,35.0
2026-04-04 08:00:00+00:00,596.5,95.0,29.9,37.0
2026-04-04 09:00:00+00:00,421.0,79.0,24.2,62.0
2026-04-04 10:00:00+00:00,418.0,71.0,26.1,51.0
2026-04-04 11:00:00+00:00,293.0,97.0,27.1,47.0
2026-04-04 12:00:00+00:00,123.5,99.0,26.0,54.0
2026-04-04 13:00:00+00:00,25.5,100.0,25.5,65.0
2026-04-04 14:00:00+00:00,0.0,100.0,24.9,66.0
2026-04-04 15:00:00+00:00,0.0,100.0,24.2,69.0
2026-04-04 16:00:00+00:00,0.0,100.0,23.3,73.0
2026-04-04 17:00:00+00:00,0.0,100.0,22.8,73.0
2026-04-04 18:00:00+00:00,0.0,38.0,22.3,77.0
2026-04-04 19:00:00+00:00,0.0,97.0,22.9,66.0
2026-04-04 20:00:00+00:00,0.0,91.0,21.8,70.0
2026-04-04 21:00:00+00:00,0.0,28.0,21.4,68.0
2026-04-04 22:00:00+00:00,0.0,22.0,20.7,69.0
2026-04-04 23:00:00+00:00,0.0,13.0,19.8,74.0
2026-04-05 00:00:00+00:00,2.0,9.0,19.9,82.0
2026-04-05 01:00:00+00:00,42.0,37.0,20.2,77.0
2026-04-05 02:00:00+00:00,129.5,68.0,20.7,71.0
2026-04-05 03:00:00+00:00,329.5,21.0,21.7,70.0
2026-04-05 04:00:00+00:00,560.0,14.0,24.8,58.0
2026-04-05 05:00:00+00:00,705.0,9.0,26.0,54.0
2026-04-05 06:00:00+00:00,705.0,45.0,28.9,34.0
2026-04-05 07:00:00+00:00,660.5,55.0,28.8,32.0
2026-04-05 08:00:00+00:00,683.0,23.0,28.0,35.0
2026-04-05 09:00:00+00:00,631.5,8.0,28.8,31.0
2026-04-05 10:00:00+00:00,496.5,25.0,29.3,29.0
2026-04-05 11:00:00+00:00,328.0,25.0,28.7,29.0
2026-04-05 12:00:00+00:00,152.5,37.0,27.2,45.0
2026-04-05 13:00:00+00:00,32.5,16.0,26.4,60.0
2026-04-05 14:00:00+00:00,0.5,21.0,24.8,62.0
2026-04-05 15:00:00+00:00,0.0,2.0,23.7,70.0
2026-04-05 16:00:00+00:00,0.0,1.0,22.9,73.0
2026-04-05 17:00:00+00:00,0.0,0.0,22.2,74.0
2026-04-05 18:00:00+00:00,0.0,10.0,24.8,37.0
2026-04-05 19:00:00+00:00,0.0,5.0,23.5,42.0
2026-04-05 20:00:00+00:00,0.0,8.0,22.7,46.0
2026-04-05 21:00:00+00:00,0.0,8.0,21.7,55.0
2026-04-05 22:00:00+00:00,0.0,2.0,21.1,57.0
2026-04-05 23:00:00+00:00,0.0,1.0,20.8,59.0
2026-04-06 00:00:00+00:00,2.5,23.0,21.5,60.0
2026-04-06 01:00:00+00:00,55.0,0.0,21.4,62.0
2026-04-06 02:00:00+00:00,204.5,0.0,22.7,56.0
2026-04-06 03:00:00+00:00,409.0,0.0,24.7,48.0
2026-04-06 04:00:00+00:00,604.0,0.0,27.1,41.0
2026-04-06 05:00:00+00:00,718.5,19.0,29.4,28.0
2026-04-06 06:00:00+00:00,796.0,6.0,30.2,21.0
2026-04-06 07:00:00+00:00,846.5,2.0,31.2,20.0
2026-04-06 08:00:00+00:00,786.5,37.0,31.7,19.0
2026-04-06 09:00:00+00:00,674.5,31.0,31.5,19.0
2026-04-06 10:00:00+00:00,546.0,13.0,31.3,20.0
2026-04-06 11:00:00+00:00,357.5,25.0,31.1,21.0
2026-04-06 12:00:00+00:00,154.0,40.0,28.7,29.0
2026-04-06 13:00:00+00:00,33.0,36.0,26.7,34.0
2026-04-06 14:00:00+00:00,0.5,9.0,26.5,35.0
2026-04-06 15:00:00+00:00,0.0,2.0,25.6,37.0
2026-04-06 16:00:00+00:00,0.0,2.0,24.3,41.0
2026-04-06 17:00:00+00:00,0.0,4.0,23.8,41.0
2026-04-06 18:00:00+00:00,0.0,22.0,23.7,43.0
2026-04-06 19:00:00+00:00,0.0,100.0,23.6,46.0
2026-04-06 20:00:00+00:00,0.0,90.0,23.8,46.0
2026-04-06 21:00:00+00:00,0.0,0.0,23.0,47.0
2026-04-06 22:00:00+00:00,0.0,23.0,22.0,49.0
2026-04-06 23:00:00+00:00,0.0,19.0,21.2,57.0
2026-04-07 00:00:00+00:00,2.5,66.0,20.5,59.0
2026-04-07 01:00:00+00:00,54.0,70.0,20.8,57.0
2026-04-07 02:00:00+00:00,201.5,87.0,21.4,56.0
2026-04-07 03:00:00+00:00,397.0,100.0,24.0,47.0
2026-04-07 04:00:00+00:00,520.0,100.0,27.1,38.0
2026-04-07 05:00:00+00:00,537.0,100.0,28.8,32.0
2026-04-07 06:00:00+00:00,585.5,100.0,28.4,33.0
2026-04-07 07:00:00+00:00,501.5,100.0,28.4,35.0
2026-04-07 08:00:00+00:00,292.5,100.0,25.9,41.0
2026-04-07 09:00:00+00:00,159.5,100.0,25.6,43.0
2026-04-07 10:00:00+00:00,87.5,100.0,23.0,56.0
2026-04-07 11:00:00+00:00,77.5,100.0,21.7,69.0
2026-04-07 12:00:00+00:00,75.0,2.0,22.2,66.0
2026-04-07 13:00:00+00:00,38.5,6.0,21.1,72.0
2026-04-07 14:00:00+00:00,0.5,66.0,20.2,73.0
2026-04-07 15:00:00+00:00,0.0,100.0,19.7,71.0
2026-04-07 16:00:00+00:00,0.0,100.0,18.2,85.0
2026-04-07 17:00:00+00:00,0.0,100.0,18.1,88.0
2026-04-07 18:00:00+00:00,0.0,8.0,18.0,90.0
2026-04-07 19:00:00+00:00,0.0,100.0,17.7,90.0
2026-04-07 20:00:00+00:00,0.0,100.0,17.8,90.0
2026-04-07 21:00:00+00:00,0.0,100.0,17.0,89.0
2026-04-07 22:00:00+00:00,0.0,100.0,17.3,92.0
2026-04-07 23:00:00+00:00,0.0,15.0,17.2,93.0
2026-04-08 00:00:00+00:00,2.0,100.0,17.2,98.0
2026-04-08 01:00:00+00:00,14.0,100.0,17.1,91.0
2026-04-08 02:00:00+00:00,86.5,55.0,17.8,88.0
2026-04-08 03:00:00+00:00,317.0,30.0,18.5,86.0
2026-04-08 04:00:00+00:00,565.0,38.0,20.6,73.0
2026-04-08 05:00:00+00:00,727.0,15.0,22.0,64.0
2026-04-08 06:00:00+00:00,788.0,23.0,23.2,56.0
2026-04-08 07:00:00+00:00,785.5,36.0,24.4,55.0
2026-04-08 08:00:00+00:00,760.5,30.0,25.1,52.0
2026-04-08 09:00:00+00:00,651.0,19.0,25.5,48.0
2026-04-08 10:00:00+00:00,509.5,23.0,25.3,48.0
2026-04-08 11:00:00+00:00,322.5,39.0,25.2,48.0
2026-04-08 12:00:00+00:00,136.5,46.0,22.3,60.0
2026-04-08 13:00:00+00:00,31.5,1.0,21.8,66.0
2026-04-08 14:00:00+00:00,0.5,9.0,20.6,68.0
2026-04-08 15:00:00+00:00,0.0,3.0,19.8,68.0
2026-04-08 16:00:00+00:00,0.0,1.0,19.1,72.0
2026-04-08 17:00:00+00:00,0.0,0.0,18.7,75.0
2026-04-08 18:00:00+00:00,0.0,3.0,19.3,82.0
2026-04-08 19:00:00+00:00,0.0,5.0,18.8,80.0
2026-04-08 20:00:00+00:00,0.0,2.0,18.3,81.0
2026-04-08 21:00:00+00:00,0.0,0.0,17.7,84.0
2026-04-08 22:00:00+00:00,0.0,0.0,17.2,90.0
2026-04-08 23:00:00+00:00,0.0,4.0,16.8,94.0
2026-04-09 00:00:00+00:00,3.0,2.0,16.1,94.0
2026-04-09 01:00:00+00:00,53.0,16.0,16.9,93.0
2026-04-09 02:00:00+00:00,183.0,35.0,17.9,91.0
2026-04-09 03:00:00+00:00,390.0,10.0,19.5,84.0
2026-04-09 04:00:00+00:00,607.5,0.0,21.7,76.0
2026-04-09 05:00:00+00:00,765.0,0.0,23.8,67.0
2026-04-09 06:00:00+00:00,803.0,23.0,26.2,46.0
2026-04-09 07:00:00+00:00,776.0,27.0,27.5,35.0
2026-04-09 08:00:00+00:00,752.0,3.0,28.2,26.0
2026-04-09 09:00:00+00:00,685.0,3.0,28.7,25.0
2026-04-09 10:00:00+00:00,562.0,2.0,28.7,23.0
2026-04-09 11:00:00+00:00,375.5,1.0,28.2,23.0
2026-04-09 12:00:00+00:00,169.5,35.0,28.1,31.0
2026-04-09 13:00:00+00:00,36.0,15.0,25.8,51.0
2026-04-09 14:00:00+00:00,0.5,2.0,24.8,52.0
2026-04-09 15:00:00+00:00,0.0,2.0,24.0,54.0
2026-04-09 16:00:00+00:00,0.0,0.0,23.1,55.0
2026-04-09 17:00:00+00:00,0.0,0.0,22.3,49.0
2026-04-09 18:00:00+00:00,0.0,0.0,21.6,55.0
2026-04-09 19:00:00+00:00,0.0,2.0,20.0,63.0
2026-04-09 20:00:00+00:00,0.0,0.0,19.5,64.0
2026-04-09 21:00:00+00:00,0.0,0.0,19.0,66.0
2026-04-09 22:00:00+00:00,0.0,0.0,18.4,69.0
2026-04-09 23:00:00+00:00,0.0,1.0,17.8,69.0
2026-04-10 00:00:00+00:00,3.5,4.0,18.0,70.0
2026-04-10 01:00:00+00:00,63.0,0.0,18.2,69.0
2026-04-10 02:00:00+00:00,220.5,0.0,19.2,66.0
2026-04-10 03:00:00+00:00,428.5,0.0,21.1,59.0
2026-04-10 04:00:00+00:00,626.0,0.0,23.5,49.0
2026-04-10 05:00:00+00:00,782.0,0.0,25.5,40.0
2026-04-10 06:00:00+00:00,877.0,0.0,27.9,33.0
2026-04-10 07:00:00+00:00,901.5,0.0,29.4,28.0
2026-04-10 08:00:00+00:00,856.0,0.0,30.4,25.0
2026-04-10 09:00:00+00:00,744.5,0.0,31.0,22.0
2026-04-10 10:00:00+00:00,577.5,0.0,31.2,21.0
2026-04-10 11:00:00+00:00,375.5,0.0,31.0,20.0
2026-04-10 12:00:00+00:00,174.5,0.0,31.2,18.0
2026-04-10 13:00:00+00:00,40.5,0.0,29.9,20.0
2026-04-10 14:00:00+00:00,0.5,0.0,28.3,24.0
2026-04-10 15:00:00+00:00,0.0,0.0,26.9,28.0
2026-04-10 16:00:00+00:00,0.0,0.0,26.2,31.0
2026-04-10 17:00:00+00:00,0.0,0.0,25.7,32.0
2026-04-10 18:00:00+00:00,0.0,0.0,25.7,34.0
2026-04-10 19:00:00+00:00,0.0,0.0,25.1,37.0
2026-04-10 20:00:00+00:00,0.0,2.0,24.4,39.0
2026-04-10 21:00:00+00:00,0.0,2.0,23.8,41.0
2026-04-10 22:00:00+00:00,0.0,45.0,22.8,44.0
2026-04-10 23:00:00+00:00,0.0,32.0,22.2,46.0
2026-04-11 00:00:00+00:00,4.0,3.0,21.9,50.0
2026-04-11 01:00:00+00:00,63.0,1.0,21.7,52.0
2026-04-11 02:00:00+00:00,215.0,8.0,22.9,49.0
2026-04-11 03:00:00+00:00,417.0,0.0,25.0,43.0
2026-04-11 04:00:00+00:00,613.0,0.0,27.5,35.0
2026-04-11 05:00:00+00:00,745.0,28.0,29.4,30.0
2026-04-11 06:00:00+00:00,808.5,22.0,31.1,27.0
2026-04-11 07:00:00+00:00,736.5,100.0,32.6,23.0
2026-04-11 08:00:00+00:00,663.5,32.0,32.6,22.0
2026-04-11 09:00:00+00:00,603.0,95.0,32.9,21.0
2026-04-11 10:00:00+00:00,484.0,27.0,32.7,21.0
2026-04-11 11:00:00+00:00,338.5,37.0,32.4,21.0
2026-04-11 12:00:00+00:00,151.5,33.0,32.2,19.0
2026-04-11 13:00:00+00:00,37.0,52.0,30.8,23.0
2026-04-11 14:00:00+00:00,0.5,91.0,29.1,29.0
2026-04-11 15:00:00+00:00,0.0,6.0,28.3,31.0
2026-04-11 16:00:00+00:00,0.0,12.0,27.4,33.0
2026-04-11 17:00:00+00:00,0.0,12.0,26.8,33.0
2026-04-11 18:00:00+00:00,0.0,48.0,27.7,34.0
2026-04-11 19:00:00+00:00,0.0,18.0,26.2,38.0
2026-04-11 20:00:00+00:00,0.0,34.0,25.3,40.0
2026-04-11 21:00:00+00:00,0.0,49.0,24.6,41.0
2026-04-11 22:00:00+00:00,0.0,4.0,24.2,44.0
2026-04-11 23:00:00+00:00,0.0,2.0,23.4,44.0
2026-04-12 00:00:00+00:00,4.5,0.0,23.0,53.0
2026-04-12 01:00:00+00:00,67.0,0.0,23.2,52.0
2026-04-12 02:00:00+00:00,226.0,0.0,24.2,50.0
2026-04-12 03:00:00+00:00,432.0,0.0,26.2,42.0
2026-04-12 04:00:00+00:00,627.5,0.0,28.6,35.0
2026-04-12 05:00:00+00:00,782.5,0.0,30.7,27.0
2026-04-12 06:00:00+00:00,877.0,0.0,32.2,23.0
2026-04-12 07:00:00+00:00,902.5,0.0,33.2,21.0
2026-04-12 08:00:00+00:00,858.0,0.0,33.9,20.0
2026-04-12 09:00:00+00:00,747.0,0.0,34.2,18.0
2026-04-12 10:00:00+00:00,581.0,0.0,34.0,17.0
2026-04-12 11:00:00+00:00,379.5,0.0,33.6,16.0
2026-04-12 12:00:00+00:00,177.5,0.0,33.6,16.0
2026-04-12 13:00:00+00:00,41.5,0.0,32.5,16.0
2026-04-12 14:00:00+00:00,0.5,0.0,30.9,18.0
2026-04-12 15:00:00+00:00,0.0,0.0,29.4,21.0
2026-04-12 16:00:00+00:00,0.0,0.0,28.0,24.0
2026-04-12 17:00:00+00:00,0.0,0.0,26.5,28.0
2026-04-12 18:00:00+00:00,0.0,0.0,26.4,30.0
2026-04-12 19:00:00+00:00,0.0,0.0,25.4,32.0
2026-04-12 20:00:00+00:00,0.0,1.0,24.8,33.0
2026-04-12 21:00:00+00:00,0.0,18.0,23.9,36.0
2026-04-12 22:00:00+00:00,0.0,0.0,23.2,37.0
2026-04-12 23:00:00+00:00,0.0,3.0,22.5,39.0
2026-04-13 00:00:00+00:00,5.0,0.0,21.9,55.0
2026-04-13 01:00:00+00:00,68.5,5.0,21.8,52.0
2026-04-13 02:00:00+00:00,229.5,0.0,23.5,46.0
2026-04-13 03:00:00+00:00,438.5,0.0,25.5,40.0
2026-04-13 04:00:00+00:00,635.5,0.0,27.7,34.0
2026-04-13 05:00:00+00:00,790.0,0.0,30.0,26.0
2026-04-13 06:00:00+00:00,885.0,0.0,31.9,23.0
2026-04-13 07:00:00+00:00,911.0,0.0,33.3,19.0
2026-04-13 08:00:00+00:00,866.0,16.0,34.0,17.0
2026-04-13 09:00:00+00:00,754.0,27.0,34.4,16.0
2026-04-13 10:00:00+00:00,587.0,0.0,34.5,15.0
2026-04-13 11:00:00+00:00,384.0,0.0,34.1,15.0
2026-04-13 12:00:00+00:00,180.0,0.0,34.6,13.0
2026-04-13 13:00:00+00:00,43.0,20.0,33.2,15.0
2026-04-13 14:00:00+00:00,1.0,100.0,31.4,18.0
2026-04-13 15:00:00+00:00,0.0,100.0,30.4,19.0
2026-04-13 16:00:00+00:00,0.0,86.0,29.6,20.0
2026-04-13 17:00:00+00:00,0.0,48.0,28.8,19.0
2026-04-13 18:00:00+00:00,0.0,17.0,27.0,25.0
2026-04-13 19:00:00+00:00,0.0,4.0,25.7,29.0
2026-04-13 20:00:00+00:00,0.0,0.0,25.0,32.0
2026-04-13 21:00:00+00:00,0.0,0.0,23.9,39.0
2026-04-13 22:00:00+00:00,0.0,0.0,23.3,43.0
2026-04-13 23:00:00+00:00,0.0,0.0,23.0,44.0
2026-04-14 00:00:00+00:00,5.0,0.0,23.0,48.0
2026-04-14 01:00:00+00:00,69.0,0.0,23.3,47.0
2026-04-14 02:00:00+00:00,228.0,2.0,25.7,39.0
2026-04-14 03:00:00+00:00,432.5,0.0,28.4,32.0
2026-04-14 04:00:00+00:00,626.5,0.0,31.2,25.0
2026-04-14 05:00:00+00:00,779.0,0.0,33.8,18.0
2026-04-14 06:00:00+00:00,873.0,0.0,35.3,14.0
2026-04-14 07:00:00+00:00,898.5,0.0,36.7,13.0
2026-04-14 08:00:00+00:00,852.5,0.0,37.3,13.0
2026-04-14 09:00:00+00:00,741.5,3.0,37.5,13.0
2026-04-14 10:00:00+00:00,560.0,23.0,37.4,13.0
2026-04-14 11:00:00+00:00,353.5,6.0,36.8,14.0
2026-04-14 12:00:00+00:00,170.0,6.0,36.6,13.0
2026-04-14 13:00:00+00:00,42.0,13.0,35.0,15.0
2026-04-14 14:00:00+00:00,1.0,16.0,33.6,18.0
2026-04-14 15:00:00+00:00,0.0,27.0,32.8,19.0
2026-04-14 16:00:00+00:00,0.0,9.0,32.4,19.0
2026-04-14 17:00:00+00:00,0.0,2.0,30.2,21.0
2026-04-14 18:00:00+00:00,0.0,29.0,28.9,26.0
2026-04-14 19:00:00+00:00,0.0,33.0,27.5,28.0
2026-04-14 20:00:00+00:00,0.0,7.0,26.9,30.0
2026-04-14 21:00:00+00:00,0.0,0.0,26.0,31.0
2026-04-14 22:00:00+00:00,0.0,0.0,25.1,33.0
2026-04-14 23:00:00+00:00,0.0,0.0,24.2,35.0
2026-04-15 00:00:00+00:00,5.5,0.0,24.0,43.0
2026-04-15 01:00:00+00:00,72.5,0.0,23.7,43.0
2026-04-15 02:00:00+00:00,236.5,0.0,26.0,36.0
2026-04-15 03:00:00+00:00,445.5,0.0,28.8,30.0
2026-04-15 04:00:00+00:00,641.5,0.0,32.0,23.0
2026-04-15 05:00:00+00:00,794.5,0.0,34.9,17.0
2026-04-15 06:00:00+00:00,889.0,0.0,36.6,13.0
2026-04-15 07:00:00+00:00,915.0,0.0,38.0,11.0
2026-04-15 08:00:00+00:00,869.5,20.0,38.6,10.0
2026-04-15 09:00:00+00:00,756.5,2.0,38.7,10.0
2026-04-15 10:00:00+00:00,588.0,10.0,38.4,10.0
2026-04-15 11:00:00+00:00,384.5,34.0,37.8,10.0
2026-04-15 12:00:00+00:00,181.5,0.0,37.5,11.0
2026-04-15 13:00:00+00:00,44.0,0.0,36.2,12.0
2026-04-15 14:00:00+00:00,1.0,0.0,34.8,13.0
2026-04-15 15:00:00+00:00,0.0,0.0,33.9,14.0
2026-04-15 16:00:00+00:00,0.0,0.0,32.5,16.0
2026-04-15 17:00:00+00:00,0.0,0.0,30.5,20.0
2026-04-15 18:00:00+00:00,0.0,0.0,29.2,24.0
2026-04-15 19:00:00+00:00,0.0,7.0,28.5,25.0
2026-04-15 20:00:00+00:00,0.0,10.0,27.6,27.0
2026-04-15 21:00:00+00:00,0.0,0.0,26.9,29.0
2026-04-15 22:00:00+00:00,0.0,12.0,26.4,31.0
2026-04-15 23:00:00+00:00,0.0,58.0,26.2,32.0
2026-04-16 00:00:00+00:00,6.0,0.0,26.7,41.0
2026-04-16 01:00:00+00:00,74.0,0.0,26.7,37.0
2026-04-16 02:00:00+00:00,237.5,0.0,28.7,31.0
2026-04-16 03:00:00+00:00,443.5,1.0,31.2,26.0
2026-04-16 04:00:00+00:00,636.5,36.0,33.9,21.0
2026-04-16 05:00:00+00:00,786.0,33.0,35.9,17.0
2026-04-16 06:00:00+00:00,877.5,67.0,37.4,14.0
2026-04-16 07:00:00+00:00,904.5,85.0,39.4,10.0
2026-04-16 08:00:00+00:00,862.5,13.0,39.9,9.0
2026-04-16 09:00:00+00:00,750.5,24.0,39.8,10.0
2026-04-16 10:00:00+00:00,557.0,100.0,39.8,10.0
2026-04-16 11:00:00+00:00,339.0,100.0,38.9,11.0
2026-04-16 12:00:00+00:00,158.5,100.0,38.9,10.0
2026-04-16 13:00:00+00:00,39.0,100.0,37.6,12.0
2026-04-16 14:00:00+00:00,1.0,99.0,35.6,15.0
2026-04-16 15:00:00+00:00,0.0,77.0,34.0,18.0
2026-04-16 16:00:00+00:00,0.0,98.0,32.3,23.0
2026-04-16 17:00:00+00:00,0.0,100.0,30.2,29.0
2026-04-16 18:00:00+00:00,0.0,98.0,30.6,27.0
2026-04-16 19:00:00+00:00,0.0,100.0,29.4,28.0
2026-04-16 20:00:00+00:00,0.0,100.0,28.4,29.0
2026-04-16 21:00:00+00:00,0.0,83.0,28.1,31.0
2026-04-16 22:00:00+00:00,0.0,82.0,27.7,31.0
2026-04-16 23:00:00+00:00,0.0,98.0,26.9,32.0
2026-04-17 00:00:00+00:00,6.0,95.0,26.3,36.0
2026-04-17 01:00:00+00:00,58.0,99.0,27.9,31.0
2026-04-17 02:00:00+00:00,201.0,100.0,29.9,27.0
2026-04-17 03:00:00+00:00,351.0,100.0,33.1,22.0
2026-04-17 04:00:00+00:00,477.0,100.0,35.4,18.0
2026-04-17 05:00:00+00:00,541.5,100.0,37.1,16.0
2026-04-17 06:00:00+00:00,554.0,100.0,39.3,13.0
2026-04-17 07:00:00+00:00,653.5,98.0,38.8,12.0
2026-04-17 08:00:00+00:00,731.5,55.0,39.8,12.0
2026-04-17 09:00:00+00:00,619.5,67.0,40.2,11.0
2026-04-17 10:00:00+00:00,425.5,98.0,39.1,13.0
2026-04-17 11:00:00+00:00,281.5,44.0,38.3,15.0
2026-04-17 12:00:00+00:00,149.0,28.0,33.6,27.0
2026-04-17 13:00:00+00:00,40.0,30.0,32.8,28.0
2026-04-17 14:00:00+00:00,1.0,13.0,31.4,30.0
2026-04-17 15:00:00+00:00,0.0,38.0,30.5,30.0
2026-04-17 16:00:00+00:00,0.0,5.0,29.7,32.0
2026-04-17 17:00:00+00:00,0.0,0.0,29.1,32.0
2026-04-17 18:00:00+00:00,0.0,0.0,28.5,38.0
2026-04-17 19:00:00+00:00,0.0,1.0,27.7,39.0
2026-04-17 20:00:00+00:00,0.0,61.0,26.7,44.0
2026-04-17 21:00:00+00:00,0.0,32.0,26.8,43.0
2026-04-17 22:00:00+00:00,0.0,96.0,26.2,42.0
2026-04-17 23:00:00+00:00,0.0,31.0,25.2,45.0
2026-04-18 00:00:00+00:00,6.5,16.0,25.3,52.0
2026-04-18 01:00:00+00:00,73.5,38.0,25.0,55.0
2026-04-18 02:00:00+00:00,233.0,19.0,26.2,52.0
2026-04-18 03:00:00+00:00,434.5,2.0,29.0,44.0
2026-04-18 04:00:00+00:00,624.5,16.0,32.1,34.0
2026-04-18 05:00:00+00:00,774.0,44.0,34.9,27.0
2026-04-18 06:00:00+00:00,867.0,8.0,36.8,22.0
2026-04-18 07:00:00+00:00,894.0,0.0,39.0,16.0
2026-04-18 08:00:00+00:00,850.5,1.0,39.8,14.0
2026-04-18 09:00:00+00:00,740.0,3.0,40.2,13.0
2026-04-18 10:00:00+00:00,575.5,3.0,40.0,13.0
2026-04-18 11:00:00+00:00,376.5,13.0,39.5,15.0
2026-04-18 12:00:00+00:00,179.0,7.0,39.0,13.0
2026-04-18 13:00:00+00:00,44.5,98.0,37.9,13.0
2026-04-18 14:00:00+00:00,1.0,100.0,35.8,15.0
2026-04-18 15:00:00+00:00,0.0,98.0,34.5,18.0
2026-04-18 16:00:00+00:00,0.0,98.0,33.3,21.0
2026-04-18 17:00:00+00:00,0.0,86.0,32.4,22.0
2026-04-18 18:00:00+00:00,0.0,91.0,32.5,23.0
2026-04-18 19:00:00+00:00,0.0,100.0,30.5,25.0
2026-04-18 20:00:00+00:00,0.0,88.0,29.5,26.0
2026-04-18 21:00:00+00:00,0.0,48.0,28.5,28.0
2026-04-18 22:00:00+00:00,0.0,95.0,27.4,31.0
2026-04-18 23:00:00+00:00,0.0,100.0,26.3,34.0
2026-04-19 00:00:00+00:00,7.0,99.0,26.0,43.0
2026-04-19 01:00:00+00:00,59.0,100.0,26.6,42.0
2026-04-19 02:00:00+00:00,195.0,100.0,28.2,38.0
2026-04-19 03:00:00+00:00,405.5,70.0,31.4,31.0
2026-04-19 04:00:00+00:00,617.5,82.0,34.3,26.0
2026-04-19 05:00:00+00:00,762.0,81.0,36.8,22.0
2026-04-19 06:00:00+00:00,838.5,68.0,39.1,14.0
2026-04-19 07:00:00+00:00,779.5,90.0,40.1,12.0
2026-04-19 08:00:00+00:00,644.0,98.0,39.2,12.0
2026-04-19 09:00:00+00:00,610.5,95.0,39.5,11.0
2026-04-19 10:00:00+00:00,527.5,98.0,39.8,11.0
2026-04-19 11:00:00+00:00,324.5,99.0,38.7,12.0
2026-04-19 12:00:00+00:00,152.0,15.0,38.6,11.0
2026-04-19 13:00:00+00:00,41.5,7.0,37.5,12.0
2026-04-19 14:00:00+00:00,1.0,0.0,35.5,14.0
2026-04-19 15:00:00+00:00,0.0,0.0,34.1,16.0
2026-04-19 16:00:00+00:00,0.0,0.0,33.8,16.0
2026-04-19 17:00:00+00:00,0.0,0.0,32.7,17.0
2026-04-19 18:00:00+00:00,0.0,0.0,31.1,22.0
2026-04-19 19:00:00+00:00,0.0,0.0,30.2,25.0
2026-04-19 20:00:00+00:00,0.0,0.0,29.2,27.0
2026-04-19 21:00:00+00:00,0.0,0.0,28.1,30.0
2026-04-19 22:00:00+00:00,0.0,0.0,27.5,31.0
2026-04-19 23:00:00+00:00,0.0,0.0,26.7,33.0
2026-04-20 00:00:00+00:00,7.5,0.0,26.8,41.0
2026-04-20 01:00:00+00:00,78.0,0.0,27.0,42.0
2026-04-20 02:00:00+00:00,240.5,0.0,28.3,39.0
2026-04-20 03:00:00+00:00,443.0,0.0,30.4,35.0
2026-04-20 04:00:00+00:00,633.5,0.0,33.5,28.0
2026-04-20 05:00:00+00:00,783.0,0.0,36.4,19.0
2026-04-20 06:00:00+00:00,857.5,6.0,38.0,15.0
2026-04-20 07:00:00+00:00,865.5,12.0,39.2,13.0
2026-04-20 08:00:00+00:00,757.0,46.0,39.6,11.0
2026-04-20 09:00:00+00:00,648.0,19.0,38.9,11.0
2026-04-20 10:00:00+00:00,559.5,15.0,38.9,10.0
2026-04-20 11:00:00+00:00,374.5,1.0,38.4,11.0
2026-04-20 12:00:00+00:00,180.5,1.0,37.8,12.0
2026-04-20 13:00:00+00:00,45.5,0.0,36.5,14.0
2026-04-20 14:00:00+00:00,1.5,0.0,34.8,15.0
2026-04-20 15:00:00+00:00,0.0,0.0,33.4,15.0
2026-04-20 16:00:00+00:00,0.0,0.0,31.9,16.0
2026-04-20 17:00:00+00:00,0.0,9.0,30.8,17.0
2026-04-20 18:00:00+00:00,0.0,100.0,30.1,17.0
2026-04-20 19:00:00+00:00,0.0,17.0,29.9,15.0
2026-04-20 20:00:00+00:00,0.0,0.0,28.8,16.0
2026-04-20 21:00:00+00:00,0.0,0.0,27.3,18.0
2026-04-20 22:00:00+00:00,0.0,0.0,26.7,19.0
2026-04-20 23:00:00+00:00,0.0,0.0,26.0,21.0
2026-04-21 00:00:00+00:00,8.0,0.0,26.2,26.0
2026-04-21 01:00:00+00:00,80.0,0.0,26.4,25.0
2026-04-21 02:00:00+00:00,244.0,0.0,27.9,24.0
2026-04-21 03:00:00+00:00,447.0,0.0,30.4,21.0
2026-04-21 04:00:00+00:00,638.0,0.0,33.1,19.0
2026-04-21 05:00:00+00:00,788.5,0.0,35.5,17.0
2026-04-21 06:00:00+00:00,881.0,0.0,37.3,14.0
2026-04-21 07:00:00+00:00,904.5,0.0,38.3,13.0
2026-04-21 08:00:00+00:00,856.5,0.0,38.6,13.0
2026-04-21 09:00:00+00:00,743.5,0.0,38.6,13.0
2026-04-21 10:00:00+00:00,577.5,0.0,38.4,13.0
2026-04-21 11:00:00+00:00,378.5,0.0,38.0,13.0
2026-04-21 12:00:00+00:00,181.5,2.0,37.5,14.0
2026-04-21 13:00:00+00:00,46.0,39.0,36.6,15.0
2026-04-21 14:00:00+00:00,1.5,4.0,35.2,16.0
2026-04-21 15:00:00+00:00,0.0,0.0,34.0,18.0
2026-04-21 16:00:00+00:00,0.0,0.0,33.0,20.0
2026-04-21 17:00:00+00:00,0.0,0.0,32.3,21.0
2026-04-21 18:00:00+00:00,0.0,1.0,31.7,23.0
2026-04-21 19:00:00+00:00,0.0,5.0,29.4,28.0
2026-04-21 20:00:00+00:00,0.0,51.0,28.5,31.0
2026-04-21 21:00:00+00:00,0.0,94.0,28.3,30.0
2026-04-21 22:00:00+00:00,0.0,85.0,27.9,31.0
2026-04-21 23:00:00+00:00,0.0,27.0,27.2,30.0
2026-04-22 00:00:00+00:00,8.5,1.0,26.0,36.0
2026-04-22 01:00:00+00:00,82.0,0.0,26.1,36.0
2026-04-22 02:00:00+00:00,247.5,0.0,27.5,34.0
2026-04-22 03:00:00+00:00,450.5,0.0,30.1,29.0
2026-04-22 04:00:00+00:00,640.0,0.0,33.7,21.0
2026-04-22 05:00:00+00:00,788.5,0.0,36.4,17.0
2026-04-22 06:00:00+00:00,880.0,0.0,38.1,14.0
2026-04-22 07:00:00+00:00,904.5,0.0,39.4,12.0
2026-04-22 08:00:00+00:00,859.0,0.0,40.0,11.0
2026-04-22 09:00:00+00:00,748.0,0.0,40.3,11.0
2026-04-22 10:00:00+00:00,582.5,0.0,40.3,11.0
2026-04-22 11:00:00+00:00,383.0,0.0,39.8,11.0
2026-04-22 12:00:00+00:00,184.5,0.0,39.5,12.0
2026-04-22 13:00:00+00:00,47.0,0.0,38.1,13.0
2026-04-22 14:00:00+00:00,1.5,0.0,36.2,15.0
2026-04-22 15:00:00+00:00,0.0,0.0,34.7,17.0
2026-04-22 16:00:00+00:00,0.0,0.0,33.8,18.0
2026-04-22 17:00:00+00:00,0.0,0.0,32.1,21.0
2026-04-22 18:00:00+00:00,0.0,0.0,31.5,22.0
2026-04-22 19:00:00+00:00,0.0,0.0,30.1,25.0
2026-04-22 20:00:00+00:00,0.0,0.0,29.1,26.0
2026-04-22 21:00:00+00:00,0.0,0.0,28.4,27.0
2026-04-22 22:00:00+00:00,0.0,0.0,27.9,27.0
2026-04-22 23:00:00+00:00,0.0,0.0,28.0,25.0
2026-04-23 00:00:00+00:00,9.0,0.0,28.2,22.0
2026-04-23 01:00:00+00:00,82.0,0.0,28.3,20.0
2026-04-23 02:00:00+00:00,246.0,0.0,29.5,18.0
2026-04-23 03:00:00+00:00,448.5,0.0,31.7,16.0
2026-04-23 04:00:00+00:00,638.5,0.0,34.1,15.0
2026-04-23 05:00:00+00:00,787.0,0.0,36.5,14.0
2026-04-23 06:00:00+00:00,876.0,0.0,38.5,13.0
2026-04-23 07:00:00+00:00,897.5,0.0,40.0,12.0
2026-04-23 08:00:00+00:00,850.5,0.0,40.9,11.0
2026-04-23 09:00:00+00:00,739.5,0.0,41.2,11.0
2026-04-23 10:00:00+00:00,575.0,0.0,41.0,11.0
2026-04-23 11:00:00+00:00,377.5,0.0,40.4,11.0
2026-04-23 12:00:00+00:00,182.0,0.0,39.4,12.0
2026-04-23 13:00:00+00:00,46.5,0.0,38.3,14.0
2026-04-23 14:00:00+00:00,1.5,0.0,36.8,16.0
2026-04-23 15:00:00+00:00,0.0,0.0,35.1,18.0
2026-04-23 16:00:00+00:00,0.0,0.0,33.5,21.0
2026-04-23 17:00:00+00:00,0.0,0.0,32.5,21.0
2026-04-23 18:00:00+00:00,0.0,0.0,31.5,26.0
2026-04-23 19:00:00+00:00,0.0,0.0,30.3,27.0
2026-04-23 20:00:00+00:00,0.0,0.0,29.2,33.0
2026-04-23 21:00:00+00:00,0.0,0.0,29.3,29.0
2026-04-23 22:00:00+00:00,0.0,0.0,28.5,30.0
2026-04-23 23:00:00+00:00,0.0,0.0,28.3,30.0
2026-04-24 00:00:00+00:00,9.5,0.0,27.5,39.0
2026-04-24 01:00:00+00:00,82.5,0.0,28.4,31.0
2026-04-24 02:00:00+00:00,244.5,0.0,29.7,29.0
2026-04-24 03:00:00+00:00,443.5,0.0,31.9,27.0
2026-04-24 04:00:00+00:00,629.5,0.0,34.9,24.0
2026-04-24 05:00:00+00:00,775.5,10.0,37.7,20.0
2026-04-24 06:00:00+00:00,865.5,0.0,39.6,16.0
2026-04-24 07:00:00+00:00,878.5,12.0,41.4,13.0
2026-04-24 08:00:00+00:00,738.0,52.0,42.0,13.0
2026-04-24 09:00:00+00:00,591.0,74.0,41.6,13.0
2026-04-24 10:00:00+00:00,503.0,88.0,41.7,13.0
2026-04-24 11:00:00+00:00,342.5,70.0,41.2,13.0
2026-04-24 12:00:00+00:00,164.0,94.0,41.1,10.0
2026-04-24 13:00:00+00:00,42.5,64.0,39.5,12.0
2026-04-24 14:00:00+00:00,2.0,1.0,36.6,21.0
2026-04-24 15:00:00+00:00,0.0,0.0,36.0,23.0
2026-04-24 16:00:00+00:00,0.0,0.0,34.4,25.0
2026-04-24 17:00:00+00:00,0.0,0.0,33.5,21.0
2026-04-24 18:00:00+00:00,0.0,0.0,32.5,29.0
2026-04-24 19:00:00+00:00,0.0,0.0,31.8,32.0
2026-04-24 20:00:00+00:00,0.0,0.0,31.0,30.0
2026-04-24 21:00:00+00:00,0.0,0.0,30.2,29.0
2026-04-24 22:00:00+00:00,0.0,34.0,29.5,31.0
2026-04-24 23:00:00+00:00,0.0,0.0,29.1,33.0
2026-04-25 00:00:00+00:00,9.5,0.0,29.1,41.0
2026-04-25 01:00:00+00:00,83.0,0.0,29.9,37.0
2026-04-25 02:00:00+00:00,244.0,0.0,31.1,33.0
2026-04-25 03:00:00+00:00,441.5,0.0,32.9,30.0
2026-04-25 04:00:00+00:00,627.5,0.0,35.9,25.0
2026-04-25 05:00:00+00:00,773.5,0.0,38.9,20.0
2026-04-25 06:00:00+00:00,818.5,20.0,40.8,14.0
2026-04-25 07:00:00+00:00,749.0,29.0,41.9,13.0
2026-04-25 08:00:00+00:00,630.5,80.0,42.3,12.0
2026-04-25 09:00:00+00:00,539.0,95.0,42.1,13.0
2026-04-25 10:00:00+00:00,445.5,94.0,41.7,12.0
2026-04-25 11:00:00+00:00,280.5,99.0,41.5,13.0
2026-04-25 12:00:00+00:00,123.0,98.0,41.1,13.0
2026-04-25 13:00:00+00:00,34.0,100.0,39.4,14.0
2026-04-25 14:00:00+00:00,2.0,84.0,37.9,16.0
2026-04-25 15:00:00+00:00,0.0,9.0,36.6,17.0
2026-04-25 16:00:00+00:00,0.0,30.0,35.1,19.0
2026-04-25 17:00:00+00:00,0.0,99.0,33.7,22.0
2026-04-25 18:00:00+00:00,0.0,100.0,33.3,25.0
2026-04-25 19:00:00+00:00,0.0,88.0,32.7,26.0
2026-04-25 20:00:00+00:00,0.0,43.0,31.9,29.0
2026-04-25 21:00:00+00:00,0.0,0.0,31.1,31.0
2026-04-25 22:00:00+00:00,0.0,0.0,30.4,32.0
2026-04-25 23:00:00+00:00,0.0,0.0,29.6,33.0
2026-04-26 00:00:00+00:00,10.0,0.0,28.8,38.0
2026-04-26 01:00:00+00:00,83.0,0.0,29.3,36.0
2026-04-26 02:00:00+00:00,242.5,0.0,30.6,34.0
2026-04-26 03:00:00+00:00,438.0,0.0,33.2,30.0
2026-04-26 04:00:00+00:00,621.5,0.0,36.0,26.0
2026-04-26 05:00:00+00:00,765.5,0.0,38.3,21.0
2026-04-26 06:00:00+00:00,836.0,10.0,40.0,19.0
2026-04-26 07:00:00+00:00,815.5,46.0,41.0,17.0
2026-04-26 08:00:00+00:00,713.0,59.0,41.6,16.0
2026-04-26 09:00:00+00:00,530.0,78.0,41.2,15.0
2026-04-26 10:00:00+00:00,341.5,100.0,40.0,16.0
2026-04-26 11:00:00+00:00,237.5,95.0,39.5,17.0
2026-04-26 12:00:00+00:00,147.0,91.0,40.5,15.0
2026-04-26 13:00:00+00:00,44.0,52.0,39.2,16.0
2026-04-26 14:00:00+00:00,2.0,99.0,37.5,17.0
2026-04-26 15:00:00+00:00,0.0,9.0,36.5,18.0
2026-04-26 16:00:00+00:00,0.0,1.0,35.4,19.0
2026-04-26 17:00:00+00:00,0.0,0.0,34.5,20.0
2026-04-26 18:00:00+00:00,0.0,0.0,33.4,23.0
2026-04-26 19:00:00+00:00,0.0,0.0,31.7,26.0
2026-04-26 20:00:00+00:00,0.0,4.0,30.7,33.0
2026-04-26 21:00:00+00:00,0.0,77.0,30.1,33.0
2026-04-26 22:00:00+00:00,0.0,100.0,29.2,33.0
2026-04-26 23:00:00+00:00,0.0,71.0,28.6,36.0
2026-04-27 00:00:00+00:00,10.0,100.0,29.0,36.0
2026-04-27 01:00:00+00:00,83.5,97.0,29.9,31.0
2026-04-27 02:00:00+00:00,244.5,40.0,31.7,27.0
2026-04-27 03:00:00+00:00,441.5,0.0,34.1,23.0
2026-04-27 04:00:00+00:00,626.0,0.0,36.6,19.0
2026-04-27 05:00:00+00:00,770.5,0.0,38.8,15.0
2026-04-27 06:00:00+00:00,857.5,0.0,39.9,15.0
2026-04-27 07:00:00+00:00,877.5,10.0,41.3,14.0
2026-04-27 08:00:00+00:00,828.0,8.0,42.1,14.0
2026-04-27 09:00:00+00:00,705.0,13.0,42.2,14.0
2026-04-27 10:00:00+00:00,509.0,45.0,41.8,14.0
2026-04-27 11:00:00+00:00,311.0,98.0,41.2,13.0
2026-04-27 12:00:00+00:00,159.0,77.0,40.6,12.0
2026-04-27 13:00:00+00:00,47.0,100.0,39.6,13.0
2026-04-27 14:00:00+00:00,2.0,100.0,38.3,14.0
2026-04-27 15:00:00+00:00,0.0,100.0,38.0,14.0
2026-04-27 16:00:00+00:00,0.0,100.0,33.6,26.0
2026-04-27 17:00:00+00:00,0.0,100.0,33.2,27.0
2026-04-27 18:00:00+00:00,0.0,100.0,32.6,28.0
2026-04-27 19:00:00+00:00,0.0,100.0,31.5,32.0
2026-04-27 20:00:00+00:00,0.0,99.0,31.0,33.0
2026-04-27 21:00:00+00:00,0.0,98.0,30.5,35.0
2026-04-27 22:00:00+00:00,0.0,98.0,30.3,35.0
2026-04-27 23:00:00+00:00,0.0,100.0,30.5,33.0
2026-04-28 00:00:00+00:00,9.0,90.0,29.7,39.0
2026-04-28 01:00:00+00:00,68.5,73.0,30.1,39.0
2026-04-28 02:00:00+00:00,224.5,22.0,30.7,38.0
2026-04-28 03:00:00+00:00,430.0,11.0,32.5,35.0
2026-04-28 04:00:00+00:00,614.0,15.0,34.5,31.0
2026-04-28 05:00:00+00:00,760.0,8.0,36.4,26.0
2026-04-28 06:00:00+00:00,837.5,5.0,37.0,25.0
2026-04-28 07:00:00+00:00,778.0,74.0,36.1,27.0
2026-04-28 08:00:00+00:00,656.5,70.0,36.6,26.0
2026-04-28 09:00:00+00:00,531.0,70.0,37.1,24.0
2026-04-28 10:00:00+00:00,358.5,97.0,36.4,24.0
2026-04-28 11:00:00+00:00,219.5,98.0,35.3,26.0
2026-04-28 12:00:00+00:00,125.0,87.0,35.9,25.0
2026-04-28 13:00:00+00:00,40.0,25.0,35.2,25.0
2026-04-28 14:00:00+00:00,2.0,3.0,33.8,28.0
2026-04-28 15:00:00+00:00,0.0,7.0,33.0,30.0
2026-04-28 16:00:00+00:00,0.0,23.0,32.3,32.0
2026-04-28 17:00:00+00:00,0.0,12.0,30.8,40.0
2026-04-28 18:00:00+00:00,0.0,80.0,30.8,40.0
2026-04-28 19:00:00+00:00,0.0,55.0,30.4,49.0
2026-04-28 20:00:00+00:00,0.0,34.0,30.6,43.0
2026-04-28 21:00:00+00:00,0.0,37.0,29.2,44.0
2026-04-28 22:00:00+00:00,0.0,90.0,28.3,50.0
2026-04-28 23:00:00+00:00,0.0,98.0,28.0,50.0
2026-04-29 00:00:00+00:00,4.5,100.0,27.6,58.0
2026-04-29 01:00:00+00:00,38.5,100.0,27.0,58.0
2026-04-29 02:00:00+00:00,166.0,100.0,27.9,55.0
2026-04-29 03:00:00+00:00,267.5,99.0,30.3,45.0
2026-04-29 04:00:00+00:00,433.5,95.0,31.4,39.0
2026-04-29 05:00:00+00:00,710.5,88.0,34.1,29.0
2026-04-29 06:00:00+00:00,794.5,64.0,33.7,29.0
2026-04-29 07:00:00+00:00,788.0,36.0,35.3,24.0
2026-04-29 08:00:00+00:00,778.5,24.0,36.3,22.0
2026-04-29 09:00:00+00:00,636.0,33.0,37.0,21.0
2026-04-29 10:00:00+00:00,480.5,16.0,37.1,21.0
2026-04-29 11:00:00+00:00,342.5,34.0,37.1,21.0
2026-04-29 12:00:00+00:00,168.0,27.0,34.6,25.0
2026-04-29 13:00:00+00:00,45.0,9.0,33.8,27.0
2026-04-29 14:00:00+00:00,2.5,5.0,32.9,29.0
2026-04-29 15:00:00+00:00,0.0,1.0,31.9,31.0
2026-04-29 16:00:00+00:00,0.0,0.0,31.1,33.0
2026-04-29 17:00:00+00:00,0.0,0.0,30.2,36.0
2026-04-29 18:00:00+00:00,0.0,0.0,29.6,41.0
2026-04-29 19:00:00+00:00,0.0,0.0,28.5,48.0
2026-04-29 20:00:00+00:00,0.0,6.0,28.2,46.0
2026-04-29 21:00:00+00:00,0.0,0.0,27.8,50.0
2026-04-29 22:00:00+00:00,0.0,0.0,27.3,51.0
2026-04-29 23:00:00+00:00,0.0,0.0,26.9,51.0
2026-04-30 00:00:00+00:00,11.5,0.0,26.4,58.0
2026-04-30 01:00:00+00:00,87.5,0.0,27.6,51.0
2026-04-30 02:00:00+00:00,245.0,12.0,29.2,47.0
2026-04-30 03:00:00+00:00,434.5,9.0,32.0,40.0
2026-04-30 04:00:00+00:00,585.0,41.0,34.2,32.0
2026-04-30 05:00:00+00:00,722.5,9.0,35.5,28.0
2026-04-30 06:00:00+00:00,783.5,68.0,35.9,19.0
2026-04-30 07:00:00+00:00,731.5,52.0,37.7,17.0
2026-04-30 08:00:00+00:00,697.0,62.0,37.2,17.0
2026-04-30 09:00:00+00:00,634.0,70.0,35.2,26.0
2026-04-30 10:00:00+00:00,472.5,56.0,34.4,27.0
2026-04-30 11:00:00+00:00,307.0,22.0,34.5,23.0
2026-04-30 12:00:00+00:00,166.5,52.0,31.4,41.0
2026-04-30 13:00:00+00:00,46.5,13.0,30.0,45.0
2026-04-30 14:00:00+00:00,2.5,2.0,29.2,47.0
2026-04-30 15:00:00+00:00,0.0,15.0,28.5,51.0
2026-04-30 16:00:00+00:00,0.0,3.0,28.2,53.0
2026-04-30 17:00:00+00:00,0.0,2.0,27.8,55.0
2026-04-30 18:00:00+00:00,0.0,3.0,25.4,61.0
2026-04-30 19:00:00+00:00,0.0,0.0,24.6,63.0
2026-04-30 20:00:00+00:00,0.0,0.0,24.2,63.0
2026-04-30 21:00:00+00:00,0.0,0.0,23.8,64.0
2026-04-30 22:00:00+00:00,0.0,0.0,23.4,66.0
2026-04-30 23:00:00+00:00,0.0,0.0,23.1,69.0
2026-05-01 00:00:00+00:00,12.0,0.0,23.3,71.0
2026-05-01 01:00:00+00:00,88.5,0.0,23.5,71.0
2026-05-01 02:00:00+00:00,242.0,15.0,24.5,68.0
2026-05-01 03:00:00+00:00,431.5,2.0,26.1,64.0
2026-05-01 04:00:00+00:00,618.0,0.0,28.1,57.0
2026-05-01 05:00:00+00:00,762.0,0.0,30.0,51.0
2026-05-01 06:00:00+00:00,849.0,0.0,31.5,45.0
2026-05-01 07:00:00+00:00,871.0,0.0,33.4,39.0
2026-05-01 08:00:00+00:00,821.0,2.0,34.6,36.0
2026-05-01 09:00:00+00:00,691.5,19.0,35.6,32.0
2026-05-01 10:00:00+00:00,526.0,14.0,36.1,29.0
2026-05-01 11:00:00+00:00,353.5,16.0,36.6,25.0
2026-05-01 12:00:00+00:00,176.5,7.0,33.7,33.0
2026-05-01 13:00:00+00:00,49.0,38.0,33.0,34.0
2026-05-01 14:00:00+00:00,2.5,100.0,32.3,35.0
2026-05-01 15:00:00+00:00,0.0,2.0,31.6,37.0
2026-05-01 16:00:00+00:00,0.0,0.0,30.5,41.0
2026-05-01 17:00:00+00:00,0.0,0.0,29.5,44.0
2026-05-01 18:00:00+00:00,0.0,0.0,29.0,48.0
2026-05-01 19:00:00+00:00,0.0,0.0,28.5,49.0
2026-05-01 20:00:00+00:00,0.0,0.0,28.0,51.0
2026-05-01 21:00:00+00:00,0.0,0.0,27.4,53.0
2026-05-01 22:00:00+00:00,0.0,4.0,27.1,54.0
2026-05-01 23:00:00+00:00,0.0,13.0,26.9,52.0
2026-05-02 00:00:00+00:00,12.5,5.0,26.3,62.0
2026-05-02 01:00:00+00:00,86.5,32.0,27.0,60.0
2026-05-02 02:00:00+00:00,243.0,3.0,28.5,55.0
2026-05-02 03:00:00+00:00,436.0,5.0,30.6,49.0
2026-05-02 04:00:00+00:00,618.5,0.0,33.0,40.0
2026-05-02 05:00:00+00:00,760.5,0.0,34.7,35.0
2026-05-02 06:00:00+00:00,814.0,17.0,35.7,31.0
2026-05-02 07:00:00+00:00,773.5,27.0,36.1,30.0
2026-05-02 08:00:00+00:00,660.5,91.0,34.7,38.0
2026-05-02 09:00:00+00:00,557.0,43.0,33.5,38.0
2026-05-02 10:00:00+00:00,477.0,12.0,34.9,32.0
2026-05-02 11:00:00+00:00,337.5,23.0,35.4,30.0
2026-05-02 12:00:00+00:00,163.5,58.0,34.1,31.0
2026-05-02 13:00:00+00:00,40.5,14.0,34.0,31.0
2026-05-02 14:00:00+00:00,2.5,7.0,32.8,33.0
2026-05-02 15:00:00+00:00,0.0,1.0,32.1,36.0
2026-05-02 16:00:00+00:00,0.0,2.0,31.3,38.0
2026-05-02 17:00:00+00:00,0.0,4.0,30.5,39.0
2026-05-02 18:00:00+00:00,0.0,100.0,30.9,41.0
2026-05-02 19:00:00+00:00,0.0,2.0,30.0,42.0
2026-05-02 20:00:00+00:00,0.0,0.0,28.6,46.0
2026-05-02 21:00:00+00:00,0.0,0.0,28.0,47.0
2026-05-02 22:00:00+00:00,0.0,0.0,27.4,46.0
2026-05-02 23:00:00+00:00,0.0,0.0,26.4,49.0
2026-05-03 00:00:00+00:00,13.0,2.0,25.8,55.0
2026-05-03 01:00:00+00:00,91.5,0.0,25.8,56.0
2026-05-03 02:00:00+00:00,252.0,0.0,27.0,54.0
2026-05-03 03:00:00+00:00,444.0,0.0,29.4,50.0
2026-05-03 04:00:00+00:00,597.0,16.0,32.0,43.0
2026-05-03 05:00:00+00:00,720.0,9.0,34.1,38.0
2026-05-03 06:00:00+00:00,761.0,26.0,34.8,32.0
2026-05-03 07:00:00+00:00,601.5,99.0,34.6,31.0
2026-05-03 08:00:00+00:00,572.0,93.0,32.5,37.0
2026-05-03 09:00:00+00:00,638.0,26.0,33.3,39.0
2026-05-03 10:00:00+00:00,513.5,61.0,34.5,33.0
2026-05-03 11:00:00+00:00,342.5,13.0,33.4,36.0
2026-05-03 12:00:00+00:00,176.5,2.0,33.2,39.0
2026-05-03 13:00:00+00:00,50.5,9.0,32.5,44.0
2026-05-03 14:00:00+00:00,3.0,17.0,32.1,45.0
2026-05-03 15:00:00+00:00,0.0,36.0,31.2,47.0
2026-05-03 16:00:00+00:00,0.0,80.0,30.3,50.0
2026-05-03 17:00:00+00:00,0.0,71.0,29.4,53.0
2026-05-03 18:00:00+00:00,0.0,100.0,28.9,54.0
2026-05-03 19:00:00+00:00,0.0,100.0,26.4,60.0
2026-05-03 20:00:00+00:00,0.0,100.0,24.1,73.0
2026-05-03 21:00:00+00:00,0.0,100.0,23.0,77.0
2026-05-03 22:00:00+00:00,0.0,100.0,22.6,78.0
2026-05-03 23:00:00+00:00,0.0,100.0,22.8,72.0
2026-05-04 00:00:00+00:00,2.0,100.0,21.8,89.0
2026-05-04 01:00:00+00:00,18.0,100.0,21.1,95.0
2026-05-04 02:00:00+00:00,67.5,100.0,21.0,88.0
2026-05-04 03:00:00+00:00,208.0,100.0,22.2,77.0
2026-05-04 04:00:00+00:00,481.0,95.0,24.5,63.0
2026-05-04 05:00:00+00:00,735.0,0.0,26.2,57.0
2026-05-04 06:00:00+00:00,844.5,2.0,26.9,59.0
2026-05-04 07:00:00+00:00,864.0,2.0,28.0,54.0
2026-05-04 08:00:00+00:00,825.0,2.0,29.1,45.0
2026-05-04 09:00:00+00:00,663.0,77.0,29.8,40.0
2026-05-04 10:00:00+00:00,476.0,29.0,29.6,42.0
2026-05-04 11:00:00+00:00,333.0,20.0,29.6,43.0
2026-05-04 12:00:00+00:00,172.5,2.0,28.6,49.0
2026-05-04 13:00:00+00:00,50.5,3.0,27.8,55.0
2026-05-04 14:00:00+00:00,3.0,2.0,26.6,62.0
2026-05-04 15:00:00+00:00,0.0,7.0,26.1,62.0
2026-05-04 16:00:00+00:00,0.0,12.0,25.4,66.0
2026-05-04 17:00:00+00:00,0.0,3.0,24.9,70.0
2026-05-04 18:00:00+00:00,0.0,100.0,24.7,75.0
2026-05-04 19:00:00+00:00,0.0,100.0,24.0,79.0
2026-05-04 20:00:00+00:00,0.0,100.0,23.8,79.0
2026-05-04 21:00:00+00:00,0.0,100.0,23.6,84.0
2026-05-04 22:00:00+00:00,0.0,100.0,23.5,82.0
2026-05-04 23:00:00+00:00,0.0,60.0,22.7,85.0
2026-05-05 00:00:00+00:00,13.5,1.0,22.6,84.0
2026-05-05 01:00:00+00:00,92.0,1.0,22.9,83.0
2026-05-05 02:00:00+00:00,249.0,4.0,24.2,79.0
2026-05-05 03:00:00+00:00,395.5,73.0,25.9,73.0
2026-05-05 04:00:00+00:00,447.5,90.0,27.1,66.0
2026-05-05 05:00:00+00:00,578.0,37.0,27.9,62.0
2026-05-05 06:00:00+00:00,755.0,24.0,29.4,50.0
2026-05-05 07:00:00+00:00,725.0,44.0,27.4,57.0
2026-05-05 08:00:00+00:00,631.0,41.0,27.5,55.0
2026-05-05 09:00:00+00:00,516.5,48.0,29.5,47.0
2026-05-05 10:00:00+00:00,404.0,39.0,27.8,55.0
2026-05-05 11:00:00+00:00,301.0,28.0,27.6,57.0
2026-05-05 12:00:00+00:00,149.5,35.0,30.5,34.0
2026-05-05 13:00:00+00:00,44.0,18.0,29.2,46.0
2026-05-05 14:00:00+00:00,2.5,5.0,27.2,49.0
2026-05-05 15:00:00+00:00,0.0,0.0,26.0,58.0
2026-05-05 16:00:00+00:00,0.0,1.0,25.2,63.0
2026-05-05 17:00:00+00:00,0.0,0.0,24.5,71.0
2026-05-05 18:00:00+00:00,0.0,0.0,24.0,76.0
2026-05-05 19:00:00+00:00,0.0,0.0,23.7,79.0
2026-05-05 20:00:00+00:00,0.0,0.0,23.4,79.0
2026-05-05 21:00:00+00:00,0.0,0.0,23.0,80.0
2026-05-05 22:00:00+00:00,0.0,0.0,22.5,80.0
2026-05-05 23:00:00+00:00,0.0,0.0,21.9,83.0
2026-05-06 00:00:00+00:00,14.0,0.0,22.0,84.0
2026-05-06 01:00:00+00:00,93.0,0.0,23.2,78.0
2026-05-06 02:00:00+00:00,252.0,0.0,24.8,70.0
2026-05-06 03:00:00+00:00,443.0,0.0,27.0,58.0
2026-05-06 04:00:00+00:00,623.0,0.0,29.1,47.0
2026-05-06 05:00:00+00:00,764.5,0.0,30.9,36.0
2026-05-06 06:00:00+00:00,813.0,18.0,31.8,32.0
2026-05-06 07:00:00+00:00,812.0,21.0,32.9,28.0
2026-05-06 08:00:00+00:00,785.5,16.0,33.7,26.0
2026-05-06 09:00:00+00:00,681.5,16.0,34.3,23.0
2026-05-06 10:00:00+00:00,529.0,23.0,34.7,22.0
2026-05-06 11:00:00+00:00,348.0,23.0,34.5,22.0
2026-05-06 12:00:00+00:00,172.0,29.0,34.1,21.0
2026-05-06 13:00:00+00:00,49.5,8.0,33.5,22.0
2026-05-06 14:00:00+00:00,3.0,0.0,31.9,26.0
2026-05-06 15:00:00+00:00,0.0,2.0,30.4,30.0
2026-05-06 16:00:00+00:00,0.0,46.0,28.6,38.0
2026-05-06 17:00:00+00:00,0.0,12.0,27.7,39.0
2026-05-06 18:00:00+00:00,0.0,2.0,27.2,46.0
2026-05-06 19:00:00+00:00,0.0,20.0,26.8,46.0
2026-05-06 20:00:00+00:00,0.0,40.0,26.0,49.0
2026-05-06 21:00:00+00:00,0.0,50.0,25.4,49.0
2026-05-06 22:00:00+00:00,0.0,45.0,24.5,52.0
2026-05-06 23:00:00+00:00,0.0,43.0,23.0,60.0
2026-05-07 00:00:00+00:00,13.0,20.0,23.7,60.0
2026-05-07 01:00:00+00:00,84.0,27.0,24.3,58.0
2026-05-07 02:00:00+00:00,236.5,3.0,25.2,57.0
2026-05-07 03:00:00+00:00,397.0,0.0,26.9,54.0
2026-05-07 04:00:00+00:00,564.0,1.0,28.1,49.0
2026-05-07 05:00:00+00:00,739.0,0.0,29.9,43.0
2026-05-07 06:00:00+00:00,782.0,90.0,30.1,43.0
2026-05-07 07:00:00+00:00,649.0,84.0,29.6,45.0
2026-05-07 08:00:00+00:00,548.5,88.0,29.1,46.0
2026-05-07 09:00:00+00:00,513.5,97.0,29.9,42.0
2026-05-07 10:00:00+00:00,463.5,15.0,29.9,41.0
2026-05-07 11:00:00+00:00,357.5,1.0,29.9,41.0
2026-05-07 12:00:00+00:00,181.0,16.0,30.5,36.0
2026-05-07 13:00:00+00:00,52.0,18.0,29.5,39.0
2026-05-07 14:00:00+00:00,3.5,3.0,27.7,46.0
2026-05-07 15:00:00+00:00,0.0,2.0,26.5,53.0
2026-05-07 16:00:00+00:00,0.0,1.0,25.7,60.0
2026-05-07 17:00:00+00:00,0.0,0.0,25.1,63.0
2026-05-07 18:00:00+00:00,0.0,0.0,24.8,68.0
2026-05-07 19:00:00+00:00,0.0,2.0,24.0,73.0
2026-05-07 20:00:00+00:00,0.0,0.0,23.5,76.0
2026-05-07 21:00:00+00:00,0.0,0.0,23.0,79.0
2026-05-07 22:00:00+00:00,0.0,2.0,22.5,84.0
2026-05-07 23:00:00+00:00,0.0,24.0,22.1,86.0
2026-05-08 00:00:00+00:00,14.0,13.0,22.2,87.0
2026-05-08 01:00:00+00:00,90.5,4.0,22.7,84.0
2026-05-08 02:00:00+00:00,248.5,0.0,24.2,76.0
2026-05-08 03:00:00+00:00,439.0,0.0,26.4,64.0
2026-05-08 04:00:00+00:00,615.5,0.0,28.7,54.0
2026-05-08 05:00:00+00:00,753.5,0.0,30.6,45.0
2026-05-08 06:00:00+00:00,836.5,0.0,32.0,38.0
2026-05-08 07:00:00+00:00,856.5,0.0,33.2,34.0
2026-05-08 08:00:00+00:00,809.0,5.0,34.0,31.0
2026-05-08 09:00:00+00:00,679.0,42.0,34.4,30.0
2026-05-08 10:00:00+00:00,495.0,43.0,34.3,30.0
2026-05-08 11:00:00+00:00,271.0,99.0,31.1,40.0
2026-05-08 12:00:00+00:00,117.0,27.0,32.7,32.0
2026-05-08 13:00:00+00:00,49.5,31.0,31.7,34.0
2026-05-08 14:00:00+00:00,3.5,3.0,30.6,38.0
2026-05-08 15:00:00+00:00,0.0,0.0,29.7,41.0
2026-05-08 16:00:00+00:00,0.0,0.0,28.7,45.0
2026-05-08 17:00:00+00:00,0.0,0.0,28.0,48.0
2026-05-08 18:00:00+00:00,0.0,0.0,27.5,52.0
2026-05-08 19:00:00+00:00,0.0,0.0,27.3,53.0
2026-05-08 20:00:00+00:00,0.0,0.0,26.6,57.0
2026-05-08 21:00:00+00:00,0.0,0.0,25.9,59.0
2026-05-08 22:00:00+00:00,0.0,0.0,25.3,61.0
2026-05-08 23:00:00+00:00,0.0,0.0,24.8,63.0
2026-05-09 00:00:00+00:00,15.0,0.0,24.8,68.0
2026-05-09 01:00:00+00:00,94.5,0.0,25.3,65.0
2026-05-09 02:00:00+00:00,250.5,0.0,26.6,59.0
2026-05-09 03:00:00+00:00,435.5,0.0,28.7,52.0
2026-05-09 04:00:00+00:00,609.5,0.0,30.8,45.0
2026-05-09 05:00:00+00:00,745.5,0.0,32.6,38.0
2026-05-09 06:00:00+00:00,821.5,3.0,33.5,34.0
2026-05-09 07:00:00+00:00,829.5,5.0,34.7,32.0
2026-05-09 08:00:00+00:00,772.5,6.0,35.3,30.0
2026-05-09 09:00:00+00:00,662.0,13.0,35.5,29.0
2026-05-09 10:00:00+00:00,495.5,32.0,35.5,28.0
2026-05-09 11:00:00+00:00,305.0,93.0,35.3,28.0
2026-05-09 12:00:00+00:00,155.0,6.0,34.5,30.0
2026-05-09 13:00:00+00:00,51.0,7.0,33.4,33.0
2026-05-09 14:00:00+00:00,3.5,1.0,32.2,37.0
2026-05-09 15:00:00+00:00,0.0,0.0,31.0,43.0
2026-05-09 16:00:00+00:00,0.0,0.0,30.0,48.0
2026-05-09 17:00:00+00:00,0.0,0.0,29.2,50.0
2026-05-09 18:00:00+00:00,0.0,0.0,28.8,54.0
2026-05-09 19:00:00+00:00,0.0,0.0,28.3,56.0
2026-05-09 20:00:00+00:00,0.0,0.0,27.7,58.0
2026-05-09 21:00:00+00:00,0.0,0.0,27.2,59.0
2026-05-09 22:00:00+00:00,0.0,0.0,26.9,59.0
2026-05-09 23:00:00+00:00,0.0,0.0,26.5,59.0
2026-05-10 00:00:00+00:00,15.5,0.0,26.3,63.0
2026-05-10 01:00:00+00:00,95.5,0.0,26.9,60.0
2026-05-10 02:00:00+00:00,252.0,0.0,28.1,55.0
2026-05-10 03:00:00+00:00,438.0,0.0,30.2,49.0
2026-05-10 04:00:00+00:00,612.5,0.0,32.4,40.0
2026-05-10 05:00:00+00:00,750.0,0.0,33.8,35.0
2026-05-10 06:00:00+00:00,821.5,34.0,34.8,34.0
2026-05-10 07:00:00+00:00,820.0,65.0,35.8,31.0
2026-05-10 08:00:00+00:00,760.0,71.0,36.7,28.0
2026-05-10 09:00:00+00:00,635.0,75.0,37.2,26.0
2026-05-10 10:00:00+00:00,484.0,70.0,37.3,24.0
2026-05-10 11:00:00+00:00,332.0,62.0,36.9,26.0
2026-05-10 12:00:00+00:00,171.0,27.0,35.4,29.0
2026-05-10 13:00:00+00:00,50.0,27.0,34.1,32.0
2026-05-10 14:00:00+00:00,4.0,35.0,32.5,37.0
2026-05-10 15:00:00+00:00,0.0,0.0,31.6,39.0
2026-05-10 16:00:00+00:00,0.0,0.0,30.8,41.0
2026-05-10 17:00:00+00:00,0.0,0.0,30.0,43.0
2026-05-10 18:00:00+00:00,0.0,0.0,29.9,46.0
2026-05-10 19:00:00+00:00,0.0,11.0,29.8,47.0
2026-05-10 20:00:00+00:00,0.0,99.0,29.3,49.0
2026-05-10 21:00:00+00:00,0.0,99.0,28.7,51.0
2026-05-10 22:00:00+00:00,0.0,100.0,28.2,52.0
2026-05-10 23:00:00+00:00,0.0,84.0,27.8,53.0
2026-05-11 00:00:00+00:00,15.5,1.0,27.3,57.0
2026-05-11 01:00:00+00:00,94.5,7.0,27.8,56.0
2026-05-11 02:00:00+00:00,248.5,2.0,29.0,52.0
2026-05-11 03:00:00+00:00,431.5,14.0,30.9,47.0
2026-05-11 04:00:00+00:00,582.0,96.0,33.1,40.0
2026-05-11 05:00:00+00:00,677.5,97.0,34.7,35.0
2026-05-11 06:00:00+00:00,569.0,100.0,34.4,34.0
2026-05-11 07:00:00+00:00,513.0,100.0,35.2,33.0
2026-05-11 08:00:00+00:00,666.5,30.0,36.1,31.0
2026-05-11 09:00:00+00:00,677.5,2.0,37.0,29.0
2026-05-11 10:00:00+00:00,538.5,2.0,37.4,28.0
2026-05-11 11:00:00+00:00,333.5,78.0,37.7,27.0
2026-05-11 12:00:00+00:00,147.0,79.0,36.7,30.0
2026-05-11 13:00:00+00:00,43.5,52.0,36.3,31.0
2026-05-11 14:00:00+00:00,4.0,23.0,35.1,33.0
2026-05-11 15:00:00+00:00,0.0,2.0,33.9,37.0
2026-05-11 16:00:00+00:00,0.0,0.0,32.6,42.0
2026-05-11 17:00:00+00:00,0.0,0.0,31.6,45.0
2026-05-11 18:00:00+00:00,0.0,1.0,30.9,49.0
2026-05-11 19:00:00+00:00,0.0,69.0,30.3,51.0
2026-05-11 20:00:00+00:00,0.0,97.0,29.9,51.0
2026-05-11 21:00:00+00:00,0.0,78.0,29.5,51.0
2026-05-11 22:00:00+00:00,0.0,98.0,29.1,52.0
2026-05-11 23:00:00+00:00,0.0,97.0,28.8,53.0
2026-05-12 00:00:00+00:00,15.5,81.0,28.1,61.0
2026-05-12 01:00:00+00:00,92.5,73.0,28.5,59.0
2026-05-12 02:00:00+00:00,237.0,95.0,29.7,54.0
2026-05-12 03:00:00+00:00,423.0,6.0,31.6,46.0
2026-05-12 04:00:00+00:00,504.5,48.0,31.3,50.0
2026-05-12 05:00:00+00:00,648.0,0.0,27.9,68.0
2026-05-12 06:00:00+00:00,834.5,6.0,37.1,30.0
2026-05-12 07:00:00+00:00,849.0,2.0,38.1,28.0
2026-05-12 08:00:00+00:00,800.0,14.0,38.6,27.0
2026-05-12 09:00:00+00:00,652.0,52.0,38.8,26.0
2026-05-12 10:00:00+00:00,479.5,55.0,38.0,27.0
2026-05-12 11:00:00+00:00,318.0,59.0,36.9,30.0
2026-05-12 12:00:00+00:00,162.0,31.0,35.6,34.0
2026-05-12 13:00:00+00:00,54.5,77.0,34.2,38.0
2026-05-12 14:00:00+00:00,4.0,47.0,33.0,43.0
2026-05-12 15:00:00+00:00,0.0,84.0,32.0,49.0
2026-05-12 16:00:00+00:00,0.0,100.0,31.1,53.0
2026-05-12 17:00:00+00:00,0.0,9.0,30.4,55.0
2026-05-12 18:00:00+00:00,0.0,9.0,30.0,57.0
2026-05-12 19:00:00+00:00,0.0,0.0,29.2,59.0
2026-05-12 20:00:00+00:00,0.0,0.0,28.2,61.0
2026-05-12 21:00:00+00:00,0.0,0.0,27.5,63.0
2026-05-12 22:00:00+00:00,0.0,0.0,27.0,64.0
2026-05-12 23:00:00+00:00,0.0,0.0,26.8,65.0
2026-05-13 00:00:00+00:00,17.5,0.0,26.7,69.0
2026-05-13 01:00:00+00:00,103.5,0.0,26.8,70.0
2026-05-13 02:00:00+00:00,265.5,0.0,28.2,65.0
2026-05-13 03:00:00+00:00,453.0,2.0,30.4,58.0
2026-05-13 04:00:00+00:00,629.0,11.0,32.7,49.0
2026-05-13 05:00:00+00:00,769.0,0.0,35.1,41.0
2026-05-13 06:00:00+00:00,829.5,45.0,36.1,33.0
2026-05-13 07:00:00+00:00,850.0,1.0,36.7,32.0
2026-05-13 08:00:00+00:00,819.5,15.0,37.7,29.0
2026-05-13 09:00:00+00:00,713.5,9.0,38.3,27.0
2026-05-13 10:00:00+00:00,564.5,20.0,38.7,25.0
2026-05-13 11:00:00+00:00,343.0,83.0,39.1,23.0
2026-05-13 12:00:00+00:00,160.0,5.0,37.8,31.0
2026-05-13 13:00:00+00:00,58.0,9.0,36.4,35.0
2026-05-13 14:00:00+00:00,4.5,31.0,35.4,39.0
2026-05-13 15:00:00+00:00,0.0,56.0,34.7,46.0
2026-05-13 16:00:00+00:00,0.0,77.0,34.0,47.0
2026-05-13 17:00:00+00:00,0.0,97.0,33.5,49.0
2026-05-13 18:00:00+00:00,0.0,59.0,29.0,58.0
2026-05-13 19:00:00+00:00,0.0,46.0,28.1,59.0
2026-05-13 20:00:00+00:00,0.0,60.0,27.8,56.0
2026-05-13 21:00:00+00:00,0.0,75.0,27.6,61.0
2026-05-13 22:00:00+00:00,0.0,96.0,27.5,58.0
2026-05-13 23:00:00+00:00,0.0,95.0,27.2,57.0
2026-05-14 00:00:00+00:00,16.5,95.0,25.9,68.0
2026-05-14 01:00:00+00:00,103.5,51.0,26.3,64.0
2026-05-14 02:00:00+00:00,269.5,13.0,28.2,53.0
2026-05-14 03:00:00+00:00,461.0,4.0,31.0,43.0
2026-05-14 04:00:00+00:00,639.5,1.0,33.8,34.0
2026-05-14 05:00:00+00:00,772.0,11.0,36.0,28.0
2026-05-14 06:00:00+00:00,850.5,30.0,37.6,24.0
2026-05-14 07:00:00+00:00,833.0,64.0,38.7,22.0
2026-05-14 08:00:00+00:00,727.5,54.0,39.3,21.0
2026-05-14 09:00:00+00:00,654.5,11.0,39.0,20.0
2026-05-14 10:00:00+00:00,548.5,20.0,39.4,18.0
2026-05-14 11:00:00+00:00,364.5,14.0,39.1,18.0
2026-05-14 12:00:00+00:00,190.0,7.0,38.5,24.0
2026-05-14 13:00:00+00:00,58.0,8.0,37.2,27.0
2026-05-14 14:00:00+00:00,4.5,6.0,35.6,33.0
2026-05-14 15:00:00+00:00,0.0,70.0,34.7,37.0
2026-05-14 16:00:00+00:00,0.0,98.0,34.1,38.0
2026-05-14 17:00:00+00:00,0.0,98.0,33.4,41.0
2026-05-14 18:00:00+00:00,0.0,100.0,32.6,45.0
2026-05-14 19:00:00+00:00,0.0,100.0,31.4,39.0
2026-05-14 20:00:00+00:00,0.0,99.0,30.0,49.0
2026-05-14 21:00:00+00:00,0.0,63.0,29.8,50.0
2026-05-14 22:00:00+00:00,0.0,92.0,29.1,48.0
2026-05-14 23:00:00+00:00,0.0,7.0,28.6,49.0
2026-05-15 00:00:00+00:00,11.0,80.0,29.4,45.0
2026-05-15 01:00:00+00:00,98.0,2.0,29.5,45.0
2026-05-15 02:00:00+00:00,268.5,0.0,31.0,40.0
2026-05-15 03:00:00+00:00,458.5,0.0,33.0,33.0
2026-05-15 04:00:00+00:00,634.5,0.0,35.1,26.0
2026-05-15 05:00:00+00:00,771.5,0.0,36.7,23.0
2026-05-15 06:00:00+00:00,848.5,5.0,38.1,21.0
2026-05-15 07:00:00+00:00,804.0,25.0,39.1,18.0
2026-05-15 08:00:00+00:00,750.0,9.0,39.4,17.0
2026-05-15 09:00:00+00:00,700.5,12.0,40.0,16.0
2026-05-15 10:00:00+00:00,555.0,27.0,39.9,15.0
2026-05-15 11:00:00+00:00,374.5,16.0,39.0,16.0
2026-05-15 12:00:00+00:00,191.5,16.0,38.6,18.0
2026-05-15 13:00:00+00:00,57.0,2.0,37.4,19.0
2026-05-15 14:00:00+00:00,5.0,1.0,36.1,23.0
2026-05-15 15:00:00+00:00,0.0,0.0,34.8,29.0
2026-05-15 16:00:00+00:00,0.0,0.0,33.7,34.0
2026-05-15 17:00:00+00:00,0.0,0.0,33.3,33.0
2026-05-15 18:00:00+00:00,0.0,0.0,32.6,39.0
2026-05-15 19:00:00+00:00,0.0,0.0,31.5,44.0
2026-05-15 20:00:00+00:00,0.0,0.0,31.0,44.0
2026-05-15 21:00:00+00:00,0.0,0.0,30.3,43.0
2026-05-15 22:00:00+00:00,0.0,0.0,29.6,43.0
2026-05-15 23:00:00+00:00,0.0,0.0,29.1,43.0
2026-05-16 00:00:00+00:00,18.5,0.0,29.0,47.0
2026-05-16 01:00:00+00:00,106.0,0.0,29.7,44.0
2026-05-16 02:00:00+00:00,269.0,0.0,30.9,40.0
2026-05-16 03:00:00+00:00,457.5,15.0,32.6,36.0
2026-05-16 04:00:00+00:00,634.0,0.0,34.6,31.0
2026-05-16 05:00:00+00:00,772.0,0.0,36.5,27.0
2026-05-16 06:00:00+00:00,841.0,3.0,39.2,20.0
2026-05-16 07:00:00+00:00,819.5,18.0,40.3,16.0
2026-05-16 08:00:00+00:00,772.0,9.0,40.3,15.0
2026-05-16 09:00:00+00:00,690.5,19.0,40.4,15.0
2026-05-16 10:00:00+00:00,549.0,4.0,40.0,16.0
2026-05-16 11:00:00+00:00,380.0,2.0,39.4,16.0
2026-05-16 12:00:00+00:00,196.5,23.0,39.7,15.0
2026-05-16 13:00:00+00:00,59.5,4.0,38.6,17.0
2026-05-16 14:00:00+00:00,5.0,2.0,37.3,19.0
2026-05-16 15:00:00+00:00,0.0,1.0,36.7,20.0
2026-05-16 16:00:00+00:00,0.0,1.0,35.7,22.0
2026-05-16 17:00:00+00:00,0.0,0.0,34.4,25.0
2026-05-16 18:00:00+00:00,0.0,0.0,34.1,28.0
2026-05-16 19:00:00+00:00,0.0,0.0,32.8,31.0
2026-05-16 20:00:00+00:00,0.0,0.0,32.1,32.0
2026-05-16 21:00:00+00:00,0.0,0.0,31.4,33.0
2026-05-16 22:00:00+00:00,0.0,0.0,30.7,35.0
2026-05-16 23:00:00+00:00,0.0,0.0,29.9,37.0
2026-05-17 00:00:00+00:00,19.0,0.0,30.1,38.0
2026-05-17 01:00:00+00:00,107.5,0.0,30.4,38.0
2026-05-17 02:00:00+00:00,270.0,0.0,31.6,36.0
2026-05-17 03:00:00+00:00,457.0,0.0,33.5,33.0
2026-05-17 04:00:00+00:00,631.0,0.0,35.9,28.0
2026-05-17 05:00:00+00:00,767.0,0.0,37.8,24.0
2026-05-17 06:00:00+00:00,848.0,0.0,40.1,21.0
2026-05-17 07:00:00+00:00,846.5,30.0,40.8,20.0
2026-05-17 08:00:00+00:00,792.0,4.0,41.0,20.0
2026-05-17 09:00:00+00:00,702.5,1.0,41.2,20.0
2026-05-17 10:00:00+00:00,531.5,16.0,41.3,20.0
2026-05-17 11:00:00+00:00,338.0,29.0,40.6,19.0
2026-05-17 12:00:00+00:00,178.5,14.0,40.9,16.0
2026-05-17 13:00:00+00:00,56.5,2.0,40.1,17.0
2026-05-17 14:00:00+00:00,5.0,1.0,39.3,19.0
2026-05-17 15:00:00+00:00,0.0,0.0,38.2,21.0
2026-05-17 16:00:00+00:00,0.0,0.0,37.2,22.0
2026-05-17 17:00:00+00:00,0.0,0.0,36.1,23.0
2026-05-17 18:00:00+00:00,0.0,0.0,35.7,24.0
2026-05-17 19:00:00+00:00,0.0,0.0,34.3,25.0
2026-05-17 20:00:00+00:00,0.0,0.0,33.2,27.0
2026-05-17 21:00:00+00:00,0.0,0.0,32.2,29.0
2026-05-17 22:00:00+00:00,0.0,0.0,31.1,32.0
2026-05-17 23:00:00+00:00,0.0,0.0,30.2,35.0
2026-05-18 00:00:00+00:00,20.0,0.0,30.0,40.0
2026-05-18 01:00:00+00:00,111.5,0.0,30.1,41.0
2026-05-18 02:00:00+00:00,278.5,0.0,31.5,40.0
2026-05-18 03:00:00+00:00,469.5,0.0,33.6,37.0
2026-05-18 04:00:00+00:00,646.0,0.0,35.8,33.0
2026-05-18 05:00:00+00:00,782.0,0.0,37.9,27.0
2026-05-18 06:00:00+00:00,861.0,0.0,40.1,23.0
2026-05-18 07:00:00+00:00,878.0,0.0,41.2,21.0
2026-05-18 08:00:00+00:00,827.5,5.0,41.8,21.0
2026-05-18 09:00:00+00:00,700.0,17.0,42.3,20.0
2026-05-18 10:00:00+00:00,526.0,27.0,42.5,20.0
2026-05-18 11:00:00+00:00,355.0,28.0,42.8,17.0
2026-05-18 12:00:00+00:00,193.0,2.0,43.3,14.0
2026-05-18 13:00:00+00:00,61.5,1.0,42.4,15.0
2026-05-18 14:00:00+00:00,5.5,1.0,40.8,17.0
2026-05-18 15:00:00+00:00,0.0,0.0,39.3,18.0
2026-05-18 16:00:00+00:00,0.0,0.0,38.2,18.0
2026-05-18 17:00:00+00:00,0.0,0.0,38.0,18.0
2026-05-18 18:00:00+00:00,0.0,0.0,37.8,19.0
2026-05-18 19:00:00+00:00,0.0,0.0,35.2,23.0
2026-05-18 20:00:00+00:00,0.0,0.0,33.8,26.0
2026-05-18 21:00:00+00:00,0.0,0.0,32.8,28.0
2026-05-18 22:00:00+00:00,0.0,0.0,31.8,29.0
2026-05-18 23:00:00+00:00,0.0,0.0,31.1,30.0
2026-05-19 00:00:00+00:00,20.0,0.0,31.6,30.0
2026-05-19 01:00:00+00:00,111.0,0.0,31.8,29.0
2026-05-19 02:00:00+00:00,278.0,0.0,33.5,27.0
2026-05-19 03:00:00+00:00,470.0,0.0,35.8,23.0
2026-05-19 04:00:00+00:00,648.5,0.0,38.6,19.0
2026-05-19 05:00:00+00:00,788.5,0.0,41.0,13.0
2026-05-19 06:00:00+00:00,873.0,0.0,43.3,11.0
2026-05-19 07:00:00+00:00,894.0,0.0,44.0,10.0
2026-05-19 08:00:00+00:00,848.5,0.0,44.4,9.0
2026-05-19 09:00:00+00:00,740.0,0.0,44.4,10.0
2026-05-19 10:00:00+00:00,581.0,0.0,44.1,11.0
2026-05-19 11:00:00+00:00,393.0,0.0,43.3,11.0
2026-05-19 12:00:00+00:00,205.5,0.0,43.3,11.0
2026-05-19 13:00:00+00:00,64.0,0.0,42.0,12.0
2026-05-19 14:00:00+00:00,6.0,0.0,40.3,15.0
2026-05-19 15:00:00+00:00,0.0,0.0,39.1,16.0
2026-05-19 16:00:00+00:00,0.0,0.0,38.4,16.0
2026-05-19 17:00:00+00:00,0.0,0.0,38.3,15.0
2026-05-19 18:00:00+00:00,0.0,0.0,36.4,19.0
2026-05-19 19:00:00+00:00,0.0,0.0,35.1,22.0
2026-05-19 20:00:00+00:00,0.0,0.0,33.9,23.0
2026-05-19 21:00:00+00:00,0.0,0.0,33.1,24.0
2026-05-19 22:00:00+00:00,0.0,0.0,32.6,23.0
2026-05-19 23:00:00+00:00,0.0,0.0,32.1,23.0
2026-05-20 00:00:00+00:00,20.5,0.0,32.4,24.0
2026-05-20 01:00:00+00:00,112.5,0.0,32.2,26.0
2026-05-20 02:00:00+00:00,279.5,0.0,33.5,26.0
2026-05-20 03:00:00+00:00,471.0,0.0,35.6,25.0
2026-05-20 04:00:00+00:00,648.0,0.0,37.9,24.0
2026-05-20 05:00:00+00:00,783.5,0.0,40.1,22.0
2026-05-20 06:00:00+00:00,796.0,30.0,42.2,18.0
2026-05-20 07:00:00+00:00,755.0,30.0,42.7,16.0
2026-05-20 08:00:00+00:00,756.0,26.0,43.3,14.0
2026-05-20 09:00:00+00:00,699.5,9.0,43.6,14.0
2026-05-20 10:00:00+00:00,564.0,0.0,43.4,14.0
2026-05-20 11:00:00+00:00,388.5,0.0,43.0,14.0
2026-05-20 12:00:00+00:00,204.0,0.0,43.2,13.0
2026-05-20 13:00:00+00:00,64.0,0.0,41.7,15.0
2026-05-20 14:00:00+00:00,6.0,0.0,40.1,18.0
2026-05-20 15:00:00+00:00,0.0,0.0,38.9,20.0
2026-05-20 16:00:00+00:00,0.0,0.0,38.1,20.0
2026-05-20 17:00:00+00:00,0.0,0.0,36.0,23.0
2026-05-20 18:00:00+00:00,0.0,0.0,35.8,22.0
2026-05-20 19:00:00+00:00,0.0,0.0,34.8,23.0
2026-05-20 20:00:00+00:00,0.0,0.0,34.0,24.0
2026-05-20 21:00:00+00:00,0.0,0.0,33.7,25.0
2026-05-20 22:00:00+00:00,0.0,0.0,33.5,27.0
2026-05-20 23:00:00+00:00,0.0,0.0,33.2,29.0
2026-05-21 00:00:00+00:00,20.5,0.0,33.8,32.0
2026-05-21 01:00:00+00:00,111.5,0.0,33.8,34.0
2026-05-21 02:00:00+00:00,276.5,0.0,34.6,33.0
2026-05-21 03:00:00+00:00,466.5,0.0,36.3,27.0
2026-05-21 04:00:00+00:00,643.5,0.0,37.8,25.0
2026-05-21 05:00:00+00:00,781.5,3.0,39.3,22.0
2026-05-21 06:00:00+00:00,857.5,48.0,40.7,19.0
2026-05-21 07:00:00+00:00,873.0,33.0,41.5,18.0
2026-05-21 08:00:00+00:00,833.0,17.0,42.2,17.0
2026-05-21 09:00:00+00:00,728.5,38.0,42.6,16.0
2026-05-21 10:00:00+00:00,573.0,14.0,42.5,16.0
2026-05-21 11:00:00+00:00,389.5,0.0,42.3,16.0
2026-05-21 12:00:00+00:00,205.0,2.0,42.8,14.0
2026-05-21 13:00:00+00:00,64.5,2.0,41.4,15.0
2026-05-21 14:00:00+00:00,6.0,0.0,39.7,16.0
2026-05-21 15:00:00+00:00,0.0,0.0,38.1,17.0
2026-05-21 16:00:00+00:00,0.0,0.0,37.0,20.0
2026-05-21 17:00:00+00:00,0.0,0.0,36.6,19.0
2026-05-21 18:00:00+00:00,0.0,0.0,36.4,19.0
2026-05-21 19:00:00+00:00,0.0,0.0,35.6,18.0
2026-05-21 20:00:00+00:00,0.0,0.0,34.3,19.0
2026-05-21 21:00:00+00:00,0.0,0.0,33.4,19.0
2026-05-21 22:00:00+00:00,0.0,0.0,32.8,20.0
2026-05-21 23:00:00+00:00,0.0,0.0,32.3,22.0
2026-05-22 00:00:00+00:00,21.0,0.0,32.1,24.0
2026-05-22 01:00:00+00:00,113.0,0.0,32.0,27.0
2026-05-22 02:00:00+00:00,280.0,0.0,33.2,27.0
2026-05-22 03:00:00+00:00,472.0,0.0,35.0,24.0
2026-05-22 04:00:00+00:00,649.0,0.0,36.8,23.0
2026-05-22 05:00:00+00:00,787.5,0.0,38.6,22.0
2026-05-22 06:00:00+00:00,871.5,0.0,40.8,18.0
2026-05-22 07:00:00+00:00,889.0,0.0,41.6,16.0
2026-05-22 08:00:00+00:00,838.0,0.0,41.9,15.0
2026-05-22 09:00:00+00:00,725.0,8.0,42.0,15.0
2026-05-22 10:00:00+00:00,554.0,21.0,42.0,14.0
2026-05-22 11:00:00+00:00,373.0,6.0,41.5,15.0
2026-05-22 12:00:00+00:00,195.0,14.0,42.0,12.0
2026-05-22 13:00:00+00:00,55.0,20.0,41.0,13.0
2026-05-22 14:00:00+00:00,6.0,1.0,39.2,18.0
2026-05-22 15:00:00+00:00,0.0,1.0,37.7,22.0
2026-05-22 16:00:00+00:00,0.0,0.0,36.9,22.0
2026-05-22 17:00:00+00:00,0.0,0.0,36.5,21.0
2026-05-22 18:00:00+00:00,0.0,0.0,36.1,22.0
2026-05-22 19:00:00+00:00,0.0,2.0,34.8,24.0
2026-05-22 20:00:00+00:00,0.0,1.0,33.9,26.0
2026-05-22 21:00:00+00:00,0.0,0.0,33.4,27.0
2026-05-22 22:00:00+00:00,0.0,0.0,32.4,30.0
2026-05-22 23:00:00+00:00,0.0,0.0,31.7,31.0
2026-05-23 00:00:00+00:00,20.5,5.0,31.6,35.0
2026-05-23 01:00:00+00:00,108.5,4.0,31.7,36.0
2026-05-23 02:00:00+00:00,271.5,3.0,33.2,34.0
2026-05-23 03:00:00+00:00,462.0,1.0,35.7,29.0
2026-05-23 04:00:00+00:00,638.5,1.0,38.0,24.0
2026-05-23 05:00:00+00:00,743.0,17.0,39.6,20.0
2026-05-23 06:00:00+00:00,748.0,40.0,41.0,16.0
2026-05-23 07:00:00+00:00,707.0,46.0,40.7,15.0
2026-05-23 08:00:00+00:00,710.5,29.0,39.8,18.0
2026-05-23 09:00:00+00:00,686.0,4.0,40.4,17.0
2026-05-23 10:00:00+00:00,566.0,2.0,41.3,13.0
2026-05-23 11:00:00+00:00,396.5,3.0,41.2,12.0
2026-05-23 12:00:00+00:00,207.5,2.0,40.7,16.0
2026-05-23 13:00:00+00:00,66.0,0.0,39.8,15.0
2026-05-23 14:00:00+00:00,6.5,0.0,38.0,19.0
2026-05-23 15:00:00+00:00,0.0,0.0,37.3,18.0
2026-05-23 16:00:00+00:00,0.0,0.0,36.1,19.0
2026-05-23 17:00:00+00:00,0.0,0.0,34.9,20.0
2026-05-23 18:00:00+00:00,0.0,0.0,34.7,23.0
2026-05-23 19:00:00+00:00,0.0,0.0,33.4,25.0
2026-05-23 20:00:00+00:00,0.0,0.0,33.0,24.0
2026-05-23 21:00:00+00:00,0.0,0.0,31.9,25.0
2026-05-23 22:00:00+00:00,0.0,0.0,30.8,29.0
2026-05-23 23:00:00+00:00,0.0,0.0,30.0,31.0
2026-05-24 00:00:00+00:00,21.5,0.0,30.2,33.0
2026-05-24 01:00:00+00:00,114.5,0.0,30.1,34.0
2026-05-24 02:00:00+00:00,279.5,5.0,31.7,33.0
2026-05-24 03:00:00+00:00,469.0,0.0,34.0,29.0
2026-05-24 04:00:00+00:00,647.0,0.0,36.8,25.0
2026-05-24 05:00:00+00:00,786.0,0.0,39.1,19.0
2026-05-24 06:00:00+00:00,859.5,5.0,41.3,17.0
2026-05-24 07:00:00+00:00,790.0,33.0,42.2,14.0
2026-05-24 08:00:00+00:00,705.0,22.0,41.9,15.0
2026-05-24 09:00:00+00:00,666.5,8.0,41.9,15.0
2026-05-24 10:00:00+00:00,541.5,9.0,42.0,15.0
2026-05-24 11:00:00+00:00,364.0,16.0,41.7,15.0
2026-05-24 12:00:00+00:00,191.5,11.0,42.3,12.0
2026-05-24 13:00:00+00:00,62.0,5.0,41.2,15.0
2026-05-24 14:00:00+00:00,6.5,0.0,39.7,17.0
2026-05-24 15:00:00+00:00,0.0,4.0,38.3,17.0
2026-05-24 16:00:00+00:00,0.0,29.0,37.2,20.0
2026-05-24 17:00:00+00:00,0.0,0.0,36.2,20.0
2026-05-24 18:00:00+00:00,0.0,2.0,35.9,22.0
2026-05-24 19:00:00+00:00,0.0,0.0,34.2,25.0
2026-05-24 20:00:00+00:00,0.0,0.0,34.8,19.0
2026-05-24 21:00:00+00:00,0.0,0.0,34.8,19.0
2026-05-24 22:00:00+00:00,0.0,0.0,33.9,21.0
2026-05-24 23:00:00+00:00,0.0,0.0,32.8,22.0
2026-05-25 00:00:00+00:00,21.5,2.0,33.3,24.0
2026-05-25 01:00:00+00:00,109.0,3.0,33.3,24.0
2026-05-25 02:00:00+00:00,269.0,18.0,34.2,25.0
2026-05-25 03:00:00+00:00,464.5,0.0,36.0,23.0
2026-05-25 04:00:00+00:00,646.5,0.0,37.8,22.0
2026-05-25 05:00:00+00:00,783.0,0.0,39.3,21.0
2026-05-25 06:00:00+00:00,866.5,0.0,41.6,18.0
2026-05-25 07:00:00+00:00,858.0,15.0,42.5,16.0
2026-05-25 08:00:00+00:00,765.5,47.0,42.8,16.0
2026-05-25 09:00:00+00:00,627.0,42.0,43.0,13.0
2026-05-25 10:00:00+00:00,454.0,53.0,42.9,13.0
2026-05-25 11:00:00+00:00,318.0,20.0,42.1,15.0
2026-05-25 12:00:00+00:00,195.5,14.0,41.5,13.0
2026-05-25 13:00:00+00:00,66.0,12.0,40.8,14.0
2026-05-25 14:00:00+00:00,7.0,5.0,39.4,16.0
2026-05-25 15:00:00+00:00,0.0,1.0,38.6,17.0
2026-05-25 16:00:00+00:00,0.0,1.0,37.2,21.0
2026-05-25 17:00:00+00:00,0.0,3.0,36.6,21.0
2026-05-25 18:00:00+00:00,0.0,16.0,37.2,19.0
2026-05-25 19:00:00+00:00,0.0,5.0,35.6,20.0
2026-05-25 20:00:00+00:00,0.0,5.0,34.4,22.0
2026-05-25 21:00:00+00:00,0.0,0.0,33.7,23.0
2026-05-25 22:00:00+00:00,0.0,0.0,32.7,24.0
2026-05-25 23:00:00+00:00,0.0,0.0,32.0,24.0
2026-05-26 00:00:00+00:00,23.0,0.0,32.3,24.0
2026-05-26 01:00:00+00:00,120.0,0.0,31.8,26.0
2026-05-26 02:00:00+00:00,291.0,0.0,32.8,26.0
2026-05-26 03:00:00+00:00,484.0,0.0,35.2,22.0
2026-05-26 04:00:00+00:00,661.0,0.0,37.2,20.0
2026-05-26 05:00:00+00:00,798.0,0.0,39.2,18.0
2026-05-26 06:00:00+00:00,870.0,1.0,41.8,10.0
2026-05-26 07:00:00+00:00,864.5,16.0,42.2,10.0
2026-05-26 08:00:00+00:00,796.5,17.0,42.4,11.0
2026-05-26 09:00:00+00:00,707.5,2.0,42.6,10.0
2026-05-26 10:00:00+00:00,581.5,2.0,42.2,11.0
2026-05-26 11:00:00+00:00,401.5,1.0,41.7,11.0
2026-05-26 12:00:00+00:00,215.0,2.0,42.0,9.0
2026-05-26 13:00:00+00:00,70.0,2.0,41.1,10.0
2026-05-26 14:00:00+00:00,7.5,0.0,39.5,11.0
2026-05-26 15:00:00+00:00,0.0,0.0,38.4,13.0
2026-05-26 16:00:00+00:00,0.0,0.0,37.8,14.0
2026-05-26 17:00:00+00:00,0.0,0.0,37.0,15.0
2026-05-26 18:00:00+00:00,0.0,0.0,36.1,18.0
2026-05-26 19:00:00+00:00,0.0,0.0,34.9,19.0
2026-05-26 20:00:00+00:00,0.0,0.0,34.4,21.0
2026-05-26 21:00:00+00:00,0.0,0.0,33.5,21.0
2026-05-26 22:00:00+00:00,0.0,0.0,32.4,22.0
2026-05-26 23:00:00+00:00,0.0,0.0,31.5,23.0
2026-05-27 00:00:00+00:00,22.5,0.0,31.4,25.0
2026-05-27 01:00:00+00:00,119.0,0.0,31.7,25.0
2026-05-27 02:00:00+00:00,289.0,0.0,33.3,24.0
2026-05-27 03:00:00+00:00,480.5,0.0,35.6,20.0
2026-05-27 04:00:00+00:00,657.5,0.0,38.0,17.0
2026-05-27 05:00:00+00:00,796.0,0.0,39.6,14.0
2026-05-27 06:00:00+00:00,880.5,0.0,41.6,12.0
2026-05-27 07:00:00+00:00,900.5,0.0,42.4,11.0
2026-05-27 08:00:00+00:00,853.0,0.0,42.8,12.0
2026-05-27 09:00:00+00:00,745.0,0.0,42.9,12.0
2026-05-27 10:00:00+00:00,588.5,0.0,42.7,13.0
2026-05-27 11:00:00+00:00,400.0,2.0,42.5,13.0
2026-05-27 12:00:00+00:00,212.0,2.0,43.4,10.0
2026-05-27 13:00:00+00:00,69.5,1.0,42.3,11.0
2026-05-27 14:00:00+00:00,7.5,0.0,40.8,13.0
2026-05-27 15:00:00+00:00,0.0,0.0,39.7,15.0
2026-05-27 16:00:00+00:00,0.0,0.0,38.3,17.0
2026-05-27 17:00:00+00:00,0.0,0.0,37.9,19.0
2026-05-27 18:00:00+00:00,0.0,1.0,37.4,19.0
2026-05-27 19:00:00+00:00,0.0,0.0,35.7,21.0
2026-05-27 20:00:00+00:00,0.0,0.0,34.5,26.0
2026-05-27 21:00:00+00:00,0.0,0.0,33.4,28.0
2026-05-27 22:00:00+00:00,0.0,0.0,32.2,31.0
2026-05-27 23:00:00+00:00,0.0,7.0,31.5,36.0
2026-05-28 00:00:00+00:00,22.5,0.0,30.1,45.0
2026-05-28 01:00:00+00:00,116.5,0.0,29.7,45.0
2026-05-28 02:00:00+00:00,281.0,0.0,30.6,42.0
2026-05-28 03:00:00+00:00,467.5,0.0,32.5,40.0
2026-05-28 04:00:00+00:00,640.5,0.0,34.6,40.0
2026-05-28 05:00:00+00:00,774.5,0.0,36.7,37.0
2026-05-28 06:00:00+00:00,851.5,18.0,38.5,32.0
2026-05-28 07:00:00+00:00,865.0,0.0,39.7,30.0
2026-05-28 08:00:00+00:00,801.0,28.0,40.4,30.0
2026-05-28 09:00:00+00:00,616.0,57.0,40.1,28.0
2026-05-28 10:00:00+00:00,366.5,63.0,37.9,29.0
2026-05-28 11:00:00+00:00,249.5,46.0,37.7,35.0
2026-05-28 12:00:00+00:00,157.5,98.0,38.0,34.0
2026-05-28 13:00:00+00:00,33.0,100.0,34.4,42.0
2026-05-28 14:00:00+00:00,1.5,100.0,29.1,67.0
2026-05-28 15:00:00+00:00,0.0,100.0,31.0,59.0
2026-05-28 16:00:00+00:00,0.0,69.0,32.2,50.0
2026-05-28 17:00:00+00:00,0.0,31.0,31.1,58.0
2026-05-28 18:00:00+00:00,0.0,14.0,28.7,49.0
2026-05-28 19:00:00+00:00,0.0,71.0,28.1,52.0
2026-05-28 20:00:00+00:00,0.0,59.0,28.3,51.0
2026-05-28 21:00:00+00:00,0.0,1.0,27.8,60.0
2026-05-28 22:00:00+00:00,0.0,3.0,26.8,71.0
2026-05-28 23:00:00+00:00,0.0,13.0,26.5,73.0
2026-05-29 00:00:00+00:00,22.0,0.0,26.0,69.0
2026-05-29 01:00:00+00:00,113.0,0.0,26.1,69.0
2026-05-29 02:00:00+00:00,273.0,0.0,27.0,67.0
2026-05-29 03:00:00+00:00,456.0,0.0,28.1,66.0
2026-05-29 04:00:00+00:00,625.0,0.0,29.7,63.0
2026-05-29 05:00:00+00:00,755.5,0.0,31.3,58.0
2026-05-29 06:00:00+00:00,817.0,7.0,33.5,50.0
2026-05-29 07:00:00+00:00,689.0,86.0,32.7,50.0
2026-05-29 08:00:00+00:00,602.5,14.0,30.9,54.0
2026-05-29 09:00:00+00:00,490.5,97.0,32.8,51.0
2026-05-29 10:00:00+00:00,359.0,73.0,31.7,53.0
2026-05-29 11:00:00+00:00,319.0,45.0,32.0,52.0
2026-05-29 12:00:00+00:00,170.5,67.0,33.8,43.0
2026-05-29 13:00:00+00:00,53.0,55.0,33.2,45.0
2026-05-29 14:00:00+00:00,7.0,64.0,32.6,47.0
2026-05-29 15:00:00+00:00,0.0,2.0,32.3,48.0
2026-05-29 16:00:00+00:00,0.0,18.0,31.8,48.0
2026-05-29 17:00:00+00:00,0.0,3.0,31.3,47.0
2026-05-29 18:00:00+00:00,0.0,61.0,29.3,51.0
2026-05-29 19:00:00+00:00,0.0,42.0,27.8,58.0
2026-05-29 20:00:00+00:00,0.0,31.0,26.9,61.0
2026-05-29 21:00:00+00:00,0.0,93.0,26.3,62.0
2026-05-29 22:00:00+00:00,0.0,66.0,25.9,64.0
2026-05-29 23:00:00+00:00,0.0,2.0,25.3,68.0
2026-05-30 00:00:00+00:00,22.5,44.0,24.7,76.0
2026-05-30 01:00:00+00:00,111.5,35.0,24.8,76.0
2026-05-30 02:00:00+00:00,273.5,3.0,25.9,71.0
2026-05-30 03:00:00+00:00,462.0,0.0,27.9,59.0
2026-05-30 04:00:00+00:00,637.5,0.0,30.0,49.0
2026-05-30 05:00:00+00:00,762.5,0.0,31.6,46.0
2026-05-30 06:00:00+00:00,830.0,2.0,33.0,46.0
2026-05-30 07:00:00+00:00,835.0,13.0,34.4,42.0
2026-05-30 08:00:00+00:00,752.0,19.0,35.5,37.0
2026-05-30 09:00:00+00:00,557.0,53.0,34.5,35.0
2026-05-30 10:00:00+00:00,393.0,22.0,34.0,37.0
2026-05-30 11:00:00+00:00,207.0,100.0,24.7,79.0
2026-05-30 12:00:00+00:00,58.0,90.0,24.0,89.0
2026-05-30 13:00:00+00:00,34.0,100.0,25.7,80.0
2026-05-30 14:00:00+00:00,2.5,100.0,26.0,78.0
2026-05-30 15:00:00+00:00,0.0,91.0,26.2,78.0
2026-05-30 16:00:00+00:00,0.0,58.0,25.8,82.0
2026-05-30 17:00:00+00:00,0.0,13.0,25.2,86.0
2026-05-30 18:00:00+00:00,0.0,69.0,24.7,68.0
2026-05-30 19:00:00+00:00,0.0,71.0,24.1,70.0
2026-05-30 20:00:00+00:00,0.0,49.0,23.9,72.0
2026-05-30 21:00:00+00:00,0.0,37.0,23.6,73.0
2026-05-30 22:00:00+00:00,0.0,27.0,23.5,73.0
2026-05-30 23:00:00+00:00,0.0,9.0,23.3,75.0
2026-05-31 00:00:00+00:00,21.5,6.0,23.9,78.0
2026-05-31 01:00:00+00:00,110.0,2.0,24.4,77.0
2026-05-31 02:00:00+00:00,267.0,0.0,25.6,72.0
2026-05-31 03:00:00+00:00,448.0,0.0,27.3,66.0
2026-05-31 04:00:00+00:00,617.5,0.0,29.1,59.0
2026-05-31 05:00:00+00:00,744.5,3.0,30.6,51.0
2026-05-31 06:00:00+00:00,803.5,45.0,32.2,43.0
2026-05-31 07:00:00+00:00,776.5,74.0,32.5,43.0
2026-05-31 08:00:00+00:00,729.0,66.0,32.7,42.0
2026-05-31 09:00:00+00:00,654.5,38.0,33.0,41.0
2026-05-31 10:00:00+00:00,503.0,26.0,33.1,41.0
2026-05-31 11:00:00+00:00,340.0,44.0,31.1,46.0
2026-05-31 12:00:00+00:00,184.5,82.0,26.1,80.0
2026-05-31 13:00:00+00:00,60.0,38.0,27.3,68.0
2026-05-31 14:00:00+00:00,7.5,28.0,26.8,68.0
2026-05-31 15:00:00+00:00,0.0,2.0,26.7,70.0
2026-05-31 16:00:00+00:00,0.0,19.0,26.4,72.0
2026-05-31 17:00:00+00:00,0.0,3.0,25.9,75.0
2026-05-31 18:00:00+00:00,0.0,26.0,26.5,73.0
2026-05-31 19:00:00+00:00,0.0,33.0,26.1,73.0
2026-05-31 20:00:00+00:00,0.0,38.0,25.7,76.0
2026-05-31 21:00:00+00:00,0.0,38.0,25.4,76.0
2026-05-31 22:00:00+00:00,0.0,37.0,25.0,78.0
2026-05-31 23:00:00+00:00,0.0,9.0,24.6,82.0
2026-06-01 00:00:00+00:00,20.5,23.0,24.7,86.0
2026-06-01 01:00:00+00:00,104.5,17.0,25.2,83.0
2026-06-01 02:00:00+00:00,229.5,30.0,26.5,76.0
2026-06-01 03:00:00+00:00,375.0,55.0,25.2,75.0
2026-06-01 04:00:00+00:00,562.5,20.0,27.5,66.0
2026-06-01 05:00:00+00:00,720.5,17.0,30.0,56.0
2026-06-01 06:00:00+00:00,758.5,56.0,32.0,43.0
2026-06-01 07:00:00+00:00,700.0,89.0,31.2,46.0
2026-06-01 08:00:00+00:00,627.0,49.0,32.4,42.0
2026-06-01 09:00:00+00:00,581.0,41.0,32.7,41.0
2026-06-01 10:00:00+00:00,501.0,80.0,33.0,40.0
2026-06-01 11:00:00+00:00,358.0,29.0,33.1,39.0
2026-06-01 12:00:00+00:00,198.0,34.0,32.4,42.0
2026-06-01 13:00:00+00:00,66.0,27.0,31.0,49.0
2026-06-01 14:00:00+00:00,8.0,10.0,29.7,57.0
2026-06-01 15:00:00+00:00,0.0,2.0,28.8,62.0
2026-06-01 16:00:00+00:00,0.0,1.0,28.3,63.0
2026-06-01 17:00:00+00:00,0.0,0.0,27.8,66.0
2026-06-01 18:00:00+00:00,0.0,5.0,28.0,65.0
2026-06-01 19:00:00+00:00,0.0,5.0,27.3,66.0
2026-06-01 20:00:00+00:00,0.0,19.0,26.6,69.0
2026-06-01 21:00:00+00:00,0.0,50.0,25.1,77.0
2026-06-01 22:00:00+00:00,0.0,2.0,24.6,80.0
2026-06-01 23:00:00+00:00,0.0,3.0,24.4,80.0
2026-06-02 00:00:00+00:00,18.5,92.0,26.3,74.0
2026-06-02 01:00:00+00:00,93.0,96.0,26.0,73.0
2026-06-02 02:00:00+00:00,246.5,51.0,27.2,66.0
2026-06-02 03:00:00+00:00,438.0,3.0,29.6,54.0
2026-06-02 04:00:00+00:00,614.0,1.0,31.4,47.0
2026-06-02 05:00:00+00:00,732.0,14.0,33.3,40.0
2026-06-02 06:00:00+00:00,767.0,10.0,34.5,33.0
2026-06-02 07:00:00+00:00,760.0,29.0,35.3,30.0
2026-06-02 08:00:00+00:00,728.5,24.0,36.2,28.0
2026-06-02 09:00:00+00:00,667.5,28.0,36.3,28.0
2026-06-02 10:00:00+00:00,539.0,22.0,36.5,28.0
2026-06-02 11:00:00+00:00,362.0,31.0,35.9,29.0
2026-06-02 12:00:00+00:00,199.5,31.0,32.5,46.0
2026-06-02 13:00:00+00:00,68.5,4.0,32.4,47.0
2026-06-02 14:00:00+00:00,8.0,2.0,31.9,49.0
2026-06-02 15:00:00+00:00,0.0,1.0,31.6,52.0
2026-06-02 16:00:00+00:00,0.0,0.0,31.2,54.0
2026-06-02 17:00:00+00:00,0.0,0.0,30.8,55.0
2026-06-02 18:00:00+00:00,0.0,0.0,31.0,53.0
2026-06-02 19:00:00+00:00,0.0,0.0,30.5,59.0
2026-06-02 20:00:00+00:00,0.0,0.0,30.4,59.0
2026-06-02 21:00:00+00:00,0.0,0.0,30.1,60.0
2026-06-02 22:00:00+00:00,0.0,0.0,29.9,60.0
2026-06-02 23:00:00+00:00,0.0,0.0,29.5,60.0
2026-06-03 00:00:00+00:00,22.0,4.0,29.1,65.0
2026-06-03 01:00:00+00:00,111.5,0.0,29.7,59.0
2026-06-03 02:00:00+00:00,269.0,0.0,31.0,54.0
2026-06-03 03:00:00+00:00,450.5,0.0,32.7,47.0
2026-06-03 04:00:00+00:00,602.0,3.0,34.3,40.0
2026-06-03 05:00:00+00:00,719.5,9.0,35.6,35.0
2026-06-03 06:00:00+00:00,800.5,30.0,35.4,33.0
2026-06-03 07:00:00+00:00,823.5,29.0,36.6,32.0
2026-06-03 08:00:00+00:00,782.0,18.0,37.3,31.0
2026-06-03 09:00:00+00:00,680.0,21.0,37.9,29.0
2026-06-03 10:00:00+00:00,526.0,35.0,38.4,26.0
2026-06-03 11:00:00+00:00,353.0,15.0,37.8,27.0
2026-06-03 12:00:00+00:00,196.5,45.0,38.5,26.0
2026-06-03 13:00:00+00:00,68.0,46.0,36.0,33.0
2026-06-03 14:00:00+00:00,8.0,21.0,35.1,37.0
2026-06-03 15:00:00+00:00,0.0,8.0,34.7,38.0
2026-06-03 16:00:00+00:00,0.0,5.0,34.1,41.0
2026-06-03 17:00:00+00:00,0.0,2.0,33.2,45.0
2026-06-03 18:00:00+00:00,0.0,6.0,33.4,46.0
2026-06-03 19:00:00+00:00,0.0,10.0,32.2,50.0
2026-06-03 20:00:00+00:00,0.0,0.0,31.1,55.0
2026-06-03 21:00:00+00:00,0.0,0.0,30.4,57.0
2026-06-03 22:00:00+00:00,0.0,0.0,29.8,57.0
2026-06-03 23:00:00+00:00,0.0,0.0,29.3,58.0
2026-06-04 00:00:00+00:00,22.0,5.0,30.7,51.0
2026-06-04 01:00:00+00:00,92.0,27.0,30.9,49.0
2026-06-04 02:00:00+00:00,198.5,71.0,28.4,59.0
2026-06-04 03:00:00+00:00,388.5,20.0,31.0,50.0
2026-06-04 04:00:00+00:00,583.0,27.0,33.8,42.0
2026-06-04 05:00:00+00:00,724.5,3.0,34.5,42.0
2026-06-04 06:00:00+00:00,807.5,22.0,38.3,25.0
2026-06-04 07:00:00+00:00,707.0,26.0,39.5,22.0
2026-06-04 08:00:00+00:00,645.0,42.0,39.0,22.0
2026-06-04 09:00:00+00:00,638.5,3.0,39.1,23.0
2026-06-04 10:00:00+00:00,519.0,2.0,38.5,25.0
2026-06-04 11:00:00+00:00,370.0,20.0,37.5,30.0
2026-06-04 12:00:00+00:00,194.0,75.0,34.4,34.0
2026-06-04 13:00:00+00:00,55.0,66.0,34.4,32.0
2026-06-04 14:00:00+00:00,6.5,100.0,29.9,50.0
2026-06-04 15:00:00+00:00,0.0,100.0,30.0,53.0
2026-06-04 16:00:00+00:00,0.0,100.0,29.9,54.0
2026-06-04 17:00:00+00:00,0.0,100.0,29.7,54.0
2026-06-04 18:00:00+00:00,0.0,93.0,28.1,55.0
2026-06-04 19:00:00+00:00,0.0,100.0,26.2,68.0
2026-06-04 20:00:00+00:00,0.0,100.0,25.4,85.0
2026-06-04 21:00:00+00:00,0.0,100.0,26.0,77.0
2026-06-04 22:00:00+00:00,0.0,97.0,26.3,74.0
2026-06-04 23:00:00+00:00,0.0,100.0,26.7,69.0
2026-06-05 00:00:00+00:00,9.5,100.0,25.1,85.0
2026-06-05 01:00:00+00:00,29.0,100.0,26.4,72.0
2026-06-05 02:00:00+00:00,120.5,100.0,27.0,67.0
2026-06-05 03:00:00+00:00,244.0,100.0,28.4,59.0
2026-06-05 04:00:00+00:00,418.0,100.0,29.5,53.0
2026-06-05 05:00:00+00:00,548.0,88.0,31.2,47.0
2026-06-05 06:00:00+00:00,428.5,100.0,32.2,42.0
2026-06-05 07:00:00+00:00,484.0,100.0,32.9,41.0
2026-06-05 08:00:00+00:00,658.5,88.0,34.0,41.0
2026-06-05 09:00:00+00:00,599.0,73.0,33.8,43.0
2026-06-05 10:00:00+00:00,495.0,18.0,33.4,45.0
2026-06-05 11:00:00+00:00,370.0,2.0,33.7,45.0
2026-06-05 12:00:00+00:00,208.0,0.0,34.7,42.0
2026-06-05 13:00:00+00:00,73.0,2.0,34.2,43.0
2026-06-05 14:00:00+00:00,9.0,1.0,33.5,47.0
2026-06-05 15:00:00+00:00,0.0,1.0,32.8,51.0
2026-06-05 16:00:00+00:00,0.0,0.0,32.2,54.0
2026-06-05 17:00:00+00:00,0.0,0.0,31.8,56.0
2026-06-05 18:00:00+00:00,0.0,0.0,31.7,52.0
2026-06-05 19:00:00+00:00,0.0,2.0,30.5,59.0
2026-06-05 20:00:00+00:00,0.0,0.0,29.8,65.0
2026-06-05 21:00:00+00:00,0.0,0.0,29.2,69.0
2026-06-05 22:00:00+00:00,0.0,0.0,28.8,71.0
2026-06-05 23:00:00+00:00,0.0,0.0,28.5,71.0
2026-06-06 00:00:00+00:00,22.5,0.0,29.0,66.0
2026-06-06 01:00:00+00:00,113.5,0.0,29.6,62.0
2026-06-06 02:00:00+00:00,272.5,0.0,31.4,54.0
2026-06-06 03:00:00+00:00,455.0,0.0,33.5,46.0
2026-06-06 04:00:00+00:00,625.5,0.0,35.4,40.0
2026-06-06 05:00:00+00:00,756.5,2.0,37.0,35.0
2026-06-06 06:00:00+00:00,797.0,41.0,38.6,30.0
2026-06-06 07:00:00+00:00,797.0,25.0,39.4,27.0
2026-06-06 08:00:00+00:00,722.5,40.0,40.3,23.0
2026-06-06 09:00:00+00:00,626.0,30.0,40.1,23.0
2026-06-06 10:00:00+00:00,523.0,13.0,39.9,24.0
2026-06-06 11:00:00+00:00,345.0,23.0,39.2,25.0
2026-06-06 12:00:00+00:00,181.5,40.0,35.3,37.0
2026-06-06 13:00:00+00:00,59.5,53.0,34.8,38.0
2026-06-06 14:00:00+00:00,8.0,1.0,34.5,34.0
2026-06-06 15:00:00+00:00,0.0,0.0,34.2,36.0
2026-06-06 16:00:00+00:00,0.0,1.0,33.9,37.0
2026-06-06 17:00:00+00:00,0.0,0.0,33.8,37.0
2026-06-06 18:00:00+00:00,0.0,2.0,32.7,40.0
2026-06-06 19:00:00+00:00,0.0,0.0,31.1,45.0
2026-06-06 20:00:00+00:00,0.0,0.0,30.1,50.0
2026-06-06 21:00:00+00:00,0.0,0.0,29.6,51.0
2026-06-06 22:00:00+00:00,0.0,0.0,29.1,52.0
2026-06-06 23:00:00+00:00,0.0,0.0,28.9,51.0
2026-06-07 00:00:00+00:00,23.0,0.0,29.1,55.0
2026-06-07 01:00:00+00:00,115.0,0.0,29.2,56.0
2026-06-07 02:00:00+00:00,275.0,0.0,30.5,51.0
2026-06-07 03:00:00+00:00,431.0,13.0,32.8,43.0
2026-06-07 04:00:00+00:00,413.5,98.0,31.7,44.0
2026-06-07 05:00:00+00:00,484.0,48.0,32.1,44.0
2026-06-07 06:00:00+00:00,744.0,10.0,38.2,29.0
2026-06-07 07:00:00+00:00,850.5,5.0,38.8,28.0
2026-06-07 08:00:00+00:00,804.0,2.0,39.8,26.0
2026-06-07 09:00:00+00:00,679.0,16.0,40.4,22.0
2026-06-07 10:00:00+00:00,506.5,24.0,40.4,21.0
2026-06-07 11:00:00+00:00,342.5,27.0,39.4,23.0
2026-06-07 12:00:00+00:00,172.5,85.0,34.8,45.0
2026-06-07 13:00:00+00:00,45.0,35.0,34.6,45.0
2026-06-07 14:00:00+00:00,8.5,11.0,32.4,53.0
2026-06-07 15:00:00+00:00,0.0,3.0,32.3,51.0
2026-06-07 16:00:00+00:00,0.0,1.0,32.3,50.0
2026-06-07 17:00:00+00:00,0.0,0.0,31.9,52.0
2026-06-07 18:00:00+00:00,0.0,0.0,32.8,46.0
2026-06-07 19:00:00+00:00,0.0,3.0,32.5,43.0
2026-06-07 20:00:00+00:00,0.0,0.0,31.6,44.0
2026-06-07 21:00:00+00:00,0.0,0.0,30.9,45.0
2026-06-07 22:00:00+00:00,0.0,0.0,30.4,46.0
2026-06-07 23:00:00+00:00,0.0,1.0,29.9,47.0
2026-06-08 00:00:00+00:00,23.0,0.0,30.5,52.0
2026-06-08 01:00:00+00:00,116.0,0.0,30.7,53.0
2026-06-08 02:00:00+00:00,278.5,0.0,32.1,49.0
2026-06-08 03:00:00+00:00,464.5,0.0,34.2,42.0
2026-06-08 04:00:00+00:00,638.0,0.0,36.2,38.0
2026-06-08 05:00:00+00:00,775.5,0.0,38.1,32.0
2026-06-08 06:00:00+00:00,840.0,10.0,40.0,25.0
2026-06-08 07:00:00+00:00,786.0,52.0,41.1,20.0
2026-06-08 08:00:00+00:00,684.5,45.0,41.4,17.0
2026-06-08 09:00:00+00:00,651.0,8.0,41.7,14.0
2026-06-08 10:00:00+00:00,578.0,2.0,42.1,14.0
2026-06-08 11:00:00+00:00,404.5,3.0,41.7,14.0
2026-06-08 12:00:00+00:00,215.0,18.0,41.7,16.0
2026-06-08 13:00:00+00:00,69.0,12.0,41.3,14.0
2026-06-08 14:00:00+00:00,9.5,2.0,40.2,17.0
2026-06-08 15:00:00+00:00,0.0,1.0,38.8,20.0
2026-06-08 16:00:00+00:00,0.0,1.0,37.2,26.0
2026-06-08 17:00:00+00:00,0.0,0.0,36.4,29.0
2026-06-08 18:00:00+00:00,0.0,1.0,35.4,30.0
2026-06-08 19:00:00+00:00,0.0,1.0,33.9,33.0
2026-06-08 20:00:00+00:00,0.0,1.0,32.9,35.0
2026-06-08 21:00:00+00:00,0.0,0.0,32.5,35.0
2026-06-08 22:00:00+00:00,0.0,23.0,32.1,34.0
2026-06-08 23:00:00+00:00,0.0,0.0,31.6,34.0
2026-06-09 00:00:00+00:00,23.5,0.0,31.7,42.0
2026-06-09 01:00:00+00:00,117.0,0.0,32.1,45.0
2026-06-09 02:00:00+00:00,274.5,0.0,33.6,47.0
2026-06-09 03:00:00+00:00,458.0,0.0,35.5,43.0
2026-06-09 04:00:00+00:00,635.5,0.0,37.5,38.0
2026-06-09 05:00:00+00:00,765.0,1.0,39.4,31.0
2026-06-09 06:00:00+00:00,822.0,16.0,41.9,20.0
2026-06-09 07:00:00+00:00,790.5,32.0,42.5,17.0
2026-06-09 08:00:00+00:00,766.0,3.0,42.6,15.0
2026-06-09 09:00:00+00:00,731.0,2.0,43.0,14.0
2026-06-09 10:00:00+00:00,594.5,2.0,42.9,14.0
2026-06-09 11:00:00+00:00,411.0,5.0,42.3,14.0
2026-06-09 12:00:00+00:00,220.0,12.0,42.1,16.0
2026-06-09 13:00:00+00:00,73.5,10.0,40.8,17.0
2026-06-09 14:00:00+00:00,10.0,10.0,38.8,22.0
2026-06-09 15:00:00+00:00,0.0,9.0,38.3,23.0
2026-06-09 16:00:00+00:00,0.0,0.0,37.2,26.0
2026-06-09 17:00:00+00:00,0.0,1.0,36.5,27.0
2026-06-09 18:00:00+00:00,0.0,5.0,36.8,25.0
2026-06-09 19:00:00+00:00,0.0,28.0,35.3,28.0
2026-06-09 20:00:00+00:00,0.0,30.0,34.4,28.0
2026-06-09 21:00:00+00:00,0.0,25.0,33.7,29.0
2026-06-09 22:00:00+00:00,0.0,8.0,33.2,30.0
2026-06-09 23:00:00+00:00,0.0,2.0,32.7,31.0
2026-06-10 00:00:00+00:00,19.5,41.0,32.1,36.0
2026-06-10 01:00:00+00:00,104.0,0.0,31.3,45.0
2026-06-10 02:00:00+00:00,268.0,0.0,33.0,47.0
2026-06-10 03:00:00+00:00,459.5,0.0,35.4,46.0
2026-06-10 04:00:00+00:00,630.0,0.0,37.1,40.0
2026-06-10 05:00:00+00:00,758.0,0.0,38.8,35.0
2026-06-10 06:00:00+00:00,831.5,9.0,40.7,25.0
2026-06-10 07:00:00+00:00,839.0,13.0,41.4,23.0
2026-06-10 08:00:00+00:00,790.0,9.0,42.1,21.0
2026-06-10 09:00:00+00:00,686.5,20.0,42.6,19.0
2026-06-10 10:00:00+00:00,519.0,45.0,42.3,18.0
2026-06-10 11:00:00+00:00,347.5,38.0,41.2,21.0
2026-06-10 12:00:00+00:00,196.5,30.0,43.6,18.0
2026-06-10 13:00:00+00:00,69.0,11.0,42.9,16.0
2026-06-10 14:00:00+00:00,9.0,21.0,41.4,19.0
2026-06-10 15:00:00+00:00,0.0,5.0,40.0,21.0
2026-06-10 16:00:00+00:00,0.0,5.0,39.6,20.0
2026-06-10 17:00:00+00:00,0.0,3.0,38.7,21.0
2026-06-10 18:00:00+00:00,0.0,0.0,37.4,24.0
2026-06-10 19:00:00+00:00,0.0,24.0,36.6,30.0
2026-06-10 20:00:00+00:00,0.0,9.0,36.6,26.0
2026-06-10 21:00:00+00:00,0.0,26.0,35.8,29.0
2026-06-10 22:00:00+00:00,0.0,10.0,35.1,34.0
2026-06-10 23:00:00+00:00,0.0,0.0,34.6,39.0
2026-06-11 00:00:00+00:00,22.0,20.0,31.7,47.0
2026-06-11 01:00:00+00:00,88.5,38.0,30.5,49.0
2026-06-11 02:00:00+00:00,218.0,25.0,29.5,56.0
2026-06-11 03:00:00+00:00,412.5,6.0,31.0,54.0
2026-06-11 04:00:00+00:00,605.0,2.0,32.7,53.0
2026-06-11 05:00:00+00:00,748.0,0.0,34.7,47.0
2026-06-11 06:00:00+00:00,832.5,0.0,33.7,50.0
2026-06-11 07:00:00+00:00,847.0,17.0,34.3,50.0
2026-06-11 08:00:00+00:00,806.0,14.0,35.5,48.0
2026-06-11 09:00:00+00:00,710.5,4.0,36.4,45.0
2026-06-11 10:00:00+00:00,567.0,2.0,36.8,45.0
2026-06-11 11:00:00+00:00,393.5,13.0,36.8,45.0
2026-06-11 12:00:00+00:00,211.0,22.0,36.5,42.0
2026-06-11 13:00:00+00:00,71.5,5.0,35.3,45.0
2026-06-11 14:00:00+00:00,10.0,7.0,34.1,49.0
2026-06-11 15:00:00+00:00,0.0,2.0,32.7,52.0
2026-06-11 16:00:00+00:00,0.0,59.0,32.0,54.0
2026-06-11 17:00:00+00:00,0.0,2.0,31.1,58.0
2026-06-11 18:00:00+00:00,0.0,84.0,27.4,75.0
2026-06-11 19:00:00+00:00,0.0,81.0,26.6,78.0
2026-06-11 20:00:00+00:00,0.0,100.0,26.0,83.0
2026-06-11 21:00:00+00:00,0.0,100.0,25.9,81.0
2026-06-11 22:00:00+00:00,0.0,100.0,24.6,89.0
2026-06-11 23:00:00+00:00,0.0,87.0,24.2,92.0
2026-06-12 00:00:00+00:00,8.5,94.0,23.6,93.0
2026-06-12 01:00:00+00:00,77.5,13.0,23.3,93.0
2026-06-12 02:00:00+00:00,238.5,14.0,24.1,88.0
2026-06-12 03:00:00+00:00,438.0,2.0,25.7,79.0
2026-06-12 04:00:00+00:00,615.5,3.0,27.4,73.0
2026-06-12 05:00:00+00:00,750.0,0.0,29.0,66.0
2026-06-12 06:00:00+00:00,820.0,3.0,30.4,60.0
2026-06-12 07:00:00+00:00,835.5,14.0,31.3,57.0
2026-06-12 08:00:00+00:00,782.5,2.0,31.7,55.0
2026-06-12 09:00:00+00:00,638.0,13.0,32.2,54.0
2026-06-12 10:00:00+00:00,509.5,16.0,32.2,54.0
2026-06-12 11:00:00+00:00,336.0,35.0,32.6,53.0
2026-06-12 12:00:00+00:00,152.0,34.0,29.6,65.0
2026-06-12 13:00:00+00:00,58.5,28.0,25.5,87.0
2026-06-12 14:00:00+00:00,7.0,23.0,26.1,86.0
2026-06-12 15:00:00+00:00,0.0,5.0,26.6,82.0
2026-06-12 16:00:00+00:00,0.0,1.0,26.8,78.0
2026-06-12 17:00:00+00:00,0.0,0.0,26.8,77.0
2026-06-12 18:00:00+00:00,0.0,99.0,26.2,78.0
2026-06-12 19:00:00+00:00,0.0,100.0,25.9,80.0
2026-06-12 20:00:00+00:00,0.0,100.0,25.8,82.0
2026-06-12 21:00:00+00:00,0.0,100.0,25.4,84.0
2026-06-12 22:00:00+00:00,0.0,100.0,25.3,85.0
2026-06-12 23:00:00+00:00,0.0,100.0,25.2,86.0
2026-06-13 00:00:00+00:00,10.5,100.0,25.0,83.0
2026-06-13 01:00:00+00:00,95.0,45.0,24.8,84.0
2026-06-13 02:00:00+00:00,197.0,98.0,25.8,80.0
2026-06-13 03:00:00+00:00,266.0,98.0,26.5,75.0
2026-06-13 04:00:00+00:00,385.0,56.0,27.3,70.0
2026-06-13 05:00:00+00:00,549.5,74.0,28.6,64.0
2026-06-13 06:00:00+00:00,583.0,94.0,30.5,55.0
2026-06-13 07:00:00+00:00,702.5,1.0,31.0,55.0
2026-06-13 08:00:00+00:00,832.5,2.0,32.3,51.0
2026-06-13 09:00:00+00:00,728.0,3.0,32.7,49.0
2026-06-13 10:00:00+00:00,577.0,7.0,33.0,47.0
2026-06-13 11:00:00+00:00,397.0,9.0,32.9,47.0
2026-06-13 12:00:00+00:00,218.0,4.0,33.7,43.0
2026-06-13 13:00:00+00:00,75.5,3.0,32.4,54.0
2026-06-13 14:00:00+00:00,10.5,0.0,30.3,66.0
2026-06-13 15:00:00+00:00,0.0,0.0,29.7,70.0
2026-06-13 16:00:00+00:00,0.0,0.0,29.3,73.0
2026-06-13 17:00:00+00:00,0.0,0.0,28.4,78.0
2026-06-13 18:00:00+00:00,0.0,0.0,28.6,72.0
2026-06-13 19:00:00+00:00,0.0,0.0,27.8,72.0
2026-06-13 20:00:00+00:00,0.0,0.0,27.2,71.0
2026-06-13 21:00:00+00:00,0.0,36.0,26.7,71.0
2026-06-13 22:00:00+00:00,0.0,4.0,26.3,73.0
2026-06-13 23:00:00+00:00,0.0,0.0,26.0,75.0
2026-06-14 00:00:00+00:00,22.0,70.0,26.8,82.0
2026-06-14 01:00:00+00:00,111.5,0.0,27.5,78.0
2026-06-14 02:00:00+00:00,269.0,0.0,28.6,76.0
2026-06-14 03:00:00+00:00,450.5,0.0,30.0,71.0
2026-06-14 04:00:00+00:00,620.0,0.0,31.6,65.0
2026-06-14 05:00:00+00:00,743.5,6.0,33.0,58.0
2026-06-14 06:00:00+00:00,816.0,9.0,34.8,45.0
2026-06-14 07:00:00+00:00,832.0,20.0,36.0,40.0
2026-06-14 08:00:00+00:00,738.5,19.0,36.8,36.0
2026-06-14 09:00:00+00:00,613.0,15.0,35.6,36.0
2026-06-14 10:00:00+00:00,495.5,59.0,35.3,36.0
2026-06-14 11:00:00+00:00,341.5,53.0,34.7,40.0
2026-06-14 12:00:00+00:00,199.5,9.0,36.1,39.0
2026-06-14 13:00:00+00:00,79.5,5.0,35.1,44.0
2026-06-14 14:00:00+00:00,11.0,2.0,33.2,56.0
2026-06-14 15:00:00+00:00,0.0,5.0,32.1,62.0
2026-06-14 16:00:00+00:00,0.0,1.0,30.5,70.0
2026-06-14 17:00:00+00:00,0.0,1.0,29.8,74.0
2026-06-14 18:00:00+00:00,0.0,79.0,30.0,70.0
2026-06-14 19:00:00+00:00,0.0,98.0,29.5,51.0
2026-06-14 20:00:00+00:00,0.0,84.0,29.1,52.0
2026-06-14 21:00:00+00:00,0.0,88.0,28.6,54.0
2026-06-14 22:00:00+00:00,0.0,99.0,28.1,56.0
2026-06-14 23:00:00+00:00,0.0,19.0,27.8,58.0
2026-06-15 00:00:00+00:00,22.0,73.0,27.5,62.0
2026-06-15 01:00:00+00:00,99.5,89.0,28.0,63.0
2026-06-15 02:00:00+00:00,229.0,31.0,29.2,60.0
2026-06-15 03:00:00+00:00,398.5,36.0,30.8,54.0
2026-06-15 04:00:00+00:00,593.5,5.0,32.6,46.0
2026-06-15 05:00:00+00:00,751.5,6.0,34.3,43.0
2026-06-15 06:00:00+00:00,840.0,2.0,35.1,40.0
2026-06-15 07:00:00+00:00,844.0,16.0,35.7,38.0
2026-06-15 08:00:00+00:00,783.0,25.0,36.3,36.0
2026-06-15 09:00:00+00:00,547.5,98.0,34.6,39.0
2026-06-15 10:00:00+00:00,343.0,39.0,30.5,55.0
2026-06-15 11:00:00+00:00,288.0,98.0,31.6,53.0
2026-06-15 12:00:00+00:00,158.0,100.0,29.4,62.0
2026-06-15 13:00:00+00:00,49.5,99.0,29.7,62.0
2026-06-15 14:00:00+00:00,10.0,0.0,29.1,59.0
2026-06-15 15:00:00+00:00,0.0,11.0,28.7,62.0
2026-06-15 16:00:00+00:00,0.0,81.0,28.6,63.0
2026-06-15 17:00:00+00:00,0.0,41.0,27.4,66.0
2026-06-15 18:00:00+00:00,0.0,13.0,26.5,65.0
2026-06-15 19:00:00+00:00,0.0,5.0,26.1,67.0
2026-06-15 20:00:00+00:00,0.0,0.0,25.8,71.0
2026-06-15 21:00:00+00:00,0.0,2.0,25.5,75.0
2026-06-15 22:00:00+00:00,0.0,23.0,25.2,78.0
2026-06-15 23:00:00+00:00,0.0,23.0,25.4,76.0
2026-06-16 00:00:00+00:00,22.5,1.0,25.7,74.0
2026-06-16 01:00:00+00:00,112.5,34.0,26.4,71.0
2026-06-16 02:00:00+00:00,223.0,89.0,27.8,66.0
2026-06-16 03:00:00+00:00,313.0,84.0,28.1,65.0
2026-06-16 04:00:00+00:00,389.0,100.0,29.6,58.0
2026-06-16 05:00:00+00:00,530.5,100.0,29.8,55.0
2026-06-16 06:00:00+00:00,439.0,100.0,26.6,75.0
2026-06-16 07:00:00+00:00,277.5,100.0,27.7,65.0
2026-06-16 08:00:00+00:00,251.0,100.0,29.4,53.0
2026-06-16 09:00:00+00:00,307.5,95.0,29.2,54.0
2026-06-16 10:00:00+00:00,468.5,0.0,31.0,51.0
2026-06-16 11:00:00+00:00,410.5,0.0,32.3,44.0
2026-06-16 12:00:00+00:00,216.0,100.0,32.0,50.0
2026-06-16 13:00:00+00:00,67.0,100.0,31.1,55.0
2026-06-16 14:00:00+00:00,9.5,73.0,29.6,62.0
2026-06-16 15:00:00+00:00,0.0,32.0,28.6,69.0
2026-06-16 16:00:00+00:00,0.0,58.0,28.3,71.0
2026-06-16 17:00:00+00:00,0.0,64.0,28.0,72.0
2026-06-16 18:00:00+00:00,0.0,98.0,27.3,69.0
2026-06-16 19:00:00+00:00,0.0,90.0,26.6,70.0
2026-06-16 20:00:00+00:00,0.0,17.0,26.1,73.0
2026-06-16 21:00:00+00:00,0.0,5.0,25.5,75.0
2026-06-16 22:00:00+00:00,0.0,10.0,25.0,77.0
2026-06-16 23:00:00+00:00,0.0,0.0,24.7,77.0
2026-06-17 00:00:00+00:00,21.5,0.0,25.2,79.0
2026-06-17 01:00:00+00:00,110.0,3.0,25.8,76.0
2026-06-17 02:00:00+00:00,266.5,0.0,27.1,72.0
2026-06-17 03:00:00+00:00,448.0,0.0,28.9,64.0
2026-06-17 04:00:00+00:00,619.0,0.0,30.7,56.0
2026-06-17 05:00:00+00:00,753.5,2.0,32.2,50.0
2026-06-17 06:00:00+00:00,839.5,2.0,33.9,41.0
2026-06-17 07:00:00+00:00,865.5,1.0,35.3,36.0
2026-06-17 08:00:00+00:00,822.5,8.0,36.4,32.0
2026-06-17 09:00:00+00:00,710.5,6.0,37.0,30.0
2026-06-17 10:00:00+00:00,556.5,11.0,37.3,29.0
2026-06-17 11:00:00+00:00,391.0,2.0,36.9,29.0
2026-06-17 12:00:00+00:00,220.0,5.0,36.1,36.0
2026-06-17 13:00:00+00:00,78.0,1.0,35.4,38.0
2026-06-17 14:00:00+00:00,11.0,1.0,34.5,41.0
2026-06-17 15:00:00+00:00,0.0,4.0,33.8,45.0
2026-06-17 16:00:00+00:00,0.0,2.0,33.3,51.0
2026-06-17 17:00:00+00:00,0.0,2.0,32.9,54.0
2026-06-17 18:00:00+00:00,0.0,2.0,32.4,52.0
2026-06-17 19:00:00+00:00,0.0,8.0,31.6,55.0
2026-06-17 20:00:00+00:00,0.0,1.0,31.2,56.0
2026-06-17 21:00:00+00:00,0.0,5.0,30.6,59.0
2026-06-17 22:00:00+00:00,0.0,1.0,30.3,61.0
2026-06-17 23:00:00+00:00,0.0,9.0,29.8,64.0
2026-06-18 00:00:00+00:00,22.0,13.0,29.5,69.0
2026-06-18 01:00:00+00:00,111.5,0.0,30.1,63.0
2026-06-18 02:00:00+00:00,269.5,0.0,31.6,57.0
2026-06-18 03:00:00+00:00,451.5,0.0,33.7,48.0
2026-06-18 04:00:00+00:00,614.0,7.0,35.6,39.0
2026-06-18 05:00:00+00:00,738.5,2.0,36.8,35.0
2026-06-18 06:00:00+00:00,823.5,5.0,38.0,31.0
2026-06-18 07:00:00+00:00,844.5,13.0,38.9,28.0
2026-06-18 08:00:00+00:00,769.5,22.0,39.4,26.0
2026-06-18 09:00:00+00:00,656.0,17.0,39.0,28.0
2026-06-18 10:00:00+00:00,529.5,17.0,38.6,29.0
2026-06-18 11:00:00+00:00,365.0,16.0,37.9,30.0
2026-06-18 12:00:00+00:00,204.0,16.0,38.6,25.0
2026-06-18 13:00:00+00:00,76.0,16.0,37.5,27.0
2026-06-18 14:00:00+00:00,11.0,12.0,36.1,30.0
2026-06-18 15:00:00+00:00,0.0,63.0,35.3,32.0
2026-06-18 16:00:00+00:00,0.0,89.0,34.9,34.0
2026-06-18 17:00:00+00:00,0.0,89.0,33.9,38.0
2026-06-18 18:00:00+00:00,0.0,100.0,32.4,42.0
2026-06-18 19:00:00+00:00,0.0,100.0,31.7,44.0
2026-06-18 20:00:00+00:00,0.0,100.0,31.4,44.0
2026-06-18 21:00:00+00:00,0.0,36.0,31.1,45.0
2026-06-18 22:00:00+00:00,0.0,50.0,30.3,47.0
2026-06-18 23:00:00+00:00,0.0,73.0,29.6,49.0
2026-06-19 00:00:00+00:00,20.5,12.0,28.2,61.0
2026-06-19 01:00:00+00:00,104.5,6.0,28.2,60.0
2026-06-19 02:00:00+00:00,251.0,13.0,29.2,56.0
2026-06-19 03:00:00+00:00,403.0,27.0,31.2,49.0
2026-06-19 04:00:00+00:00,547.0,39.0,33.0,45.0
2026-06-19 05:00:00+00:00,708.5,12.0,34.9,40.0
2026-06-19 06:00:00+00:00,813.5,34.0,37.2,34.0
2026-06-19 07:00:00+00:00,828.0,9.0,37.8,32.0
2026-06-19 08:00:00+00:00,792.5,2.0,38.1,32.0
2026-06-19 09:00:00+00:00,693.5,7.0,38.1,32.0
2026-06-19 10:00:00+00:00,550.0,5.0,37.8,33.0
2026-06-19 11:00:00+00:00,392.0,3.0,37.5,34.0
2026-06-19 12:00:00+00:00,220.5,21.0,37.8,28.0
2026-06-19 13:00:00+00:00,76.5,9.0,36.9,31.0
2026-06-19 14:00:00+00:00,11.0,10.0,36.1,33.0
2026-06-19 15:00:00+00:00,0.0,9.0,35.5,36.0
2026-06-19 16:00:00+00:00,0.0,7.0,34.9,38.0
2026-06-19 17:00:00+00:00,0.0,6.0,34.3,40.0
2026-06-19 18:00:00+00:00,0.0,7.0,33.4,44.0
2026-06-19 19:00:00+00:00,0.0,13.0,32.6,46.0
2026-06-19 20:00:00+00:00,0.0,21.0,32.2,46.0
2026-06-19 21:00:00+00:00,0.0,19.0,31.7,46.0
2026-06-19 22:00:00+00:00,0.0,20.0,31.2,47.0
2026-06-19 23:00:00+00:00,0.0,6.0,30.7,48.0
2026-06-20 00:00:00+00:00,21.0,20.0,30.8,53.0
2026-06-20 01:00:00+00:00,105.5,8.0,31.0,53.0
2026-06-20 02:00:00+00:00,263.0,4.0,32.3,49.0
2026-06-20 03:00:00+00:00,446.5,5.0,34.2,43.0
2026-06-20 04:00:00+00:00,582.5,45.0,35.3,40.0
2026-06-20 05:00:00+00:00,711.0,1.0,36.1,38.0
2026-06-20 06:00:00+00:00,813.5,5.0,36.3,39.0
2026-06-20 07:00:00+00:00,836.0,8.0,37.1,36.0
2026-06-20 08:00:00+00:00,809.0,9.0,37.6,34.0
2026-06-20 09:00:00+00:00,701.0,22.0,38.1,32.0
2026-06-20 10:00:00+00:00,542.5,24.0,38.1,31.0
2026-06-20 11:00:00+00:00,367.0,25.0,37.8,32.0
2026-06-20 12:00:00+00:00,183.5,80.0,33.8,46.0
2026-06-20 13:00:00+00:00,59.5,9.0,34.5,42.0
2026-06-20 14:00:00+00:00,11.5,3.0,34.8,41.0
2026-06-20 15:00:00+00:00,0.0,3.0,35.0,40.0
2026-06-20 16:00:00+00:00,0.0,7.0,34.9,38.0
2026-06-20 17:00:00+00:00,0.0,8.0,34.1,41.0
2026-06-20 18:00:00+00:00,0.0,4.0,33.4,43.0
2026-06-20 19:00:00+00:00,0.0,3.0,32.8,42.0
2026-06-20 20:00:00+00:00,0.0,16.0,32.1,43.0
2026-06-20 21:00:00+00:00,0.0,91.0,31.4,45.0
2026-06-20 22:00:00+00:00,0.0,30.0,31.0,47.0
2026-06-20 23:00:00+00:00,0.0,2.0,30.7,48.0
2026-06-21 00:00:00+00:00,7.5,87.0,30.1,51.0
2026-06-21 01:00:00+00:00,62.5,54.0,30.6,51.0
2026-06-21 02:00:00+00:00,123.0,99.0,31.3,48.0
2026-06-21 03:00:00+00:00,143.5,100.0,31.7,47.0
2026-06-21 04:00:00+00:00,280.5,80.0,32.1,47.0
2026-06-21 05:00:00+00:00,594.5,19.0,34.4,43.0
2026-06-21 06:00:00+00:00,522.0,100.0,33.9,43.0
2026-06-21 07:00:00+00:00,338.0,99.0,35.0,39.0
2026-06-21 08:00:00+00:00,461.0,73.0,36.4,34.0
2026-06-21 09:00:00+00:00,555.5,23.0,37.3,31.0
2026-06-21 10:00:00+00:00,540.0,10.0,38.1,29.0
2026-06-21 11:00:00+00:00,375.5,13.0,38.1,29.0
2026-06-21 12:00:00+00:00,200.5,13.0,38.5,28.0
2026-06-21 13:00:00+00:00,76.5,18.0,37.6,29.0
2026-06-21 14:00:00+00:00,11.5,7.0,36.9,30.0
2026-06-21 15:00:00+00:00,0.0,2.0,35.9,33.0
2026-06-21 16:00:00+00:00,0.0,3.0,35.1,33.0
2026-06-21 17:00:00+00:00,0.0,5.0,34.3,34.0
2026-06-21 18:00:00+00:00,0.0,94.0,33.3,36.0
2026-06-21 19:00:00+00:00,0.0,41.0,32.7,37.0
2026-06-21 20:00:00+00:00,0.0,9.0,32.1,40.0
2026-06-21 21:00:00+00:00,0.0,7.0,31.3,45.0
2026-06-21 22:00:00+00:00,0.0,25.0,30.5,48.0
2026-06-21 23:00:00+00:00,0.0,48.0,30.1,50.0
2026-06-22 00:00:00+00:00,21.5,23.0,28.6,59.0
2026-06-22 01:00:00+00:00,98.5,37.0,28.5,59.0
2026-06-22 02:00:00+00:00,191.0,100.0,29.7,52.0
2026-06-22 03:00:00+00:00,206.0,100.0,31.0,46.0
2026-06-22 04:00:00+00:00,211.0,100.0,31.3,44.0
2026-06-22 05:00:00+00:00,412.5,86.0,31.7,43.0
2026-06-22 06:00:00+00:00,686.0,28.0,35.3,34.0
2026-06-22 07:00:00+00:00,591.5,99.0,36.6,32.0
2026-06-22 08:00:00+00:00,547.0,41.0,35.8,34.0
2026-06-22 09:00:00+00:00,643.5,20.0,36.3,33.0
2026-06-22 10:00:00+00:00,532.0,3.0,35.7,35.0
2026-06-22 11:00:00+00:00,386.0,9.0,35.4,37.0
2026-06-22 12:00:00+00:00,211.5,21.0,36.7,29.0
2026-06-22 13:00:00+00:00,73.0,34.0,35.8,30.0
2026-06-22 14:00:00+00:00,11.0,84.0,35.0,32.0
2026-06-22 15:00:00+00:00,0.0,34.0,34.4,35.0
2026-06-22 16:00:00+00:00,0.0,69.0,34.0,37.0
2026-06-22 17:00:00+00:00,0.0,73.0,33.4,38.0
2026-06-22 18:00:00+00:00,0.0,0.0,32.9,43.0
2026-06-22 19:00:00+00:00,0.0,1.0,32.0,46.0
2026-06-22 20:00:00+00:00,0.0,0.0,31.4,49.0
2026-06-22 21:00:00+00:00,0.0,0.0,30.9,51.0
2026-06-22 22:00:00+00:00,0.0,0.0,30.6,52.0
2026-06-22 23:00:00+00:00,0.0,0.0,30.3,52.0
2026-06-23 00:00:00+00:00,21.5,0.0,30.6,56.0
2026-06-23 01:00:00+00:00,112.0,0.0,31.1,51.0
2026-06-23 02:00:00+00:00,272.0,0.0,32.3,46.0
2026-06-23 03:00:00+00:00,455.0,0.0,33.7,41.0
2026-06-23 04:00:00+00:00,626.0,0.0,35.3,37.0
2026-06-23 05:00:00+00:00,754.0,7.0,36.6,33.0
2026-06-23 06:00:00+00:00,814.0,25.0,38.7,28.0
2026-06-23 07:00:00+00:00,717.5,88.0,37.7,27.0
2026-06-23 08:00:00+00:00,632.0,14.0,36.8,30.0
2026-06-23 09:00:00+00:00,604.0,48.0,36.1,32.0
2026-06-23 10:00:00+00:00,469.0,100.0,36.2,34.0
2026-06-23 11:00:00+00:00,253.5,100.0,35.9,34.0
2026-06-23 12:00:00+00:00,90.5,95.0,32.6,44.0
2026-06-23 13:00:00+00:00,39.5,77.0,33.4,41.0
2026-06-23 14:00:00+00:00,10.5,27.0,32.9,43.0
2026-06-23 15:00:00+00:00,0.0,2.0,32.6,45.0
2026-06-23 16:00:00+00:00,0.0,1.0,32.1,48.0
2026-06-23 17:00:00+00:00,0.0,1.0,31.4,53.0
2026-06-23 18:00:00+00:00,0.0,37.0,31.2,54.0
2026-06-23 19:00:00+00:00,0.0,0.0,30.5,56.0
2026-06-23 20:00:00+00:00,0.0,37.0,30.1,57.0
2026-06-23 21:00:00+00:00,0.0,45.0,29.6,59.0
2026-06-23 22:00:00+00:00,0.0,0.0,29.2,59.0
2026-06-23 23:00:00+00:00,0.0,8.0,28.9,62.0
2026-06-24 00:00:00+00:00,20.5,24.0,29.1,62.0
2026-06-24 01:00:00+00:00,104.5,1.0,29.0,61.0
2026-06-24 02:00:00+00:00,264.5,3.0,30.2,56.0
2026-06-24 03:00:00+00:00,441.0,12.0,32.9,43.0
2026-06-24 04:00:00+00:00,547.0,34.0,34.7,37.0
2026-06-24 05:00:00+00:00,626.0,31.0,35.7,35.0
2026-06-24 06:00:00+00:00,574.0,93.0,36.5,33.0
2026-06-24 07:00:00+00:00,470.0,100.0,35.6,34.0
2026-06-24 08:00:00+00:00,633.0,10.0,35.7,33.0
2026-06-24 09:00:00+00:00,735.0,2.0,37.6,29.0
2026-06-24 10:00:00+00:00,591.0,2.0,38.0,28.0
2026-06-24 11:00:00+00:00,406.0,28.0,38.1,26.0
2026-06-24 12:00:00+00:00,189.0,95.0,28.6,68.0
2026-06-24 13:00:00+00:00,46.0,59.0,29.4,55.0
2026-06-24 14:00:00+00:00,9.5,15.0,31.4,50.0
2026-06-24 15:00:00+00:00,0.0,30.0,32.1,46.0
2026-06-24 16:00:00+00:00,0.0,34.0,32.2,49.0
2026-06-24 17:00:00+00:00,0.0,63.0,32.4,48.0
2026-06-24 18:00:00+00:00,0.0,9.0,32.8,46.0
2026-06-24 19:00:00+00:00,0.0,19.0,32.0,50.0
2026-06-24 20:00:00+00:00,0.0,1.0,31.8,51.0
2026-06-24 21:00:00+00:00,0.0,1.0,31.7,53.0
2026-06-24 22:00:00+00:00,0.0,0.0,31.5,56.0
2026-06-24 23:00:00+00:00,0.0,0.0,31.0,58.0
2026-06-25 00:00:00+00:00,18.5,33.0,30.4,57.0
2026-06-25 01:00:00+00:00,102.0,42.0,30.5,58.0
2026-06-25 02:00:00+00:00,187.0,63.0,30.3,59.0
2026-06-25 03:00:00+00:00,289.0,100.0,30.2,58.0
2026-06-25 04:00:00+00:00,470.5,45.0,32.2,52.0
2026-06-25 05:00:00+00:00,662.5,25.0,34.4,42.0
2026-06-25 06:00:00+00:00,787.0,9.0,36.9,33.0
2026-06-25 07:00:00+00:00,837.5,3.0,37.5,32.0
2026-06-25 08:00:00+00:00,824.0,10.0,38.5,31.0
2026-06-25 09:00:00+00:00,729.5,28.0,38.9,30.0
2026-06-25 10:00:00+00:00,566.0,24.0,39.0,30.0
2026-06-25 11:00:00+00:00,370.5,38.0,38.6,30.0
2026-06-25 12:00:00+00:00,207.5,6.0,37.4,35.0
2026-06-25 13:00:00+00:00,81.5,2.0,37.3,34.0
2026-06-25 14:00:00+00:00,12.0,16.0,37.2,34.0
2026-06-25 15:00:00+00:00,0.0,22.0,36.6,35.0
2026-06-25 16:00:00+00:00,0.0,12.0,35.6,41.0
2026-06-25 17:00:00+00:00,0.0,11.0,34.8,45.0
2026-06-25 18:00:00+00:00,0.0,56.0,33.5,45.0
2026-06-25 19:00:00+00:00,0.0,21.0,33.0,46.0
2026-06-25 20:00:00+00:00,0.0,16.0,32.9,48.0
2026-06-25 21:00:00+00:00,0.0,14.0,32.4,50.0
2026-06-25 22:00:00+00:00,0.0,9.0,32.1,52.0
2026-06-25 23:00:00+00:00,0.0,6.0,31.3,54.0
2026-06-26 00:00:00+00:00,19.0,21.0,29.8,67.0
2026-06-26 01:00:00+00:00,97.0,61.0,30.3,65.0
2026-06-26 02:00:00+00:00,246.5,13.0,31.8,59.0
2026-06-26 03:00:00+00:00,427.5,23.0,34.0,50.0
2026-06-26 04:00:00+00:00,601.5,7.0,35.9,42.0
2026-06-26 05:00:00+00:00,743.5,2.0,37.6,38.0
2026-06-26 06:00:00+00:00,810.0,8.0,39.4,33.0
2026-06-26 07:00:00+00:00,820.5,27.0,39.9,31.0
2026-06-26 08:00:00+00:00,771.0,37.0,40.5,29.0
2026-06-26 09:00:00+00:00,645.0,100.0,40.7,29.0
2026-06-26 10:00:00+00:00,483.5,78.0,40.7,28.0
2026-06-26 11:00:00+00:00,333.5,70.0,37.6,35.0
2026-06-26 12:00:00+00:00,191.5,66.0,30.7,71.0
2026-06-26 13:00:00+00:00,67.0,20.0,35.4,39.0
2026-06-26 14:00:00+00:00,11.0,38.0,35.4,38.0
2026-06-26 15:00:00+00:00,0.0,10.0,35.4,39.0
2026-06-26 16:00:00+00:00,0.0,2.0,35.2,39.0
2026-06-26 17:00:00+00:00,0.0,7.0,35.0,40.0
2026-06-26 18:00:00+00:00,0.0,4.0,34.3,45.0
2026-06-26 19:00:00+00:00,0.0,2.0,33.6,48.0
2026-06-26 20:00:00+00:00,0.0,4.0,33.4,49.0
2026-06-26 21:00:00+00:00,0.0,3.0,33.1,50.0
2026-06-26 22:00:00+00:00,0.0,2.0,32.4,53.0
2026-06-26 23:00:00+00:00,0.0,2.0,31.7,58.0
2026-06-27 00:00:00+00:00,19.5,33.0,26.8,87.0
2026-06-27 01:00:00+00:00,101.5,7.0,27.5,86.0
2026-06-27 02:00:00+00:00,258.5,1.0,30.4,68.0
2026-06-27 03:00:00+00:00,445.0,1.0,33.6,53.0
2026-06-27 04:00:00+00:00,616.0,2.0,36.2,42.0
2026-06-27 05:00:00+00:00,749.5,2.0,38.2,35.0
2026-06-27 06:00:00+00:00,801.5,16.0,39.6,32.0
2026-06-27 07:00:00+00:00,789.0,23.0,38.9,34.0
2026-06-27 08:00:00+00:00,767.5,51.0,39.4,33.0
2026-06-27 09:00:00+00:00,708.0,21.0,39.8,31.0
2026-06-27 10:00:00+00:00,577.5,16.0,40.1,30.0
2026-06-27 11:00:00+00:00,403.0,25.0,39.7,30.0
2026-06-27 12:00:00+00:00,222.0,41.0,37.2,37.0
2026-06-27 13:00:00+00:00,78.0,25.0,38.5,33.0
2026-06-27 14:00:00+00:00,11.5,34.0,37.7,35.0
2026-06-27 15:00:00+00:00,0.0,23.0,37.0,37.0
2026-06-27 16:00:00+00:00,0.0,9.0,36.3,40.0
2026-06-27 17:00:00+00:00,0.0,7.0,35.5,44.0
2026-06-27 18:00:00+00:00,0.0,34.0,34.8,50.0
2026-06-27 19:00:00+00:00,0.0,53.0,34.6,53.0
2026-06-27 20:00:00+00:00,0.0,43.0,33.6,55.0
2026-06-27 21:00:00+00:00,0.0,54.0,32.0,59.0
2026-06-27 22:00:00+00:00,0.0,5.0,32.0,54.0
2026-06-27 23:00:00+00:00,0.0,13.0,31.8,55.0
2026-06-28 00:00:00+00:00,19.0,35.0,29.5,72.0
2026-06-28 01:00:00+00:00,102.5,17.0,31.1,66.0
2026-06-28 02:00:00+00:00,256.5,7.0,33.6,51.0
2026-06-28 03:00:00+00:00,436.0,5.0,35.1,46.0
2026-06-28 04:00:00+00:00,602.0,5.0,36.7,43.0
2026-06-28 05:00:00+00:00,731.0,8.0,38.6,38.0
2026-06-28 06:00:00+00:00,803.0,16.0,40.4,32.0
2026-06-28 07:00:00+00:00,825.0,18.0,41.5,29.0
2026-06-28 08:00:00+00:00,796.5,41.0,41.9,28.0
2026-06-28 09:00:00+00:00,702.5,44.0,41.9,29.0
2026-06-28 10:00:00+00:00,561.0,30.0,41.8,28.0
2026-06-28 11:00:00+00:00,390.5,35.0,41.0,29.0
2026-06-28 12:00:00+00:00,216.5,13.0,40.0,30.0
2026-06-28 13:00:00+00:00,79.0,5.0,38.8,33.0
2026-06-28 14:00:00+00:00,12.0,4.0,37.8,37.0
2026-06-28 15:00:00+00:00,0.0,2.0,37.4,38.0
2026-06-28 16:00:00+00:00,0.0,1.0,37.1,39.0
2026-06-28 17:00:00+00:00,0.0,1.0,36.6,41.0
2026-06-28 18:00:00+00:00,0.0,6.0,35.5,50.0
2026-06-28 19:00:00+00:00,0.0,2.0,35.3,49.0
2026-06-28 20:00:00+00:00,0.0,0.0,34.5,53.0
2026-06-28 21:00:00+00:00,0.0,5.0,33.7,55.0
2026-06-28 22:00:00+00:00,0.0,2.0,33.0,58.0
2026-06-28 23:00:00+00:00,0.0,3.0,32.5,57.0
2026-06-29 00:00:00+00:00,19.5,9.0,32.5,57.0
2026-06-29 01:00:00+00:00,99.0,34.0,32.1,58.0
2026-06-29 02:00:00+00:00,251.5,5.0,33.4,51.0
2026-06-29 03:00:00+00:00,438.0,2.0,35.6,44.0
2026-06-29 04:00:00+00:00,592.0,25.0,37.2,38.0
2026-06-29 05:00:00+00:00,718.5,10.0,38.3,35.0
2026-06-29 06:00:00+00:00,794.0,26.0,39.6,33.0
2026-06-29 07:00:00+00:00,809.0,5.0,40.4,30.0
2026-06-29 08:00:00+00:00,794.5,5.0,41.2,29.0
2026-06-29 09:00:00+00:00,699.0,20.0,41.7,29.0
2026-06-29 10:00:00+00:00,499.5,63.0,40.1,31.0
2026-06-29 11:00:00+00:00,325.5,34.0,40.0,32.0
2026-06-29 12:00:00+00:00,202.5,35.0,41.5,26.0
2026-06-29 13:00:00+00:00,76.5,23.0,40.6,26.0
2026-06-29 14:00:00+00:00,12.0,9.0,39.6,28.0
2026-06-29 15:00:00+00:00,0.0,27.0,38.7,30.0
2026-06-29 16:00:00+00:00,0.0,2.0,37.5,35.0
2026-06-29 17:00:00+00:00,0.0,1.0,36.4,40.0
2026-06-29 18:00:00+00:00,0.0,10.0,35.9,45.0
2026-06-29 19:00:00+00:00,0.0,74.0,34.2,50.0
2026-06-29 20:00:00+00:00,0.0,97.0,28.9,78.0
2026-06-29 21:00:00+00:00,0.0,7.0,30.3,67.0
2026-06-29 22:00:00+00:00,0.0,19.0,31.0,66.0
2026-06-29 23:00:00+00:00,,23.0,31.7,60.0
